old_form	qualified	kind	uses	files	defined_in	family	verdict	new_form	lint_on_in_phase	gone_in_phase	convert_by	in_section_17
act_message	/proc/act_message	proc	2473	731	modules/messages/act_message.dm	Domain APIs: body, damage, heat, sound, combat AI (sections 13 and 14)	kept	act_message() for feedback outside a trigger (kept, section 13)	n/a	n/a	none	yes
UI_ACT	UI_ACT	macro()	2361	366	__defines/sys_ui.dm	Look, UI, topics, verbs, prompts (section 13)	replaced	"op(""key"", ui_act(""name"", arg(name, num(...))), parts...): a ui_act() binding, so a click and the button are one op; each UI op keeps its old action name, so the TSX does not change"	2	3	skeleton codemod (agent finishes)	yes
UI_ACT_PROC	UI_ACT_PROC	macro()	2263	349	__defines/sys_ui.dm	Look, UI, topics, verbs, prompts (section 13)	replaced	the op's then(PROC_REF(x)); x(datum/act/A, arg1, arg2) receives the declared args as typed parameters named after the arg() declarations	2	3	skeleton codemod (agent finishes)	yes
rel_set	/proc/rel_set	proc	1959	841	datums/ownership/views.dm	Relations, ownership, lifecycle, registries (section 6)	kept	the one write verb set (section 6); each dispatches on the declared kind, so it also writes owned and copy-on-write vars	n/a	n/a	none	yes
play_sfx	/proc/play_sfx	proc	1732	631	game/sound_sets.dm	Domain APIs: body, damage, heat, sound, combat AI (sections 13 and 14)	kept	sound sets and pooled sparks (kept, section 13): play_sfx(atom, SFX_ID)	n/a	n/a	none	yes
own_add	/proc/own_add	proc	1468	292	datums/ownership/own.dm	Relations, ownership, lifecycle, registries (section 6)	replaced	rel_add(src, nameof(v), value, ...)	1 (E1)	3	codemod	yes
MSG_OTHERS	MSG_OTHERS	macro()	1375	475	__defines/messages.dm	Look, UI, topics, verbs, prompts (section 13)	kept	message types used by says() (kept)	n/a	n/a	none	yes
om_after	/proc/om_after	proc	1310	570	datums/om/timer.dm	Timers, periodic work, tasks, cooldowns (section 3)	replaced	after(owner, delay, then(PROC_REF(x)), with = list(...)); the handler is x(datum/act/A) and reads the payload from A.args [choose: a timer that restores state is hold(..., lasts =); one that re-arms itself is every(); a rate limit is COOLDOWN_*; anything else is after()]	1 (E6)	3	codemod	yes
own_set	/proc/own_set	proc	1281	576	datums/ownership/own.dm	Relations, ownership, lifecycle, registries (section 6)	replaced	rel_set(src, nameof(v), value); a call that passed into = or slot = was placing an atom, which is a slot() written with move_into(holder, slot_id, item, actor =)	1 (E1)	3	codemod	yes
TYPE_TABLE	TYPE_TABLE	macro()	1145	303	__defines/sys_tables.dm	Declarations, init, loot, caches, map resolvers (section 6)	kept	per-type and global constant tables (kept, section 6)	n/a	n/a	none	yes
MSG_SELF	MSG_SELF	macro()	1126	396	__defines/messages.dm	Look, UI, topics, verbs, prompts (section 13)	kept	message types used by says() (kept)	n/a	n/a	none	yes
rel_clear	/proc/rel_clear	proc	980	467	datums/ownership/views.dm	Relations, ownership, lifecycle, registries (section 6)	kept	the one write verb set (section 6); each dispatches on the declared kind, so it also writes owned and copy-on-write vars	n/a	n/a	none	yes
om_ask	om_ask	macro()	980	356	__defines/om.dm	Look, UI, topics, verbs, prompts (section 13)	replaced	request(owner, /datum/request/x, then(PROC_REF(done)), valid = PROC_REF(ok), answerer = M, field = v...): a workflow step; done(datum/act/A) reads the typed answer from A.answer and the outcome from A.request.outcome [choose: the asker is an op (a player doing a thing) is asks() in its Wait; code asking a player (a vote, a ghost role) is request()]	2	3	codemod	yes
SOUND_SET	SOUND_SET	macro()	925	1	__defines/sfx.dm	Look, UI, topics, verbs, prompts (section 13)	kept	sound sets (kept); played with play_sfx(atom, SFX_ID)	n/a	n/a	none	yes
QDELETED	QDELETED	macro()	837	423	__defines/qdel.dm	Relations, ownership, lifecycle, registries (section 6)	kept	qdel state reads (kept, section 6)	n/a	n/a	none	yes
injure	/proc/injure	proc	794	272	modules/body/injury.dm	Domain APIs: body, damage, heat, sound, combat AI (sections 13 and 14)	kept	the body API stays (domain API, section 14): injure(), mend(), fully_heal(), vitality(), is_critical(), injury_load(), factor(); factors are STAT_* reads	n/a	n/a	none	yes
REGISTRY_MEMBERS	REGISTRY_MEMBERS	macro()	789	365	__defines/registries.dm	Relations, ownership, lifecycle, registries (section 6)	replaced	members_of(REGISTRY_X)	1 (E1)	3	codemod	yes
status_at_least	/datum/proc/status_at_least	hook	645	236	datums/om/status.dm	Tracked vars, stats, holds, grants, statuses, traits (sections 4 and 5)	renamed	status_at_least(M, STATUS_X, units, source = SRC_STATUS): a timed hold on the status stat; EFFECT_X ids become STATUS_X [choose: the one stun form: never hold the raw stat for a stun, so immunity, units and re-apply rules apply]	1 (E3)	3	codemod	yes
DECLARE_REAGENTS	DECLARE_REAGENTS	macro()	642	65	__defines/lifecycle_decl.dm	Declarations, init, loot, caches, map resolvers (section 6)	replaced	reagents(volume, starts =); subtypes use configure(CAP_REAGENTS, add = ...)	1 (E1)	3	codemod	yes
EXTEND_INTERACTIONS	EXTEND_INTERACTIONS	macro()	610	396	__defines/interactions.dm	Ops, input parts, requirements, tools (sections 8 and 9)	replaced	CAPABILITIES(T, op(...), ...) on the subtype	2	3	skeleton codemod (agent finishes)	yes
UI_ARG_TEXT	UI_ARG_TEXT	macro()	498	168	__defines/sys_ui.dm	Look, UI, topics, verbs, prompts (section 13)	replaced	arg(name, text(max_len, sanitize =))	2	3	skeleton codemod (agent finishes)	yes
DECLARE_APPEARANCE_PROC	DECLARE_APPEARANCE_PROC	macro()	491	382	__defines/sys_appearance.dm	Look, UI, topics, verbs, prompts (section 13)	replaced	draw(look) output: reads generated, runs once per frame after a read changed	2	3	codemod	yes
UI_ARG_NUM	UI_ARG_NUM	macro()	489	173	__defines/sys_ui.dm	Look, UI, topics, verbs, prompts (section 13)	replaced	arg(name, num(min, max))	2	3	skeleton codemod (agent finishes)	yes
consume	/proc/consume	proc	475	257	datums/lifecycle/verbs.dm	Relations, ownership, lifecycle, registries (section 6)	kept	consume(item, actor): the lifecycle verb for deleting a used-up thing (kept, section 6)	n/a	n/a	none	yes
mend	/proc/mend	proc	466	148	modules/body/body.dm	Domain APIs: body, damage, heat, sound, combat AI (sections 13 and 14)	kept	the body API stays (domain API, section 14): injure(), mend(), fully_heal(), vitality(), is_critical(), injury_load(), factor(); factors are STAT_* reads	n/a	n/a	none	yes
DECLARE_INTERACTIONS	DECLARE_INTERACTIONS	macro()	461	351	__defines/interactions.dm	Ops, input parts, requirements, tools (sections 8 and 9)	replaced	"CAPABILITIES(T, op(""key"", label(""Name""), ...), ...); entries accumulate down the type tree, so an old replacing declaration adds without(""key"") for each inherited op it replaced"	2	3	skeleton codemod (agent finishes)	yes
rel_add	/proc/rel_add	proc	460	249	datums/ownership/views.dm	Relations, ownership, lifecycle, registries (section 6)	kept	the one write verb set (section 6); each dispatches on the declared kind, so it also writes owned and copy-on-write vars	n/a	n/a	none	yes
rerun_ask	rerun_ask	macro()	455	206	__defines/om.dm	Look, UI, topics, verbs, prompts (section 13)	replaced	asks(/datum/prompt/<kind>/x, field = v...) in the op's Wait: a workflow step. The handler becomes the op, the code after the question becomes the effect parts after the last asks() (an effect written before an asks() is a build error), the op's when and needs re-run on the answer (the old re-run is built in), and the fields it reads are captured when it first suspends (a field arg of an asks() captures it; a confirm-only op lists it in captures(nameof(v))), read in a handler as A.captured() [choose: a handler called from code with no op to become uses request() and moves the code after the question into its then() handler]	2	3	codemod	yes
INTERACT_ITEM	INTERACT_ITEM	macro()	451	359	__defines/interactions.dm	Ops, input parts, requirements, tools (sections 8 and 9)	replaced	"op(""key"", label(""Name""), item(/obj/item), needs(req...), then(PROC_REF(x))); x(datum/act/A) reads A.actor and A.held [choose: an effect that returned FALSE to fall through becomes a when(req...) (silently not a candidate) or a passes() part]"	2	3	skeleton codemod (agent finishes)	yes
COOLDOWN_START	COOLDOWN_START	macro()	429	248	__defines/cooldowns.dm	Timers, periodic work, tasks, cooldowns (section 3)	kept	rate limits: kept (section 3); COOLDOWN_KEYED_DECLARE / _START / _FINISHED for dynamic keys	n/a	n/a	none	yes
om_task_timed	/proc/om_task_timed	proc	424	248	datums/om/timed_action.dm	Timers, periodic work, tasks, cooldowns (section 3)	replaced	an op with a wait(t) part (a player's timed action); AI and scripts call perform_op() [choose: a timed action an actor does is an op with wait(); a delay the code needs (a door closing) is after()]	1 (E2)	6	wave	yes
contents_of	/proc/contents_of	proc	409	252	datums/containment/spatial.dm	Relations, ownership, lifecycle, registries (section 6)	kept	spatial reads over the containment ledger (kept, section 6); raw contents and loc scans stay banned	n/a	n/a	none	yes
SStgui	SStgui	var	402	146	subsystem accessor	Kernel, systems, input, IO (sections 2 and 3)	kept	the SSx accessor of a system, or system(/datum/system/x) (section 2)	n/a	n/a	none	yes
COOLDOWN_FINISHED	COOLDOWN_FINISHED	macro()	381	242	__defines/cooldowns.dm	Timers, periodic work, tasks, cooldowns (section 3)	kept	rate limits: kept (section 3); COOLDOWN_KEYED_DECLARE / _START / _FINISHED for dynamic keys	n/a	n/a	none	yes
INTERACT_USE	INTERACT_USE	macro()	376	264	__defines/interactions.dm	Ops, input parts, requirements, tools (sections 8 and 9)	replaced	"op(""key"", label(""Name""), in_hand(), then(PROC_REF(x))): the held item used on itself; an effect that fell through on FALSE adds passes()"	2	3	skeleton codemod (agent finishes)	yes
own_take	/proc/own_take	proc	368	205	datums/ownership/own.dm	Relations, ownership, lifecycle, registries (section 6)	replaced	rel_take(src, nameof(v)): detaches and returns the value, now unowned	1 (E1)	3	codemod	yes
DECLARE_UI	DECLARE_UI	macro()	333	304	__defines/sys_ui.dm	Look, UI, topics, verbs, prompts (section 13)	replaced	interface(window, title =, rights =, host =, input = hand()): declaring it adds the open op, bound to the input and to remote()	2	3	skeleton codemod (agent finishes)	yes
LOOT_SUB	LOOT_SUB	macro()	331	3	__defines/loot.dm	Declarations, init, loot, caches, map resolvers (section 6)	kept	loot tables (kept, section 6)	n/a	n/a	none	yes
slot_item	/atom/proc/slot_item	hook	312	68	datums/containment/api.dm	Relations, ownership, lifecycle, registries (section 6)	kept	slot and latent reads (kept, section 6)	n/a	n/a	none	yes
operable	/proc/operable	proc	311	166	game/machinery/machinery_fields.dm	Tracked vars, stats, holds, grants, statuses, traits (sections 4 and 5)	replaced	read the operable stat var (M.operable, no parentheses); a call with additional_flags reads the extra condition it named	1 (E3)	4	machine track (4)	yes
DECLARE_LOOT	DECLARE_LOOT	macro()	306	39	__defines/loot.dm	Declarations, init, loot, caches, map resolvers (section 6)	kept	loot tables (kept, section 6)	n/a	n/a	none	yes
LOOT_SET	LOOT_SET	macro()	304	5	__defines/loot.dm	Declarations, init, loot, caches, map resolvers (section 6)	kept	loot tables (kept, section 6)	n/a	n/a	none	yes
has_status	/datum/proc/has_status	hook	303	96	datums/om/status.dm	Tracked vars, stats, holds, grants, statuses, traits (sections 4 and 5)	kept	has_status(M, STATUS_X) (reads the stat)	n/a	n/a	none	yes
EXPIRY_STAMP	EXPIRY_STAMP	macro()	301	177	__defines/sys_expiry.dm	Timers, periodic work, tasks, cooldowns (section 3)	replaced	STAMP(v)	1 (E6)	3	codemod	yes
HOLD_ONLY	HOLD_ONLY	macro()	299	83	__defines/constraints.dm	Ops, input parts, requirements, tools (sections 8 and 9)	replaced	the slot's accepts = list(types)	2	3	codemod	yes
REQ_ON	REQ_ON	macro()	296	127	__defines/predicates.dm	Ops, input parts, requirements, tools (sections 8 and 9)	replaced	req(PROC_REF(x), because = MSG(y)): the proc becomes x(datum/act/A) returning TRUE or FALSE (the subject is A.actor, A.target or A.held) [choose: the old reason string becomes the MSG(y) type; a reason that depends on state is because = PROC_REF(reason_proc)]	1 (E2)	3	codemod	yes
INTERACT_VERB	INTERACT_VERB	macro()	292	147	__defines/interactions.dm	Ops, input parts, requirements, tools (sections 8 and 9)	replaced	"op(""key"", label(""Name""), menu(), ...); a mob ability adds menu(button = ICON_STATE, bind = ""key"")"	2	3	skeleton codemod (agent finishes)	yes
UI_DATA_REPLACE	UI_DATA_REPLACE	macro()	285	263	__defines/sys_ui.dm	Look, UI, topics, verbs, prompts (section 13)	replaced	ui_data(datum/act/A) output plus the declared ui_shape(...), whose fields take schemas (X5); the TypeScript types are generated from them	2	3	skeleton codemod (agent finishes)	yes
buckled_to	/mob/proc/buckled_to	hook	273	118	datums/om/relation.dm	Relations, ownership, lifecycle, registries (section 6)	replaced	a plain read of the declared relation var of the same name, without the parentheses (for example M.buckled_to); the pair is declared once with link(/mob::buckled_to, /atom/movable::buckled_mob_list)	1 (E1)	3	codemod	yes
LOOT_TABLE	LOOT_TABLE	macro()	272	39	__defines/loot.dm	Declarations, init, loot, caches, map resolvers (section 6)	kept	loot tables (kept, section 6)	n/a	n/a	none	yes
DECLARE_DEFAULT_CHILD	DECLARE_DEFAULT_CHILD	macro()	270	172	__defines/lifecycle_decl.dm	Declarations, init, loot, caches, map resolvers (section 6)	replaced	owns_one(nameof(v), type, starts = T)	1 (E1)	3	codemod	yes
rel_remove	/proc/rel_remove	proc	265	152	datums/ownership/views.dm	Relations, ownership, lifecycle, registries (section 6)	kept	the one write verb set (section 6); each dispatches on the declared kind, so it also writes owned and copy-on-write vars	n/a	n/a	none	yes
ADMIN_VERB	ADMIN_VERB	macro()	265	83	__defines/admin_verb.dm	Look, UI, topics, verbs, prompts (section 13)	kept	admin commands (kept, section 13)	n/a	n/a	none	yes
TOPIC_ACTION	TOPIC_ACTION	macro()	264	56	__defines/topic.dm	Look, UI, topics, verbs, prompts (section 13)	replaced	"op(""key"", topic(""key"", arg(name, num(...))), parts...)"	2	3	skeleton codemod (agent finishes)	yes
SSticker	SSticker	var	261	72	subsystem accessor	Kernel, systems, input, IO (sections 2 and 3)	kept	the SSx accessor of a system, or system(/datum/system/x) (section 2)	n/a	n/a	none	yes
return_temperature	/proc/return_temperature	proc	258	88	ATMOSPHERICS/gasmixtures/gas_mixture.dm	Domain APIs: body, damage, heat, sound, combat AI (sections 13 and 14)	kept	the gas mixture handle and heat API stay (domain API, section 14)	n/a	n/a	none	yes
act_ask	act_ask	macro()	257	68	__defines/om.dm	Look, UI, topics, verbs, prompts (section 13)	replaced	asks(/datum/prompt/<kind>/x, field = v...) in the op's Wait: a workflow step. The handler becomes the op, the code after the question becomes the effect parts after the last asks() (an effect written before an asks() is a build error), the op's when and needs re-run on the answer (the old re-run is built in), and the fields it reads are captured when it first suspends (a field arg of an asks() captures it; a confirm-only op lists it in captures(nameof(v))), read in a handler as A.captured() [choose: a handler called from code with no op to become uses request() and moves the code after the question into its then() handler]	2	3	codemod	yes
verb_ask	verb_ask	macro()	254	47	__defines/om.dm	Look, UI, topics, verbs, prompts (section 13)	replaced	request(admin, /datum/request/x, then(PROC_REF(done)), field = v...): admin verb bodies and client procs are not ops, so the code after the question moves into done(datum/act/A)	2	3	codemod	yes
status_adjust	/datum/proc/status_adjust	hook	253	84	datums/om/status.dm	Tracked vars, stats, holds, grants, statuses, traits (sections 4 and 5)	renamed	status_adjust(M, STATUS_X, units): adjusts that source's hold (negative shortens)	1 (E3)	3	codemod	yes
incapacitated	/proc/incapacitated	proc	250	143	modules/mob/mob.dm	Tracked vars, stats, holds, grants, statuses, traits (sections 4 and 5)	replaced	req_capable(ignoring = ...) on the op (the actor gate); a read outside an op is !M.can_act; the INCAPACITATION_* flags become ignoring = values	1 (E2)	3	codemod	yes
TYPE_TABLE_GET	TYPE_TABLE_GET	macro()	240	107	__defines/sys_tables.dm	Declarations, init, loot, caches, map resolvers (section 6)	kept	per-type and global constant tables (kept, section 6)	n/a	n/a	none	yes
EXPIRY_DECLARE	EXPIRY_DECLARE	macro()	236	171	__defines/sys_expiry.dm	Tracked vars, stats, holds, grants, statuses, traits (sections 4 and 5)	replaced	a stat with timed holds (hold(..., lasts =)) or a STAMP(v) var [choose: something reacts when it ends (a light, a UI, a hook) is a timed hold; a read-only age is STAMP]	1 (E3)	3	codemod	yes
locate_within	/proc/locate_within	proc	230	141	datums/containment/spatial.dm	Relations, ownership, lifecycle, registries (section 6)	kept	spatial reads over the containment ledger (kept, section 6); raw contents and loc scans stay banned	n/a	n/a	none	yes
own_clear	/proc/own_clear	proc	229	154	datums/ownership/own.dm	Relations, ownership, lifecycle, registries (section 6)	replaced	rel_clear(src, nameof(v)): disposes of everything the var owns, by the declared on_destroy	1 (E1)	3	codemod	yes
locate_in_list	/proc/locate_in_list	proc	227	119	datums/containment/spatial.dm	Relations, ownership, lifecycle, registries (section 6)	kept	spatial reads over the containment ledger (kept, section 6); raw contents and loc scans stay banned	n/a	n/a	none	yes
fx_sparks	/proc/fx_sparks	proc	220	145	game/objects/effects/effect_system.dm	Domain APIs: body, damage, heat, sound, combat AI (sections 13 and 14)	kept	sound sets and pooled sparks (kept, section 13): fx_sparks(atom, amount)	n/a	n/a	none	yes
om_hook	/proc/om_hook	proc	218	118	datums/om/hooks.dm	Hooks, notices, damage reactions (sections 10 and 14)	replaced	on_notice(/datum/notice/x, then(PROC_REF(h))) in the type's CAPABILITIES, or observe(source, /datum/notice/x, listener, then(PROC_REF(h))) at runtime; om_event_map.json gives each old event type its notice [choose: the type always reacts is on_notice; one entity listens to another only for a while is observe/unobserve; the handler is h(datum/act/A)]	1 (E4)	3	codemod	yes
turf_contents_of_type	/proc/turf_contents_of_type	proc	213	116	datums/containment/spatial.dm	Relations, ownership, lifecycle, registries (section 6)	kept	spatial reads over the containment ledger (kept, section 6); raw contents and loc scans stay banned	n/a	n/a	none	yes
owns	/proc/owns	proc	208	157	datums/ownership/table.dm	Relations, ownership, lifecycle, registries (section 6)	replaced	owns_one(nameof(v), type, starts =, on_destroy = DELETE | SPILL | PRIVATE_COPY, copy_on_write =) / owns_many(...)	1 (E1)	3	codemod	yes
set_use_power	/proc/set_use_power	proc	208	76	game/machinery/machinery_power.dm	Tracked vars, stats, holds, grants, statuses, traits (sections 4 and 5)	replaced	the power_draw stat: idle and active draw are contributions conditioned on the machine's state (contributes(STAT_POWER_DRAW, ...)), not a setter call	1 (E3)	4	machine track (4)	yes
COOLDOWN_DECLARE	COOLDOWN_DECLARE	macro()	202	165	__defines/cooldowns.dm	Timers, periodic work, tasks, cooldowns (section 3)	kept	rate limits: kept (section 3); COOLDOWN_KEYED_DECLARE / _START / _FINISHED for dynamic keys	n/a	n/a	none	yes
MSG_BLIND	MSG_BLIND	macro()	201	94	__defines/messages.dm	Look, UI, topics, verbs, prompts (section 13)	kept	message types used by says() (kept)	n/a	n/a	none	yes
om_task_start	om_task_start	macro()	198	128	__defines/om.dm	Timers, periodic work, tasks, cooldowns (section 3)	replaced	an op with a wait(t) part (a player's timed action); AI and scripts call perform_op() [choose: a timed action an actor does is an op with wait(); a delay the code needs (a door closing) is after()]	1 (E2)	6	wave	yes
perform	/datum/om/stage/proc/perform	hook	195	109	datums/om/pipeline.dm	Timers, periodic work, tasks, cooldowns (section 3)	replaced	a step proc on the mob type, declared with seq_step(PROC_REF(x), runs_after =, when =, should_run =); it takes (datum/act/A) and reads A.dt [choose: one step per old stage; idle() becomes should_run]	1 (E6)	5	Life track (5)	yes
UI_ARG_REF	UI_ARG_REF	macro()	195	73	__defines/sys_ui.dm	Look, UI, topics, verbs, prompts (section 13)	replaced	arg(name, ref(type)), naming the entity by token	2	3	skeleton codemod (agent finishes)	yes
REQ_TARGET_STATE	REQ_TARGET_STATE	macro()	192	118	__defines/predicates.dm	Ops, input parts, requirements, tools (sections 8 and 9)	replaced	"req(PROC_REF(x), because = MSG(y)): the proc was (actor, target, held) returning TRUE or the reason text; it becomes x(datum/act/A) returning TRUE or FALSE, with the text in because = (a return ""reason"" becomes return FALSE)"	1 (E2)	3	codemod	yes
APPEARANCE_TEMPLATE	APPEARANCE_TEMPLATE	macro()	189	141	__defines/sys_appearance.dm	Look, UI, topics, verbs, prompts (section 13)	replaced	look.variant(...) in draw(), or look_layer(name, when = cond) for a plain layer	2	3	codemod	yes
om_grant	/proc/om_grant	proc	187	75	datums/om/contribution.dm	Tracked vars, stats, holds, grants, statuses, traits (sections 4 and 5)	replaced	grant(E, what, source = SRC_X, lasts =): the source is a datum or an SRC_X; text is a build error	1 (E3)	3	codemod	yes
own_put	/proc/own_put	proc	178	72	datums/ownership/own.dm	Relations, ownership, lifecycle, registries (section 6)	replaced	rel_add(src, nameof(v), value, key = k) on an associative owns_many var (replacing a key disposes of the old value)	1 (E1)	3	codemod	yes
locate_on	/proc/locate_on	proc	177	81	datums/containment/spatial.dm	Relations, ownership, lifecycle, registries (section 6)	kept	spatial reads over the containment ledger (kept, section 6); raw contents and loc scans stay banned	n/a	n/a	none	yes
OM_EMIT	OM_EMIT	macro()	176	94	__defines/om.dm	Hooks, notices, damage reactions (sections 10 and 14)	replaced	PUBLISH(E, x, args...) with ACTION(x, ..., FIXED); a refusable event is ACT_TRY(E, x, args...) with extend(/datum/act/x, needs(...)); om_event_map.json gives each old event type its notice [choose: nothing can refuse it is PUBLISH; a handler used to veto it is ACT_TRY; no handler listens is deleted]	1 (E4)	3	codemod	yes
apply_body_effect	/proc/apply_body_effect	proc	175	99	modules/body/body_effects.dm	Tracked vars, stats, holds, grants, statuses, traits (sections 4 and 5)	kept	kept as named sugar over grant(M, /datum/capability/<body_effect>, source = origin, lasts = duration) (domain API, section 5)	n/a	n/a	none	yes
OM_FIELD	OM_FIELD	macro()	174	132	__defines/om.dm	Tracked vars, stats, holds, grants, statuses, traits (sections 4 and 5)	replaced	TRACKED(T, v) (a plain var whose setter publishes); STAT(T, v, RULE) when several things force the value [choose: something chose it (a setting, plain state) is TRACKED; a value composed from several sources is a STAT]	1 (E1)	3	codemod	yes
DAMAGE_REACTION	DAMAGE_REACTION	macro()	172	130	__defines/sys_damage_reactions.dm	Hooks, notices, damage reactions (sections 10 and 14)	replaced	extend(/datum/act/hit/<entry>, instead(then(PROC_REF(x)))) to stop a hit; extend(/datum/act/hit/<entry>, adjusts(field, by =, scale =)) to change it in flight; on_notice(/datum/notice/hit/<entry>, ...) to react after [choose: the hit must not land is instead; armour or an ablative shield changes it is adjusts; only a reaction after the hit is on_notice; DAMAGE_REACTION_BLOCK becomes instead]	1 (E4)	3	codemod	yes
SScontracts	SScontracts	var	172	33	subsystem accessor	Kernel, systems, input, IO (sections 2 and 3)	kept	the SSx accessor of a system, or system(/datum/system/x) (section 2)	n/a	n/a	none	yes
UI_SUBACT	UI_SUBACT	macro()	172	9	__defines/sys_ui.dm	Look, UI, topics, verbs, prompts (section 13)	replaced	"one op per sub-action, with a dotted name: ui_act(""tank.eject"")"	2	3	skeleton codemod (agent finishes)	yes
SSair	SSair	var	171	40	subsystem accessor	Kernel, systems, input, IO (sections 2 and 3)	kept	the SSx accessor of a system, or system(/datum/system/x) (section 2)	n/a	n/a	none	yes
UI_SUBACT_PROC	UI_SUBACT_PROC	macro()	171	8	__defines/sys_ui.dm	Look, UI, topics, verbs, prompts (section 13)	replaced	"one op per sub-action, with a dotted name: ui_act(""tank.eject"")"	2	3	skeleton codemod (agent finishes)	yes
status_set	/datum/proc/status_set	hook	170	64	datums/om/status.dm	Tracked vars, stats, holds, grants, statuses, traits (sections 4 and 5)	renamed	status_set(M, STATUS_X, units) (= hold_until: sets that source's hold to exactly this amount, so it can shorten)	1 (E3)	3	codemod	yes
SSjob	SSjob	var	166	54	subsystem accessor	Kernel, systems, input, IO (sections 2 and 3)	kept	the SSx accessor of a system, or system(/datum/system/x) (section 2)	n/a	n/a	none	yes
GLOB.supply_service	GLOB.supply_service	var	164	31	world service accessor	Kernel, systems, input, IO (sections 2 and 3)	replaced	system(/datum/system/<x>) (or its SS<x> name): the service GLOB.<x>_service becomes the system <x>	1S	1S	service port (1S)	yes
grab_target	/obj/item/grab/proc/grab_target	hook	158	53	datums/om/relation.dm	Relations, ownership, lifecycle, registries (section 6)	replaced	a plain read of the declared relation var of the same name, without the parentheses (for example M.buckled_to); the pair is declared once with link(/mob::buckled_to, /atom/movable::buckled_mob_list)	1 (E1)	3	codemod	yes
DECLARE_UI_STATE	DECLARE_UI_STATE	macro()	152	127	__defines/sys_ui.dm	Look, UI, topics, verbs, prompts (section 13)	replaced	interface(window, rights = R_X) and the window access requirement (range, conscious, rights), whose reads are generated	2	3	skeleton codemod (agent finishes)	yes
UI_ARG_VALUE	UI_ARG_VALUE	macro()	150	57	__defines/sys_ui.dm	Look, UI, topics, verbs, prompts (section 13)	replaced	arg(name, enum(list | PROC_REF)) or arg(name, num(...))	2	3	skeleton codemod (agent finishes)	yes
DECLARE_PERIODIC_WHILE	DECLARE_PERIODIC_WHILE	macro()	148	141	__defines/sys_periodic.dm	Timers, periodic work, tasks, cooldowns (section 3)	replaced	every(interval, then(PROC_REF(x)), when = nameof(field)) [choose: the field is a tracked var or a stat; the work parks while it is false and wakes when it publishes]	1 (E6)	3	codemod	yes
HOLD_MAX_SIZE	HOLD_MAX_SIZE	macro()	147	47	__defines/constraints.dm	Ops, input parts, requirements, tools (sections 8 and 9)	replaced	the slot's accepts = req_property_at_most(PROP_SIZE_CLASS, SIZE_CLASS(size))	2	3	codemod	yes
GLOB.emergency_shuttle_service	GLOB.emergency_shuttle_service	var	142	24	world service accessor	Kernel, systems, input, IO (sections 2 and 3)	replaced	system(/datum/system/<x>) (or its SS<x> name): the service GLOB.<x>_service becomes the system <x>	1S	1S	service port (1S)	yes
own_take_member	/proc/own_take_member	proc	140	90	datums/ownership/own.dm	Relations, ownership, lifecycle, registries (section 6)	replaced	rel_take(src, nameof(v), member = x)	1 (E1)	3	codemod	yes
rel_one	/proc/rel_one	proc	138	95	datums/ownership/table.dm	Relations, ownership, lifecycle, registries (section 6)	replaced	ref_one(nameof(v), type, on_other_deleted =, on_unlink =, by =) for a reference; owns_one(...) for an owned value; link(a::v, b::w) for a paired one [choose: the old kind picks the form: RELK_REF is ref_one, RELK_OWNED is owns_one, RELK_PAIRED is link]	1 (E1)	3	codemod	yes
TYPE_TABLE_DECLARE	TYPE_TABLE_DECLARE	macro()	138	88	__defines/sys_tables.dm	Declarations, init, loot, caches, map resolvers (section 6)	kept	per-type and global constant tables (kept, section 6)	n/a	n/a	none	yes
replace_with	/proc/replace_with	proc	136	100	datums/lifecycle/verbs.dm	Relations, ownership, lifecycle, registries (section 6)	kept	replace_with(new_type, args...): the lifecycle verb for swapping a thing for another, obj to turf included (kept, section 6)	n/a	n/a	none	yes
rel_many	/proc/rel_many	proc	133	99	datums/ownership/table.dm	Relations, ownership, lifecycle, registries (section 6)	replaced	ref_many(nameof(v), type, ...) for references; owns_many(...) for owned values; link(a::v, b::w) for a paired list	1 (E1)	3	codemod	yes
injury_load	/proc/injury_load	proc	126	56	modules/body/body.dm	Domain APIs: body, damage, heat, sound, combat AI (sections 13 and 14)	kept	the body API stays (domain API, section 14): injure(), mend(), fully_heal(), vitality(), is_critical(), injury_load(), factor(); factors are STAT_* reads	n/a	n/a	none	yes
vitality	/proc/vitality	proc	123	88	modules/body/injury.dm	Domain APIs: body, damage, heat, sound, combat AI (sections 13 and 14)	kept	the body API stays (domain API, section 14): injure(), mend(), fully_heal(), vitality(), is_critical(), injury_load(), factor(); factors are STAT_* reads	n/a	n/a	none	yes
slot_contents	/atom/proc/slot_contents	hook	121	36	datums/containment/api.dm	Relations, ownership, lifecycle, registries (section 6)	kept	slot and latent reads (kept, section 6)	n/a	n/a	none	yes
use_tool	/proc/use_tool	proc	121	79	datums/interactions/tools.dm	Ops, input parts, requirements, tools (sections 8 and 9)	replaced	an op with a tool(Q) input and a wait() (the tool profile supplies the wait and verbs)	2	3	skeleton codemod (agent finishes)	yes
INTERACT_HAND_UNGATED	INTERACT_HAND_UNGATED	macro()	121	108	__defines/interactions.dm	Ops, input parts, requirements, tools (sections 8 and 9)	replaced	"op(""key"", label(""Name""), hand(), then(PROC_REF(x))) with no control tag (it ran ahead of hand_gate())"	2	3	skeleton codemod (agent finishes)	yes
REGISTRY_MEMBERSHIP	REGISTRY_MEMBERSHIP	macro()	121	107	__defines/registries.dm	Relations, ownership, lifecycle, registries (section 6)	replaced	membership(joins = REGISTRY_X)	1 (E1)	3	codemod	yes
has_trait	/proc/has_trait	proc	120	62	_helpers/traits.dm	Tracked vars, stats, holds, grants, statuses, traits (sections 4 and 5)	kept	kept as named sugar: granted(E, granted_trait(TRAIT_X)) over the traits set stat (section 5)	n/a	n/a	none	yes
UI_DATA	UI_DATA	macro()	119	100	__defines/sys_ui.dm	Look, UI, topics, verbs, prompts (section 13)	replaced	ui_data(datum/act/A) output plus the declared ui_shape(...), whose fields take schemas (X5); the TypeScript types are generated from them	2	3	skeleton codemod (agent finishes)	yes
valid	/datum/om/prompt/proc/valid	hook	117	93	datums/om/ask.dm	Look, UI, topics, verbs, prompts (section 13)	renamed	the prompt kind's schema (type, range, sanitising) and its valid(datum/act/A) for what a schema cannot state [choose: world-state re-checks (still adjacent, still holding it) are needs(req...) on the asking op; valid() keeps only checks on the answer itself]	2	3	codemod	yes
contents_count	/proc/contents_count	proc	117	65	datums/containment/spatial.dm	Relations, ownership, lifecycle, registries (section 6)	kept	spatial reads over the containment ledger (kept, section 6); raw contents and loc scans stay banned	n/a	n/a	none	yes
SSshuttles	SSshuttles	var	112	30	subsystem accessor	Kernel, systems, input, IO (sections 2 and 3)	kept	the SSx accessor of a system, or system(/datum/system/x) (section 2)	n/a	n/a	none	yes
factor	/proc/factor	proc	109	50	modules/body/factors.dm	Domain APIs: body, damage, heat, sound, combat AI (sections 13 and 14)	kept	the body API stays (domain API, section 14): injure(), mend(), fully_heal(), vitality(), is_critical(), injury_load(), factor(); factors are STAT_* reads	n/a	n/a	none	yes
set_temperature	/proc/set_temperature	proc	109	53	ATMOSPHERICS/gasmixtures/gas_mixture.dm	Domain APIs: body, damage, heat, sound, combat AI (sections 13 and 14)	kept	the gas mixture handle and heat API stay (domain API, section 14)	n/a	n/a	none	yes
DECLARE_LOGIN_VERB	DECLARE_LOGIN_VERB	macro()	109	30	__defines/lifecycle_decl.dm	Look, UI, topics, verbs, prompts (section 13)	replaced	verb_entry(path, login = TRUE)	2	3	codemod	yes
SSdbcore	SSdbcore	var	109	27	subsystem accessor	Kernel, systems, input, IO (sections 2 and 3)	kept	the SSx accessor of a system, or system(/datum/system/x) (section 2)	n/a	n/a	none	yes
changed	/proc/changed	proc	108	75	datums/capabilities/refresh.dm	Tracked vars, stats, holds, grants, statuses, traits (sections 4 and 5)	deleted	setters, stats, relation writes and PUBLISH_CHANGE(E, key) publish; a manual call is a lint error	1 (E1)	3	delete	yes
om_unhook	/proc/om_unhook	proc	108	74	datums/om/hooks.dm	Hooks, notices, damage reactions (sections 10 and 14)	replaced	unobserve(source, /datum/notice/x, listener)	1 (E4)	3	codemod	yes
buckled_mob_list	/atom/movable/proc/buckled_mob_list	hook	105	44	datums/om/relation.dm	Relations, ownership, lifecycle, registries (section 6)	replaced	a plain read of the declared relation var of the same name, without the parentheses (for example M.buckled_to); the pair is declared once with link(/mob::buckled_to, /atom/movable::buckled_mob_list)	1 (E1)	3	codemod	yes
EXPIRY_SET	EXPIRY_SET	macro()	105	64	__defines/sys_expiry.dm	Tracked vars, stats, holds, grants, statuses, traits (sections 4 and 5)	replaced	hold(E, STAT_X, value, source = SRC_Y, lasts = t)	1 (E3)	3	codemod	yes
GLOB.radio_service	GLOB.radio_service	var	99	39	world service accessor	Kernel, systems, input, IO (sections 2 and 3)	replaced	system(/datum/system/<x>) (or its SS<x> name): the service GLOB.<x>_service becomes the system <x>	1S	1S	service port (1S)	yes
take_damage	/proc/take_damage	proc	98	66	game/atom/atom_defense.dm	Domain APIs: body, damage, heat, sound, combat AI (sections 13 and 14)	kept	the damage API stays (domain API, section 14): hits reach receive_damage() through the hit actions, objects take them through integrity	n/a	n/a	none	yes
PROMPT_ADMIN	PROMPT_ADMIN	macro()	98	35	__defines/om.dm	Look, UI, topics, verbs, prompts (section 13)	replaced	needs(req_rights(R_X)) on the asking op; from an ADMIN_VERB body the verb's rights gate it	2	3	codemod	yes
own_take_all	/proc/own_take_all	proc	97	51	datums/ownership/own.dm	Relations, ownership, lifecycle, registries (section 6)	replaced	rel_take(src, nameof(v)) on an owns_many var returns every member, now unowned	1 (E1)	3	codemod	yes
TOPIC_RIGHTS	TOPIC_RIGHTS	macro()	97	17	__defines/topic.dm	Look, UI, topics, verbs, prompts (section 13)	replaced	needs(req_rights(R_X))	2	3	skeleton codemod (agent finishes)	yes
DECLARE_APPEARANCE	DECLARE_APPEARANCE	macro()	96	58	__defines/lifecycle_decl.dm	Look, UI, topics, verbs, prompts (section 13)	replaced	look_layer(name, when =) entries, or draw(look)	2	3	codemod	yes
UI_TITLE	UI_TITLE	macro()	93	82	__defines/sys_ui.dm	Look, UI, topics, verbs, prompts (section 13)	replaced	"interface(window, title = ""text"" | PROC_REF(x))"	2	3	skeleton codemod (agent finishes)	yes
on_traverse	/datum/interaction/construction/proc/on_traverse	hook	91	13	datums/interactions/construction.dm	Capabilities, construction, emag (sections 11 and 12)	replaced	the stage's then(PROC_REF(x)) going forward and undone(PROC_REF(x)) going back	2	6	wave	yes
GLOB.research_service	GLOB.research_service	var	91	18	world service accessor	Kernel, systems, input, IO (sections 2 and 3)	replaced	system(/datum/system/<x>) (or its SS<x> name): the service GLOB.<x>_service becomes the system <x>	1S	1S	service port (1S)	yes
om_busy	/proc/om_busy	proc	90	52	datums/om/task.dm	Timers, periodic work, tasks, cooldowns (section 3)	replaced	the actor's one pending op (BUSY_REPLACE for players, BUSY_REFUSE for AI); content never asks	1 (E2)	6	wave	yes
REGISTRY_DECLARE	REGISTRY_DECLARE	macro()	89	1	__defines/registries.dm	Relations, ownership, lifecycle, registries (section 6)	kept	registry ids (kept)	n/a	n/a	none	yes
MACHINE_WAKE	MACHINE_WAKE	macro()	88	51	__defines/machinery.dm	Tracked vars, stats, holds, grants, statuses, traits (sections 4 and 5)	deleted	work wakes from its when condition; nothing calls it	1 (E3)	4	delete	yes
TOPIC_REF	TOPIC_REF	macro()	88	21	__defines/topic.dm	Look, UI, topics, verbs, prompts (section 13)	replaced	arg(name, ref(type)), naming the entity by token	2	3	skeleton codemod (agent finishes)	yes
INTERACT_HAND	INTERACT_HAND	macro()	87	78	__defines/interactions.dm	Ops, input parts, requirements, tools (sections 8 and 9)	replaced	"op(""key"", label(""Name""), hand(), tag(TAG_CONTROL), then(PROC_REF(x))) on machinery (the operability check comes from extend(TAG_CONTROL, needs(req_is(STAT_OPERABLE))) in machine_basics); off machinery, hand() alone"	2	3	skeleton codemod (agent finishes)	yes
ELAPSED	ELAPSED	macro()	84	59	__defines/sys_expiry.dm	Timers, periodic work, tasks, cooldowns (section 3)	kept	ELAPSED(v)	n/a	n/a	none	yes
status_units	/datum/proc/status_units	hook	82	38	datums/om/status.dm	Tracked vars, stats, holds, grants, statuses, traits (sections 4 and 5)	replaced	status_remaining(M, STATUS_X) (units left)	1 (E3)	3	codemod	yes
GLOB.antag_service	GLOB.antag_service	var	81	45	world service accessor	Kernel, systems, input, IO (sections 2 and 3)	replaced	system(/datum/system/<x>) (or its SS<x> name): the service GLOB.<x>_service becomes the system <x>	1S	1S	service port (1S)	yes
MAP_VAR	MAP_VAR	macro()	81	25	__defines/map_resolvers.dm	Declarations, init, loot, caches, map resolvers (section 6)	kept	map-time resolver helpers (kept, section 6)	n/a	n/a	none	yes
expire	/proc/expire	proc	80	57	datums/lifecycle/verbs.dm	Relations, ownership, lifecycle, registries (section 6)	kept	expire(N): the lifecycle verb for a thing that vanishes after a time (kept, section 6)	n/a	n/a	none	yes
area_contents_of_type	/proc/area_contents_of_type	proc	78	33	datums/containment/spatial.dm	Relations, ownership, lifecycle, registries (section 6)	kept	spatial reads over the containment ledger (kept, section 6); raw contents and loc scans stay banned	n/a	n/a	none	yes
make_climbable	/obj/proc/make_climbable	hook	75	64	datums/behaviours/climbable.dm	Capabilities, construction, emag (sections 11 and 12)	replaced	the climb() library capability entry (section 11)	2	3	codemod	yes
SSassets	SSassets	var	75	11	subsystem accessor	Kernel, systems, input, IO (sections 2 and 3)	kept	the SSx accessor of a system, or system(/datum/system/x) (section 2)	n/a	n/a	none	yes
GLOB.plant_service	GLOB.plant_service	var	73	20	world service accessor	Kernel, systems, input, IO (sections 2 and 3)	replaced	system(/datum/system/<x>) (or its SS<x> name): the service GLOB.<x>_service becomes the system <x>	1S	1S	service port (1S)	yes
REQ_FITS_BODYTYPES	REQ_FITS_BODYTYPES	macro()	73	30	__defines/constraints.dm	Ops, input parts, requirements, tools (sections 8 and 9)	replaced	extend(/datum/act/equip, needs(req_fits_bodytype()))	2	3	codemod	yes
dq_interaction_from_spec	/proc/dq_interaction_from_spec	proc	70	58	datums/interactions/compact.dm	Ops, input parts, requirements, tools (sections 8 and 9)	replaced	op() (compact specs are ops)	2	3	skeleton codemod (agent finishes)	yes
LOOT_STACK	LOOT_STACK	macro()	70	4	__defines/loot.dm	Declarations, init, loot, caches, map resolvers (section 6)	kept	loot tables (kept, section 6)	n/a	n/a	none	yes
idle	/datum/om/stage/proc/idle	hook	69	26	datums/om/pipeline.dm	Timers, periodic work, tasks, cooldowns (section 3)	replaced	should_run = PROC_REF(x) (inverted: TRUE while there is work)	1 (E6)	5	Life track (5)	yes
DECLARE_VERB	DECLARE_VERB	macro()	69	26	__defines/lifecycle_decl.dm	Look, UI, topics, verbs, prompts (section 13)	replaced	"op(""key"", label(""Name""), menu()) on the object or mob; a gameplay ability adds menu(button = ICON_STATE, bind = ""key""); verb_entry(path) only for client and OOC commands [choose: the verb acts in the game world is an op with menu(); it is a client, OOC or admin command is verb_entry() / ADMIN_VERB]"	2	3	wave	yes
flow_ask	flow_ask	macro()	69	12	__defines/om.dm	Look, UI, topics, verbs, prompts (section 13)	replaced	a workflow of asks() steps, each answer kept under its step name (step =), or one /datum/prompt/form for several questions in one window [choose: questions whose answers depend on each other, or that belong in one window, are a form; independent ones are separate named steps]	2	3	codemod	yes
powered	/proc/powered	proc	68	72	game/area/areas.dm	Tracked vars, stats, holds, grants, statuses, traits (sections 4 and 5)	replaced	the powered() capability contributes to STAT_OPERABLE; a read is M.operable, an area's supply is a powered_by() membership	1 (E3)	4	machine track (4)	yes
SSaccess	SSaccess	var	68	21	subsystem accessor	Kernel, systems, input, IO (sections 2 and 3)	kept	the SSx accessor of a system, or system(/datum/system/x) (section 2)	n/a	n/a	none	yes
move_into	/atom/movable/proc/move_into	hook	65	43	datums/containment/api.dm	Relations, ownership, lifecycle, registries (section 6)	kept	move_into(holder, slot_id, item, actor =) / slot_remove(holder, slot_id, actor =) (kept, section 6)	n/a	n/a	none	yes
ELAPSED_SINCE	ELAPSED_SINCE	macro()	65	46	__defines/sys_expiry.dm	Timers, periodic work, tasks, cooldowns (section 3)	replaced	ELAPSED(v)	1 (E6)	3	codemod	yes
REQ_BECAUSE	REQ_BECAUSE	macro()	63	44	__defines/predicates.dm	Ops, input parts, requirements, tools (sections 8 and 9)	replaced	because = MSG(y) on the requirement	1 (E2)	3	codemod	yes
INTERACT_ALT	INTERACT_ALT	macro()	62	56	__defines/interactions.dm	Ops, input parts, requirements, tools (sections 8 and 9)	replaced	"op(""key"", label(""Name""), hand(), gesture(GESTURE_ALT), ...) [choose: the input is whatever the old handler took: a bare hand is hand(), a held item item(T), the held item itself in_hand()]"	2	3	skeleton codemod (agent finishes)	yes
TOPIC_TEXT	TOPIC_TEXT	macro()	62	18	__defines/topic.dm	Look, UI, topics, verbs, prompts (section 13)	replaced	arg(name, text(max_len, sanitize =))	2	3	skeleton codemod (agent finishes)	yes
prepare	/datum/om/prompt/proc/prepare	hook	61	45	datums/om/ask.dm	Look, UI, topics, verbs, prompts (section 13)	renamed	the prompt kind's prepare(datum/act/A), which fills its choices before the window opens	2	3	codemod	yes
om_revoke	/proc/om_revoke	proc	61	32	datums/om/contribution.dm	Tracked vars, stats, holds, grants, statuses, traits (sections 4 and 5)	replaced	revoke(E, what, source)	1 (E3)	3	codemod	yes
INTERACT_HAND_UNGATED_AS	INTERACT_HAND_UNGATED_AS	macro()	61	26	__defines/interactions.dm	Ops, input parts, requirements, tools (sections 8 and 9)	replaced	the same op(...) with stance(I_X) added	2	3	skeleton codemod (agent finishes)	yes
refuse	/proc/refuse	proc	60	8	datums/capabilities/dispatch.dm	Ops, input parts, requirements, tools (sections 8 and 9)	replaced	a requirement on the op: needs(req(PROC_REF(x), because = MSG(y))); the effect never refuses [choose: a fixed reason is because = MSG(x); a reason that depends on state is because = PROC_REF(reason_proc)]	1 (E2)	3	codemod	yes
SSadmin_verbs	SSadmin_verbs	var	60	23	subsystem accessor	Kernel, systems, input, IO (sections 2 and 3)	kept	the SSx accessor of a system, or system(/datum/system/x) (section 2)	n/a	n/a	none	yes
apply_variant	/obj/item/proc/apply_variant	hook	59	30	datums/variants/gear_tweak_variant.dm	Declarations, init, loot, caches, map resolvers (section 6)	kept	variants (kept; code/datums/variants/README.md)	n/a	n/a	none	yes
om_timer_slot_pending	/proc/om_timer_slot_pending	proc	59	35	datums/om/timer.dm	Timers, periodic work, tasks, cooldowns (section 3)	replaced	after_pending(owner, key)	1 (E6)	3	codemod	yes
active_eye	/mob/proc/active_eye	hook	58	18	datums/om/relation.dm	Relations, ownership, lifecycle, registries (section 6)	replaced	a plain read of the declared relation var of the same name, without the parentheses (for example M.buckled_to); the pair is declared once with link(/mob::buckled_to, /atom/movable::buckled_mob_list)	1 (E1)	3	codemod	yes
INTERACT_INSERT	INTERACT_INSERT	macro()	58	47	__defines/interactions.dm	Ops, input parts, requirements, tools (sections 8 and 9)	replaced	"op(""key"", item(T), put_in(slot_id)) on a type that declares the slot with slot()"	2	3	skeleton codemod (agent finishes)	yes
GLOBAL_TABLE_GET	GLOBAL_TABLE_GET	macro()	57	27	__defines/sys_tables.dm	Declarations, init, loot, caches, map resolvers (section 6)	kept	per-type and global constant tables (kept, section 6)	n/a	n/a	none	yes
UI_ACT_PREF_PROC	UI_ACT_PREF_PROC	macro()	57	17	__defines/sys_ui.dm	Look, UI, topics, verbs, prompts (section 13)	replaced	the op's then(PROC_REF(x)) (a preferences action)	2	3	skeleton codemod (agent finishes)	yes
om_callable	/proc/om_callable	proc	56	29	datums/om/timer.dm	Timers, periodic work, tasks, cooldowns (section 3)	replaced	then(PROC_REF(x)): a part is already a deferred call; data travels in after(..., with =) or in typed request fields (callable/invoke are deleted, section 3)	1 (E6)	3	codemod	yes
GLOB.machine_service	GLOB.machine_service	var	56	15	world service accessor	Kernel, systems, input, IO (sections 2 and 3)	replaced	system(/datum/system/<x>) (or its SS<x> name): the service GLOB.<x>_service becomes the system <x>	1S	1S	service port (1S)	yes
relations	/datum/proc/relations	hook	55	154	datums/ownership/table.dm	Declarations, init, loot, caches, map resolvers (section 6)	replaced	CAPABILITIES(T, ref_one(...), owns_one(...), link(...))	1 (E1)	3	codemod	yes
GLOB.planet_service	GLOB.planet_service	var	55	24	world service accessor	Kernel, systems, input, IO (sections 2 and 3)	replaced	system(/datum/system/<x>) (or its SS<x> name): the service GLOB.<x>_service becomes the system <x>	1S	1S	service port (1S)	yes
ui_act_allowed	/datum/proc/ui_act_allowed	hook	54	146	datums/sys/ui.dm	Look, UI, topics, verbs, prompts (section 13)	replaced	extend(TAG_UI, needs(...))	2	3	skeleton codemod (agent finishes)	yes
APPEARANCE_NONE	APPEARANCE_NONE	macro()	54	43	__defines/sys_appearance.dm	Look, UI, topics, verbs, prompts (section 13)	deleted	nothing drawn: no entry	2	3	delete	yes
INTERACT_SELF	INTERACT_SELF	macro()	54	42	__defines/interactions.dm	Ops, input parts, requirements, tools (sections 8 and 9)	replaced	"op(""key"", label(""Name""), in_hand(), then(PROC_REF(x))): the held item used on itself; an effect that fell through on FALSE adds passes()"	2	3	skeleton codemod (agent finishes)	yes
after_slot	/proc/after_slot	proc	52	42	datums/om/timer.dm	Timers, periodic work, tasks, cooldowns (section 3)	replaced	"after(..., key = ""name""): a keyed timer replaces an earlier one with the same key"	1 (E6)	3	codemod	yes
own_remove	/proc/own_remove	proc	51	41	datums/ownership/own.dm	Relations, ownership, lifecycle, registries (section 6)	replaced	rel_remove(src, nameof(v), value)	1 (E1)	3	codemod	yes
DECLARE_REAGENTS_TINTED	DECLARE_REAGENTS_TINTED	macro()	51	4	__defines/lifecycle_decl.dm	Declarations, init, loot, caches, map resolvers (section 6)	replaced	reagents(..., tint = TRUE)	1 (E1)	3	codemod	yes
OM_DERIVE_FIELD	OM_DERIVE_FIELD	macro()	51	46	__defines/om.dm	Tracked vars, stats, holds, grants, statuses, traits (sections 4 and 5)	replaced	STAT(T, v, FORMULA, formula = PROC_REF(f)) [choose: one value computed from other vars is a FORMULA stat; one value several things force is an ALL, ANY, SUM, MAX or MIN stat]	1 (E1)	3	codemod	yes
GLOB.flight_service	GLOB.flight_service	var	50	9	world service accessor	Kernel, systems, input, IO (sections 2 and 3)	replaced	system(/datum/system/<x>) (or its SS<x> name): the service GLOB.<x>_service becomes the system <x>	1S	1S	service port (1S)	yes
DECLARE_REPEAT	DECLARE_REPEAT	macro()	49	47	__defines/sys_periodic.dm	Timers, periodic work, tasks, cooldowns (section 3)	replaced	every(delay, then(PROC_REF(x)), when = nameof(field))	1 (E6)	3	codemod	yes
EXPIRY_AT	EXPIRY_AT	macro()	49	33	__defines/sys_expiry.dm	Tracked vars, stats, holds, grants, statuses, traits (sections 4 and 5)	replaced	hold(E, STAT_X, value, source = SRC_Y, lasts = t)	1 (E3)	3	codemod	yes
BEFORE	BEFORE	macro()	48	27	__defines/sys_expiry.dm	Timers, periodic work, tasks, cooldowns (section 3)	replaced	ELAPSED(v) < t	1 (E6)	3	codemod	yes
LOOT_CHANCE	LOOT_CHANCE	macro()	48	7	__defines/loot.dm	Declarations, init, loot, caches, map resolvers (section 6)	kept	loot tables (kept, section 6)	n/a	n/a	none	yes
topic_ask	topic_ask	macro()	47	7	__defines/om.dm	Look, UI, topics, verbs, prompts (section 13)	replaced	asks(/datum/prompt/<kind>/x, field = v...) in the op's Wait: a workflow step. The handler becomes the op, the code after the question becomes the effect parts after the last asks() (an effect written before an asks() is a build error), the op's when and needs re-run on the answer (the old re-run is built in), and the fields it reads are captured when it first suspends (a field arg of an asks() captures it; a confirm-only op lists it in captures(nameof(v))), read in a handler as A.captured() [choose: a handler called from code with no op to become uses request() and moves the code after the question into its then() handler]	2	3	codemod	yes
on_destroy	/datum/proc/on_destroy	hook	46	212	datums/lifecycle/transaction.dm	Relations, ownership, lifecycle, registries (section 6)	kept	on_destroy(force) calling ..(): the place for consequences of deletion (kept, section 6)	n/a	n/a	none	yes
Execute	/proc/Execute	proc	46	10	controllers/subsystems/dbcore.dm	Kernel, systems, input, IO (sections 2 and 3)	replaced	the /datum/io/sql request completes asynchronously; the answer arrives in A.answer or the then() handler	1 (E6)	3	codemod	yes
proto_set	/proc/proto_set	proc	46	23	datums/ownership/proto.dm	Relations, ownership, lifecycle, registries (section 6)	replaced	rel_set(src, nameof(v), value) on an owns_one(..., copy_on_write = TRUE) var	1 (E1)	3	codemod	yes
QDESTROYING	QDESTROYING	macro()	46	4	__defines/qdel.dm	Relations, ownership, lifecycle, registries (section 6)	kept	qdel state reads (kept, section 6)	n/a	n/a	none	yes
repair_damage	/proc/repair_damage	proc	45	41	game/atom/atom_defense.dm	Domain APIs: body, damage, heat, sound, combat AI (sections 13 and 14)	kept	the damage API stays (domain API, section 14): hits reach receive_damage() through the hit actions, objects take them through integrity	n/a	n/a	none	yes
NewQuery	/proc/NewQuery	proc	44	8	controllers/subsystems/dbcore.dm	Kernel, systems, input, IO (sections 2 and 3)	replaced	asks(/datum/io/sql/x, ...) inside an op, request(owner, /datum/io/sql/x, then(PROC_REF(done))) elsewhere; NewQuery() and Execute() are deleted; db_query_now() only in world/IsBanned and the boot schema check	1 (E6)	3	codemod	yes
ADMIN_STATE	ADMIN_STATE	macro()	44	38	__defines/tgui.dm	Look, UI, topics, verbs, prompts (section 13)	replaced	interface(window, rights = R_X)	2	3	skeleton codemod (agent finishes)	yes
SSpersistence	SSpersistence	var	44	11	subsystem accessor	Kernel, systems, input, IO (sections 2 and 3)	kept	the SSx accessor of a system, or system(/datum/system/x) (section 2)	n/a	n/a	none	yes
om_qdel_after	/proc/om_qdel_after	proc	43	35	datums/om/after_helpers.dm	Timers, periodic work, tasks, cooldowns (section 3)	replaced	expire(N), the lifecycle verb (section 6); a type that always expires calls it from Initialize	1 (E6)	3	codemod	yes
DECLARE_EMAG_REPEATABLE	DECLARE_EMAG_REPEATABLE	macro()	43	42	__defines/sys_emag.dm	Capabilities, construction, emag (sections 11 and 12)	replaced	emag(then(PROC_REF(on_emag)), repeatable = TRUE), so a card can subvert it again (there is no mode constant)	2	3	codemod	yes
INTERACT_SILICON	INTERACT_SILICON	macro()	43	40	__defines/interactions.dm	Ops, input parts, requirements, tools (sections 8 and 9)	replaced	remote(): origin click, menu or UI, a provider with AFF_CONTROL, authority AUTH_REMOTE_ACCESS; AFF_INTERFACE is gone (remote() implies AFF_CONTROL)	2	3	skeleton codemod (agent finishes)	yes
OM_FIELD_VIEW	OM_FIELD_VIEW	macro()	43	38	__defines/om.dm	Tracked vars, stats, holds, grants, statuses, traits (sections 4 and 5)	replaced	a relation read: the declared relation var (ref_one, ref_many, link), a generated hop	1 (E1)	3	codemod	yes
om_flow_start	om_flow_start	macro()	43	32	__defines/om.dm	Look, UI, topics, verbs, prompts (section 13)	replaced	a workflow of asks() steps, each answer kept under its step name (step =), or one /datum/prompt/form for several questions in one window [choose: questions whose answers depend on each other, or that belong in one window, are a form; independent ones are separate named steps]	2	3	codemod	yes
om_task_periodic	om_task_periodic	macro()	43	36	__defines/om.dm	Timers, periodic work, tasks, cooldowns (section 3)	replaced	every(interval, then(PROC_REF(x)), when = ...)	1 (E6)	3	codemod	yes
add_trait	/proc/add_trait	proc	42	28	_helpers/traits.dm	Tracked vars, stats, holds, grants, statuses, traits (sections 4 and 5)	kept	kept as named sugar: grant(E, granted_trait(TRAIT_X), source = source); the source is a datum or an SRC_X, so a text source becomes a SOURCE_DEF (section 5)	n/a	n/a	none	yes
has_body_effect	/proc/has_body_effect	proc	42	23	modules/body/body_effects.dm	Tracked vars, stats, holds, grants, statuses, traits (sections 4 and 5)	kept	kept as named sugar over granted() (domain API, section 5)	n/a	n/a	none	yes
QDEL_NULL	QDEL_NULL	macro()	42	26	__defines/qdel.dm	Relations, ownership, lifecycle, registries (section 6)	replaced	rel_clear(src, nameof(v)) for an owned var (the destroy transaction already clears declared refs); qdel() plus a relation clear otherwise	1 (E1)	3	codemod	yes
SSinternal_wiki	SSinternal_wiki	var	42	3	subsystem accessor	Kernel, systems, input, IO (sections 2 and 3)	kept	the SSx accessor of a system, or system(/datum/system/x) (section 2)	n/a	n/a	none	yes
SSlighting	SSlighting	var	42	13	subsystem accessor	Kernel, systems, input, IO (sections 2 and 3)	kept	the SSx accessor of a system, or system(/datum/system/x) (section 2)	n/a	n/a	none	yes
start	/datum/om/flow/proc/start	hook	41	334	datums/om/flow.dm	Look, UI, topics, verbs, prompts (section 13)	replaced	the workflow's steps (or /datum/prompt/form fields)	2	3	codemod	yes
cancelled	/datum/om/prompt/proc/cancelled	hook	41	31	datums/om/ask.dm	Look, UI, topics, verbs, prompts (section 13)	renamed	the prompt kind's on_cancel(datum/act/A)	2	3	codemod	yes
format_table_name	/proc/format_table_name	proc	40	10	_helpers/text.dm	Kernel, systems, input, IO (sections 2 and 3)	kept	format_table_name() for table names in /datum/io/sql and sql_write() (kept, section 2)	n/a	n/a	none	yes
om_cancel_timer_slot	/proc/om_cancel_timer_slot	proc	40	26	datums/om/timer.dm	Timers, periodic work, tasks, cooldowns (section 3)	replaced	cancel_after(owner, key)	1 (E6)	3	codemod	yes
SSatoms	SSatoms	var	40	15	subsystem accessor	Kernel, systems, input, IO (sections 2 and 3)	kept	the SSx accessor of a system, or system(/datum/system/x) (section 2)	n/a	n/a	none	yes
REQ_FIELD_NOT	REQ_FIELD_NOT	macro()	38	34	__defines/sys_requirements.dm	Ops, input parts, requirements, tools (sections 8 and 9)	replaced	req_is(nameof(v), FALSE, because = MSG(x))	1 (E2)	3	codemod	yes
pulled_by_mob	/atom/movable/proc/pulled_by_mob	hook	37	21	datums/om/relation.dm	Relations, ownership, lifecycle, registries (section 6)	replaced	a plain read of the declared relation var of the same name, without the parentheses (for example M.buckled_to); the pair is declared once with link(/mob::buckled_to, /atom/movable::buckled_mob_list)	1 (E1)	3	codemod	yes
slot_remove	/atom/proc/slot_remove	hook	37	30	datums/containment/api.dm	Relations, ownership, lifecycle, registries (section 6)	kept	move_into(holder, slot_id, item, actor =) / slot_remove(holder, slot_id, actor =) (kept, section 6)	n/a	n/a	none	yes
om_has	/proc/om_has	proc	37	23	datums/om/contribution.dm	Tracked vars, stats, holds, grants, statuses, traits (sections 4 and 5)	replaced	read the stat var (M.godmode, M.can_act)	1 (E3)	3	codemod	yes
own_move	/proc/own_move	proc	37	32	datums/ownership/own.dm	Relations, ownership, lifecycle, registries (section 6)	replaced	rel_move(from, nameof(v), dest, nameof(w), member =, key =): re-owns without destroying or orphaning	1 (E1)	3	codemod	yes
REGISTRY_COUNT	REGISTRY_COUNT	macro()	37	26	__defines/registries.dm	Relations, ownership, lifecycle, registries (section 6)	replaced	length(members_of(REGISTRY_X))	1 (E1)	3	codemod	yes
SSgarbage	SSgarbage	var	37	9	subsystem accessor	Kernel, systems, input, IO (sections 2 and 3)	kept	the SSx accessor of a system, or system(/datum/system/x) (section 2)	n/a	n/a	none	yes
is_bolted	/proc/is_bolted	proc	36	10	datums/capabilities/library/_library.dm	Tracked vars, stats, holds, grants, statuses, traits (sections 4 and 5)	replaced	read the bolted stat (D.bolted)	1 (E3)	4	machine track (4)	yes
own_transfer	/proc/own_transfer	proc	36	21	datums/ownership/own.dm	Relations, ownership, lifecycle, registries (section 6)	replaced	rel_move(from, nameof(v), dest, nameof(w), member =, key =): re-owns without destroying or orphaning	1 (E1)	3	codemod	yes
COOLDOWN_TIMELEFT	COOLDOWN_TIMELEFT	macro()	36	29	__defines/cooldowns.dm	Timers, periodic work, tasks, cooldowns (section 3)	kept	rate limits: kept (section 3); COOLDOWN_KEYED_DECLARE / _START / _FINISHED for dynamic keys	n/a	n/a	none	yes
REQ_PROC	REQ_PROC	macro()	36	17	__defines/predicates.dm	Ops, input parts, requirements, tools (sections 8 and 9)	replaced	req(PROC_REF(x), because = MSG(y)): same change, x(datum/act/A) returns TRUE or FALSE	1 (E2)	3	codemod	yes
INTERACT_OBSERVER	INTERACT_OBSERVER	macro()	35	32	__defines/interactions.dm	Ops, input parts, requirements, tools (sections 8 and 9)	replaced	by(AFF_OBSERVE): a ghost's click and menu are ops that need the affordance only the observer mob provides	2	3	skeleton codemod (agent finishes)	yes
service_step	/datum/world_service/proc/service_step	hook	34	34	datums/om/world_lanes.dm	Kernel, systems, input, IO (sections 2 and 3)	replaced	every(interval, then(PROC_REF(x))) on the system	1S	1S	service port (1S)	yes
is_critical	/proc/is_critical	proc	34	32	modules/body/injury.dm	Domain APIs: body, damage, heat, sound, combat AI (sections 13 and 14)	kept	the body API stays (domain API, section 14): injure(), mend(), fully_heal(), vitality(), is_critical(), injury_load(), factor(); factors are STAT_* reads	n/a	n/a	none	yes
stoplag	/proc/stoplag	proc	34	18	_helpers/time.dm	Kernel, systems, input, IO (sections 2 and 3)	replaced	job(owner, PROC_REF(step), budget =, then =) for the map loader, site generation and queues (a step returns JOB_MORE or JOB_DONE)	1 (E6)	1 (E6)	codemod	yes
MAP_RESOLVER	MAP_RESOLVER	macro()	34	30	__defines/map_resolvers.dm	Declarations, init, loot, caches, map resolvers (section 6)	renamed	written as the map_resolver(PROC_REF(x)) entry (section 6); resolved atoms are never initialized	1 (E1)	3	codemod	yes
TRACKED_BRIDGED	TRACKED_BRIDGED	macro()	34	14	__defines/capabilities.dm	Tracked vars, stats, holds, grants, statuses, traits (sections 4 and 5)	replaced	TRACKED(T, a, b, c); the setter also raises the legacy CHANGE_* channel from the build-time shim table until the pipeline consuming it is deleted (phase 4 or 5)	1 (E1)	4	codemod	yes
DECLARE_EMAG	DECLARE_EMAG	macro()	33	31	__defines/sys_emag.dm	Capabilities, construction, emag (sections 11 and 12)	replaced	emag(then(PROC_REF(on_emag))): one-shot by default (gated on the holder not being subverted already); the on_emag(A) handler never sees an already-subverted target	2	3	codemod	yes
DECLARE_PERIODIC	DECLARE_PERIODIC	macro()	33	29	__defines/lifecycle_decl.dm	Timers, periodic work, tasks, cooldowns (section 3)	replaced	every(interval, then(PROC_REF(x)))	1 (E6)	3	codemod	yes
grabbed_by_list	/mob/proc/grabbed_by_list	hook	32	20	datums/om/relation.dm	Relations, ownership, lifecycle, registries (section 6)	replaced	a plain read of the declared relation var of the same name, without the parentheses (for example M.buckled_to); the pair is declared once with link(/mob::buckled_to, /atom/movable::buckled_mob_list)	1 (E1)	3	codemod	yes
LOOT_REF	LOOT_REF	macro()	32	6	__defines/loot.dm	Declarations, init, loot, caches, map resolvers (section 6)	kept	loot tables (kept, section 6)	n/a	n/a	none	yes
make_rotatable	/atom/movable/proc/make_rotatable	hook	30	27	datums/behaviours/rotatable.dm	Capabilities, construction, emag (sections 11 and 12)	replaced	the rotate() library capability entry (section 11)	2	3	codemod	yes
stat_line	/datum/world_service/proc/stat_line	hook	30	30	datums/om/world_lanes.dm	Kernel, systems, input, IO (sections 2 and 3)	replaced	metrics()	1S	1S	service port (1S)	yes
get_ai_behaviors	/proc/get_ai_behaviors	proc	30	28	modules/combat_ai	Domain APIs: body, damage, heat, sound, combat AI (sections 13 and 14)	replaced	the behaviour list passed to ai(behaviours) (section 14); the TYPE_TABLE key goes	2	6	wave	yes
native_write	/proc/native_write	proc	30	5	datums/native/system.dm	Simulation and Rust (section 14)	kept	native_write(...) (section 14)	n/a	n/a	none	yes
prompt_flow	/proc/prompt_flow	proc	30	15	datums/om/prompt_helpers.dm	Look, UI, topics, verbs, prompts (section 13)	replaced	a workflow of asks() steps, each answer kept under its step name (step =), or one /datum/prompt/form for several questions in one window [choose: questions whose answers depend on each other, or that belong in one window, are a form; independent ones are separate named steps]	2	3	codemod	yes
seq_step	/proc/seq_step	proc	30	1	controllers/kernel/sequence_table.dm	Kernel, systems, input, IO (sections 2 and 3)	kept	seq_step(PROC_REF(x), runs_after =, when =, should_run =) (section 3)	n/a	n/a	none	yes
CACHED_KEY	CACHED_KEY	macro()	30	23	__defines/shared_cache.dm	Declarations, init, loot, caches, map resolvers (section 6)	kept	caching tools (kept, section 6)	n/a	n/a	none	yes
GLOB.event_service	GLOB.event_service	var	30	7	world service accessor	Kernel, systems, input, IO (sections 2 and 3)	replaced	system(/datum/system/<x>) (or its SS<x> name): the service GLOB.<x>_service becomes the system <x>	1S	1S	service port (1S)	yes
GLOB.motiontracker_service	GLOB.motiontracker_service	var	30	13	world service accessor	Kernel, systems, input, IO (sections 2 and 3)	replaced	system(/datum/system/<x>) (or its SS<x> name): the service GLOB.<x>_service becomes the system <x>	1S	1S	service port (1S)	yes
REGISTRY_DECLARE_CONDITIONAL	REGISTRY_DECLARE_CONDITIONAL	macro()	30	1	__defines/registries.dm	Relations, ownership, lifecycle, registries (section 6)	replaced	when(cond, membership(joins = REGISTRY_X))	1 (E1)	3	codemod	yes
get_temperature	/proc/get_temperature	proc	29	16	modules/heat/heat.dm	Domain APIs: body, damage, heat, sound, combat AI (sections 13 and 14)	kept	the gas mixture handle and heat API stay (domain API, section 14)	n/a	n/a	none	yes
om_sql_write	/proc/om_sql_write	proc	29	7	datums/om/io.dm	Kernel, systems, input, IO (sections 2 and 3)	renamed	sql_write(query, params): parameterized only; format_table_name() for tables	1 (E6)	3	codemod	yes
om_wants	/proc/om_wants	proc	29	19	datums/om/event.dm	Hooks, notices, damage reactions (sections 10 and 14)	replaced	WANTS(E, /datum/notice/x): TRUE when something on E listens for the notice (section 10)	1 (E4)	3	codemod	yes
proto_private	/proc/proto_private	proc	29	14	datums/ownership/proto.dm	Relations, ownership, lifecycle, registries (section 6)	renamed	rel_private(src, nameof(v)): returns the holder's private copy of an owns_one(..., copy_on_write = TRUE) var, made on the first call	1 (E1)	3	codemod	yes
remove_body_effect	/proc/remove_body_effect	proc	29	15	modules/body/body_effects.dm	Tracked vars, stats, holds, grants, statuses, traits (sections 4 and 5)	kept	kept as named sugar over revoke() (domain API, section 5)	n/a	n/a	none	yes
DECLARE_PERIODIC_WHILE_ALL	DECLARE_PERIODIC_WHILE_ALL	macro()	29	28	__defines/sys_periodic.dm	Timers, periodic work, tasks, cooldowns (section 3)	replaced	every(interval, then(PROC_REF(x)), when = all_of(nameof(a), not(nameof(b))))	1 (E6)	3	codemod	yes
GLOB.pai_service	GLOB.pai_service	var	29	10	world service accessor	Kernel, systems, input, IO (sections 2 and 3)	replaced	system(/datum/system/<x>) (or its SS<x> name): the service GLOB.<x>_service becomes the system <x>	1S	1S	service port (1S)	yes
INTERACT_ITEM_AS	INTERACT_ITEM_AS	macro()	29	10	__defines/interactions.dm	Ops, input parts, requirements, tools (sections 8 and 9)	replaced	the same op(...) with stance(I_X) added	2	3	skeleton codemod (agent finishes)	yes
rewake_delay	/datum/om/stage/proc/rewake_delay	hook	28	12	datums/om/pipeline.dm	Timers, periodic work, tasks, cooldowns (section 3)	replaced	seq_step(..., rewake = t)	1 (E6)	5	Life track (5)	yes
om_unlink	/proc/om_unlink	proc	28	14	datums/om/relation.dm	Relations, ownership, lifecycle, registries (section 6)	replaced	rel_remove(source, nameof(v), target) / rel_set(source, nameof(v), null)	1 (E1)	3	codemod	yes
INTERACT_USE_AS	INTERACT_USE_AS	macro()	28	9	__defines/interactions.dm	Ops, input parts, requirements, tools (sections 8 and 9)	replaced	the same op(...) with stance(I_X) added	2	3	skeleton codemod (agent finishes)	yes
grab_assailant	/obj/item/grab/proc/grab_assailant	hook	27	14	datums/om/relation.dm	Relations, ownership, lifecycle, registries (section 6)	replaced	a plain read of the declared relation var of the same name, without the parentheses (for example M.buckled_to); the pair is declared once with link(/mob::buckled_to, /atom/movable::buckled_mob_list)	1 (E1)	3	codemod	yes
om_attach	/proc/om_attach	proc	27	20	datums/om/entity.dm	Tracked vars, stats, holds, grants, statuses, traits (sections 4 and 5)	replaced	declared: an entry or capability in CAPABILITIES; at runtime: grant(E, capability, source)	1 (E3)	3	codemod	yes
om_link	/proc/om_link	proc	27	18	datums/om/relation.dm	Relations, ownership, lifecycle, registries (section 6)	replaced	rel_set(source, nameof(v), target) on a link() pair (writing one end writes both)	1 (E1)	3	codemod	yes
stat_add	/proc/stat_add	proc	27	18	game/machinery/machinery_fields.dm	Tracked vars, stats, holds, grants, statuses, traits (sections 4 and 5)	replaced	a contribution to STAT_OPERABLE: contributes(STAT_OPERABLE, not(nameof(broken))) for BROKEN, the powered() capability for NOPOWER, emp_disable() for EMPED; nobody sets a bit [choose: BROKEN is atom_break(); NOPOWER is powered() (never hand-written); EMPED is emp_disable(); MAINT is hold(src, STAT_OPERABLE, source = SRC_X) (a boolean hold vetoes)]	1 (E3)	4	machine track (4)	yes
DECLARE_SHARED_CACHE	DECLARE_SHARED_CACHE	macro()	27	25	__defines/shared_cache.dm	Declarations, init, loot, caches, map resolvers (section 6)	kept	caching tools (kept, section 6)	n/a	n/a	none	yes
GLOB.transcore_service	GLOB.transcore_service	var	27	22	world service accessor	Kernel, systems, input, IO (sections 2 and 3)	replaced	system(/datum/system/<x>) (or its SS<x> name): the service GLOB.<x>_service becomes the system <x>	1S	1S	service port (1S)	yes
INTERACT_DRAG	INTERACT_DRAG	macro()	27	27	__defines/interactions.dm	Ops, input parts, requirements, tools (sections 8 and 9)	replaced	"op(""key"", item(T), gesture(GESTURE_DRAG), ...): the dragged atom is A.held"	2	3	skeleton codemod (agent finishes)	yes
SSmapping	SSmapping	var	27	8	subsystem accessor	Kernel, systems, input, IO (sections 2 and 3)	kept	the SSx accessor of a system, or system(/datum/system/x) (section 2)	n/a	n/a	none	yes
periodic_step	/datum/proc/periodic_step	hook	26	201	datums/om/periodic.dm	Timers, periodic work, tasks, cooldowns (section 3)	replaced	every(interval, then(PROC_REF(x))); the handler takes (datum/act/A) and scales by A.dt	1 (E6)	3	codemod	yes
borer_host	/mob/living/simple_mob/animal/borer/proc/borer_host	hook	26	5	datums/om/relation.dm	Relations, ownership, lifecycle, registries (section 6)	replaced	a plain read of the declared relation var of the same name, without the parentheses (for example M.buckled_to); the pair is declared once with link(/mob::buckled_to, /atom/movable::buckled_mob_list)	1 (E1)	3	codemod	yes
ADMIN_VERB_AND_CONTEXT_MENU	ADMIN_VERB_AND_CONTEXT_MENU	macro()	26	13	__defines/admin_verb.dm	Look, UI, topics, verbs, prompts (section 13)	kept	admin commands (kept, section 13)	n/a	n/a	none	yes
UI_ARG_BOOL	UI_ARG_BOOL	macro()	26	11	__defines/sys_ui.dm	Look, UI, topics, verbs, prompts (section 13)	replaced	arg(name, bool)	2	3	skeleton codemod (agent finishes)	yes
om_io	/proc/om_io	proc	25	14	datums/om/io.dm	Kernel, systems, input, IO (sections 2 and 3)	replaced	request(owner, /datum/io/<kind>/x, then(PROC_REF(done)), field = v...) outside a trigger, the kind being sql, http, rustg_job or path; asks(/datum/io/sql/x, field = v...) inside an op [choose: inside an op use asks(), a step of its Wait; from a system, event or verb body use request()]	1 (E6)	3	codemod	yes
panel_is_open	/proc/panel_is_open	proc	25	10	datums/capabilities/capabilities.dm	Tracked vars, stats, holds, grants, statuses, traits (sections 4 and 5)	replaced	the generated accessor of the capability's state key (panel_open(holder), cover_open(holder), lock_locked(holder)) [choose: a capability state key has a generated accessor; a stat or tracked var is read as a plain var]	1 (E5)	3	codemod	yes
remove_trait	/proc/remove_trait	proc	25	16	_helpers/traits.dm	Tracked vars, stats, holds, grants, statuses, traits (sections 4 and 5)	kept	kept as named sugar: revoke(E, granted_trait(TRAIT_X), source = source) (section 5)	n/a	n/a	none	yes
update_canmove	/proc/update_canmove	proc	25	22	modules/mob/living/living.dm	Tracked vars, stats, holds, grants, statuses, traits (sections 4 and 5)	deleted	canmove is the can_move stat; nothing recomputes it by hand	1 (E3)	5	delete	yes
DECLARE_GAS	DECLARE_GAS	macro()	25	5	__defines/lifecycle_decl.dm	Declarations, init, loot, caches, map resolvers (section 6)	replaced	gas_store(var, volume, temp, gases)	1 (E1)	3	codemod	yes
GLOB.expedition_service	GLOB.expedition_service	var	25	11	world service accessor	Kernel, systems, input, IO (sections 2 and 3)	replaced	system(/datum/system/<x>) (or its SS<x> name): the service GLOB.<x>_service becomes the system <x>	1S	1S	service port (1S)	yes
INTERACT_SELF_AS	INTERACT_SELF_AS	macro()	25	8	__defines/interactions.dm	Ops, input parts, requirements, tools (sections 8 and 9)	replaced	the same op(...) with stance(I_X) added	2	3	skeleton codemod (agent finishes)	yes
STEP_REPEAT	STEP_REPEAT	macro()	25	13	__defines/om.dm	Timers, periodic work, tasks, cooldowns (section 3)	replaced	JOB_MORE for the next chunk of a job(); a delay between steps is after(owner, delay, then(PROC_REF(next_step)))	1 (E6)	6	codemod	yes
applies_to	/datum/interaction/proc/applies_to	hook	24	22	datums/interactions/interaction.dm	Ops, input parts, requirements, tools (sections 8 and 9)	replaced	when(req...)	2	3	skeleton codemod (agent finishes)	yes
INVOKE_ASYNC	INVOKE_ASYNC	macro()	24	19	__defines/callbacks.dm	Kernel, systems, input, IO (sections 2 and 3)	deleted	deleted: effects never sleep; blocking work is request(), chunked work is job(owner, PROC_REF(step), budget =, then =)	1 (E6)	1 (E6)	delete	yes
MAP_RESOLVER_VARS	MAP_RESOLVER_VARS	macro()	24	21	__defines/map_resolvers.dm	Declarations, init, loot, caches, map resolvers (section 6)	kept	map-time resolver helpers (kept, section 6)	n/a	n/a	none	yes
UI_ARG_LIST	UI_ARG_LIST	macro()	24	21	__defines/sys_ui.dm	Look, UI, topics, verbs, prompts (section 13)	replaced	arg(name, list_of(schema))	2	3	skeleton codemod (agent finishes)	yes
om_emit	/proc/om_emit	proc	23	19	datums/om/event.dm	Hooks, notices, damage reactions (sections 10 and 14)	replaced	PUBLISH(E, x, args...)	1 (E4)	3	codemod	yes
om_registry	/proc/om_registry	proc	23	19	datums/om/registry.dm	Engine internals content calls today (grouped; they leave with their layer)	internal	deleted with the OM layer (declarations build the tables)	n/a	7	deleted with its layer	yes
EXPIRY_EXPIRED	EXPIRY_EXPIRED	macro()	23	15	__defines/sys_expiry.dm	Tracked vars, stats, holds, grants, statuses, traits (sections 4 and 5)	replaced	read the stat var	1 (E3)	3	codemod	yes
GLOBAL_TABLE	GLOBAL_TABLE	macro()	23	18	__defines/sys_tables.dm	Declarations, init, loot, caches, map resolvers (section 6)	kept	per-type and global constant tables (kept, section 6)	n/a	n/a	none	yes
LOOT_UNCOMMON	LOOT_UNCOMMON	macro()	23	5	__defines/loot.dm	Declarations, init, loot, caches, map resolvers (section 6)	kept	loot tables (kept, section 6)	n/a	n/a	none	yes
TOPIC_NUM	TOPIC_NUM	macro()	23	14	__defines/topic.dm	Look, UI, topics, verbs, prompts (section 13)	replaced	arg(name, num(min, max))	2	3	skeleton codemod (agent finishes)	yes
lifecycle_dematerialize	/datum/proc/lifecycle_dematerialize	hook	22	73	datums/lifecycle/transaction.dm	Declarations, init, loot, caches, map resolvers (section 6)	renamed	on_dematerialize()	1 (E1)	3	codemod	yes
ui_title	/datum/proc/ui_title	hook	22	38	datums/sys/ui.dm	Look, UI, topics, verbs, prompts (section 13)	replaced	interface(window, title = PROC_REF(x))	2	3	skeleton codemod (agent finishes)	yes
tgui_alert	/proc/tgui_alert	proc	22	1	modules/tgui_input/alert.dm	Look, UI, topics, verbs, prompts (section 13)	replaced	"confirms(""text"") / asks(/datum/prompt/yes_no/x, question = ""text"") (the yes/no kind absorbs confirm and alert)"	2	3	codemod	yes
FOR_REAL_CONTENTS	FOR_REAL_CONTENTS	macro()	22	17	__defines/containment.dm	Relations, ownership, lifecycle, registries (section 6)	kept	spatial and contents API (kept, section 6)	n/a	n/a	none	yes
LOOT_ALL	LOOT_ALL	macro()	22	1	__defines/loot.dm	Declarations, init, loot, caches, map resolvers (section 6)	kept	loot tables (kept, section 6)	n/a	n/a	none	yes
LOOT_RARE	LOOT_RARE	macro()	21	5	__defines/loot.dm	Declarations, init, loot, caches, map resolvers (section 6)	kept	loot tables (kept, section 6)	n/a	n/a	none	yes
ui_prepare	/datum/proc/ui_prepare	hook	20	49	datums/sys/ui.dm	Look, UI, topics, verbs, prompts (section 13)	replaced	interface(...) settings	2	3	skeleton codemod (agent finishes)	yes
dq_ledger	/proc/dq_ledger	proc	20	9	datums/containment/ledger.dm	Relations, ownership, lifecycle, registries (section 6)	internal	containment ledger internals	n/a	7	deleted with its layer	yes
lifecycle_decls_init	/proc/lifecycle_decls_init	proc	20	20	datums/lifecycle/declarations.dm	Relations, ownership, lifecycle, registries (section 6)	internal	destroy transaction and pool internals	n/a	7	deleted with its layer	yes
DECLARE_START_TIMER	DECLARE_START_TIMER	macro()	20	12	__defines/lifecycle_decl.dm	Timers, periodic work, tasks, cooldowns (section 3)	replaced	after_init(delay, then(PROC_REF(x)))	1 (E6)	3	codemod	yes
INTERACT_ROBOT	INTERACT_ROBOT	macro()	20	16	__defines/interactions.dm	Ops, input parts, requirements, tools (sections 8 and 9)	replaced	when(req(/mob/living/silicon/robot, of = ON_ACTOR))	2	3	skeleton codemod (agent finishes)	yes
LOOT_DEPLETION	LOOT_DEPLETION	macro()	20	2	__defines/loot.dm	Declarations, init, loot, caches, map resolvers (section 6)	kept	loot tables (kept, section 6)	n/a	n/a	none	yes
REQ_TAG	REQ_TAG	macro()	20	3	__defines/predicates.dm	Ops, input parts, requirements, tools (sections 8 and 9)	replaced	req_tag(TAG)	2	3	codemod	yes
rerun_ask_on	rerun_ask_on	macro()	20	4	__defines/om.dm	Look, UI, topics, verbs, prompts (section 13)	replaced	asks(/datum/prompt/<kind>/x, field = v...) in the op's Wait: a workflow step. The handler becomes the op, the code after the question becomes the effect parts after the last asks() (an effect written before an asks() is a build error), the op's when and needs re-run on the answer (the old re-run is built in), and the fields it reads are captured when it first suspends (a field arg of an asks() captures it; a confirm-only op lists it in captures(nameof(v))), read in a handler as A.captured() [choose: a handler called from code with no op to become uses request() and moves the code after the question into its then() handler]	2	3	codemod	yes
service	/datum/om/behaviour/world/proc/service	hook	19	74	datums/om/world_lanes.dm	Kernel, systems, input, IO (sections 2 and 3)	replaced	system(/datum/system/x)	1S	1S	service port (1S)	no
HAS_TAG	HAS_TAG	macro()	19	7	__defines/properties.dm	Ops, input parts, requirements, tools (sections 8 and 9)	kept	per-type properties and tags (kept; readable in requirements)	n/a	n/a	none	no
INTERACT_HAND_AS	INTERACT_HAND_AS	macro()	19	7	__defines/interactions.dm	Ops, input parts, requirements, tools (sections 8 and 9)	replaced	the same op(...) with stance(I_X) added	2	3	skeleton codemod (agent finishes)	no
OM_FIELD_TYPED	OM_FIELD_TYPED	macro()	19	16	__defines/om.dm	Tracked vars, stats, holds, grants, statuses, traits (sections 4 and 5)	replaced	TRACKED(T, v) (the type lives on the var)	1 (E1)	3	codemod	no
eval_triggers	eval_triggers	var	19	11	modules/combat_ai	Domain APIs: body, damage, heat, sound, combat AI (sections 13 and 14)	kept	a behaviour's notice types (list(/datum/notice/injured)); ai() turns each into an on_notice hook (section 14)	n/a	n/a	none	yes
action_owner	/datum/proc/action_owner	hook	18	3	datums/om/ref_relations.dm	Relations, ownership, lifecycle, registries (section 6)	replaced	a plain read of the declared relation var of the same name, without the parentheses (for example M.buckled_to); the pair is declared once with link(/mob::buckled_to, /atom/movable::buckled_mob_list)	1 (E1)	3	codemod	no
set_stasis	/proc/set_stasis	proc	18	9	modules/medical/stabilisation/stasis.dm	Tracked vars, stats, holds, grants, statuses, traits (sections 4 and 5)	kept	kept as named sugar: holds on STAT_CLOCK_RATE_BIO (a MIN stat, so the deepest stasis wins) and STAT_SUSPENDED, with a datum or SRC_X source	n/a	n/a	none	no
GLOB.xenoarch_service	GLOB.xenoarch_service	var	18	3	world service accessor	Kernel, systems, input, IO (sections 2 and 3)	replaced	system(/datum/system/<x>) (or its SS<x> name): the service GLOB.<x>_service becomes the system <x>	1S	1S	service port (1S)	no
is_in_holder	is_in_holder	macro()	18	15	__defines/containment.dm	Relations, ownership, lifecycle, registries (section 6)	kept	spatial and contents API (kept, section 6)	n/a	n/a	none	no
has_latent	/atom/proc/has_latent	hook	17	15	datums/containment/latent.dm	Relations, ownership, lifecycle, registries (section 6)	kept	slot and latent reads (kept, section 6)	n/a	n/a	none	no
deal_damage	/proc/deal_damage	proc	17	12	game/atom/atom_defense.dm	Domain APIs: body, damage, heat, sound, combat AI (sections 13 and 14)	kept	the damage API stays (domain API, section 14): hits reach receive_damage() through the hit actions, objects take them through integrity	n/a	n/a	none	no
om_watch_disarm	/proc/om_watch_disarm	proc	17	16	datums/om/watch.dm	Tracked vars, stats, holds, grants, statuses, traits (sections 4 and 5)	replaced	generated reads (section 7); on_change(cond, ...) for a reaction; on_cross(native(...), ...) for a threshold	1 (E5)	3	codemod	no
tgui_input_number	/proc/tgui_input_number	proc	17	1	modules/tgui_input/number.dm	Look, UI, topics, verbs, prompts (section 13)	replaced	asks(/datum/prompt/number/x, ...) or request()	2	3	codemod	yes
tgui_input_text	/proc/tgui_input_text	proc	17	1	modules/tgui_input/text.dm	Look, UI, topics, verbs, prompts (section 13)	replaced	asks(/datum/prompt/text/x, ...) or request()	2	3	codemod	yes
EXPIRY_TMP_DECLARE	EXPIRY_TMP_DECLARE	macro()	17	14	__defines/sys_expiry.dm	Tracked vars, stats, holds, grants, statuses, traits (sections 4 and 5)	replaced	a timed hold()	1 (E3)	3	codemod	no
SSvg	SSvg	var	17	5	subsystem accessor	Kernel, systems, input, IO (sections 2 and 3)	kept	the SSx accessor of a system, or system(/datum/system/x) (section 2)	n/a	n/a	none	no
SYSTEM_DEF	SYSTEM_DEF	macro()	17	17	__defines/MC.dm	Kernel, systems, input, IO (sections 2 and 3)	kept	SYSTEM_DEF(x) (section 2): gains phase = and latency_class =	n/a	n/a	none	no
ui_opening	/datum/proc/ui_opening	hook	16	19	datums/sys/ui.dm	Look, UI, topics, verbs, prompts (section 13)	replaced	"on_op(""interface.<window>.open"", parts...): the code runs when the window's open op finishes"	2	3	skeleton codemod (agent finishes)	yes
ask_color	/proc/ask_color	proc	16	1	datums/capabilities/ask.dm	Look, UI, topics, verbs, prompts (section 13)	replaced	a workflow step: asks(/datum/prompt/color/x, ...) or request(...)	2	3	codemod	no
cap_set	/proc/cap_set	proc	16	5	datums/capabilities/capabilities.dm	Tracked vars, stats, holds, grants, statuses, traits (sections 4 and 5)	replaced	sets(KEY, value) / toggles(KEY) in the op that owns the change; each flag publishes its own key	1 (E5)	3	codemod	no
image_anchor	/proc/image_anchor	proc	16	13	datums/containment/spatial.dm	Relations, ownership, lifecycle, registries (section 6)	kept	spatial reads over the containment ledger (kept, section 6); raw contents and loc scans stay banned	n/a	n/a	none	no
rel_key	/proc/rel_key	proc	16	14	datums/ownership/table.dm	Relations, ownership, lifecycle, registries (section 6)	replaced	ref_one(..., by = nameof(id_var)): the id var the keyed relation finds the target by	1 (E1)	3	codemod	no
PUBLISH_CHANGE	PUBLISH_CHANGE	macro()	16	11	__defines/reactions.dm	Hooks, notices, damage reactions (sections 10 and 14)	kept	final API (sections 4 and 10); the 3-argument TRACKED converts to the variadic form	n/a	n/a	none	no
UI_ARG_PATH	UI_ARG_PATH	macro()	16	9	__defines/sys_ui.dm	Look, UI, topics, verbs, prompts (section 13)	replaced	arg(name, path(type))	2	3	skeleton codemod (agent finishes)	no
client_ask	client_ask	macro()	16	9	__defines/om.dm	Look, UI, topics, verbs, prompts (section 13)	replaced	request(admin, /datum/request/x, then(PROC_REF(done)), field = v...): admin verb bodies and client procs are not ops, so the code after the question moves into done(datum/act/A)	2	3	codemod	no
fact	/datum/om/frame/proc/fact	hook	15	13	datums/om/pipeline.dm	Timers, periodic work, tasks, cooldowns (section 3)	replaced	a typed fact var on the frame, read as F.alive	1 (E6)	5	Life track (5)	no
initialize	/datum/system/proc/initialize	hook	15	51	controllers/kernel/system.dm	Kernel, systems, input, IO (sections 2 and 3)	kept	system hooks (section 2)	n/a	n/a	none	no
leash_master	/obj/item/leash/proc/leash_master	hook	15	1	datums/om/relation.dm	Relations, ownership, lifecycle, registries (section 6)	replaced	a plain read of the declared relation var of the same name, without the parentheses (for example M.buckled_to); the pair is declared once with link(/mob::buckled_to, /atom/movable::buckled_mob_list)	1 (E1)	3	codemod	no
leash_pet	/obj/item/leash/proc/leash_pet	hook	15	1	datums/om/relation.dm	Relations, ownership, lifecycle, registries (section 6)	replaced	a plain read of the declared relation var of the same name, without the parentheses (for example M.buckled_to); the pair is declared once with link(/mob::buckled_to, /atom/movable::buckled_mob_list)	1 (E1)	3	codemod	no
fully_heal	/proc/fully_heal	proc	15	15	modules/body/injury.dm	Domain APIs: body, damage, heat, sound, combat AI (sections 13 and 14)	kept	the body API stays (domain API, section 14): injure(), mend(), fully_heal(), vitality(), is_critical(), injury_load(), factor(); factors are STAT_* reads	n/a	n/a	none	no
om_grant_each	/proc/om_grant_each	proc	15	11	datums/om/grant_verbs.dm	Tracked vars, stats, holds, grants, statuses, traits (sections 4 and 5)	replaced	grant() / revoke() per member	1 (E3)	3	codemod	no
om_hold_busy	/proc/om_hold_busy	proc	15	10	datums/om/task.dm	Timers, periodic work, tasks, cooldowns (section 3)	replaced	a timed hold on a stat the type declares for that state (STAT(/obj/machinery/slot_machine, spinning, ANY), then holds(STAT_SPINNING, lasts = t) in the op or hold(src, STAT_SPINNING, source = src, lasts = t)); the end callback is on_change(STAT_SPINNING, EXIT, ...) or a read in draw() [choose: an actor's own busy state is its pending op (BUSY_REPLACE/BUSY_REFUSE), never a stat; only a thing that is occupied for a while declares one]	1 (E2)	6	wave	no
type_verb	/proc/type_verb	proc	15	1	datums/capabilities/type_verbs.dm	Look, UI, topics, verbs, prompts (section 13)	replaced	verb_entry(path, login = TRUE)	2	3	codemod	no
INTERACT_HAND_DEFAULT	INTERACT_HAND_DEFAULT	macro()	15	14	__defines/interactions.dm	Ops, input parts, requirements, tools (sections 8 and 9)	replaced	the same op(...) with priority(OP_PRIORITY_DEFAULT) (the lowest tier)	2	3	skeleton codemod (agent finishes)	no
MSG_LITERAL	MSG_LITERAL	macro()	15	4	__defines/messages.dm	Look, UI, topics, verbs, prompts (section 13)	kept	message types used by says() (kept)	n/a	n/a	none	no
react_to_entry	/atom/proc/react_to_entry	hook	14	9	datums/sys/damage_reactions.dm	Hooks, notices, damage reactions (sections 10 and 14)	replaced	extend(/datum/act/hit/<entry>, instead(...)) / adjusts(...)	1 (E4)	3	codemod	no
om_revoke_each	/proc/om_revoke_each	proc	14	10	datums/om/grant_verbs.dm	Tracked vars, stats, holds, grants, statuses, traits (sections 4 and 5)	replaced	grant() / revoke() per member	1 (E3)	3	codemod	no
refine	/proc/refine	proc	14	4	datums/operations/cap_op.dm	Ops, input parts, requirements, tools (sections 8 and 9)	replaced	extend(key, parts...) for an op; configure(CAP_X, param = v) for a capability	2	3	skeleton codemod (agent finishes)	no
stat_remove	/proc/stat_remove	proc	14	13	game/machinery/machinery_fields.dm	Tracked vars, stats, holds, grants, statuses, traits (sections 4 and 5)	replaced	the matching contribution ending (atom_fix(), power returning, the EMP hold expiring)	1 (E3)	4	machine track (4)	no
DS2TICKS	DS2TICKS	macro()	14	8	__defines/time.dm	Timers, periodic work, tasks, cooldowns (section 3)	kept	time unit conversions (kept)	n/a	n/a	none	no
EXPIRY_ACTIVE	EXPIRY_ACTIVE	macro()	14	9	__defines/sys_expiry.dm	Tracked vars, stats, holds, grants, statuses, traits (sections 4 and 5)	replaced	read the stat var	1 (E3)	3	codemod	no
GLOB.radiation_service	GLOB.radiation_service	var	14	4	world service accessor	Kernel, systems, input, IO (sections 2 and 3)	replaced	system(/datum/system/<x>) (or its SS<x> name): the service GLOB.<x>_service becomes the system <x>	1S	1S	service port (1S)	no
REQ_FIELD	REQ_FIELD	macro()	14	12	__defines/sys_requirements.dm	Ops, input parts, requirements, tools (sections 8 and 9)	replaced	req_is(nameof(v), because = MSG(x))	1 (E2)	3	codemod	no
demand	/datum/world_service/proc/demand	hook	13	28	datums/om/world_lanes.dm	Kernel, systems, input, IO (sections 2 and 3)	deleted	an on-demand system parks while its every(when =) is false	1S	1S	delete	no
has_work	/datum/world_service/proc/has_work	hook	13	13	datums/om/world_lanes.dm	Kernel, systems, input, IO (sections 2 and 3)	deleted	an on-demand system parks while its every(when =) is false	1S	1S	delete	no
is_welded	/proc/is_welded	proc	13	3	datums/capabilities/library/_library.dm	Tracked vars, stats, holds, grants, statuses, traits (sections 4 and 5)	replaced	read the welded var (D.welded)	1 (E3)	4	machine track (4)	no
om_handle	/proc/om_handle	proc	13	6	datums/om/timer.dm	Engine internals content calls today (grouped; they leave with their layer)	internal	the timer wheel (kernel phase D)	n/a	7	deleted with its layer	no
om_hold	/proc/om_hold	proc	13	6	datums/om/contribution.dm	Tracked vars, stats, holds, grants, statuses, traits (sections 4 and 5)	replaced	hold(E, STAT_X, value, source = SRC_Y, lasts =)	1 (E3)	3	codemod	no
owner_of	/proc/owner_of	proc	13	9	datums/ownership/own.dm	Relations, ownership, lifecycle, registries (section 6)	kept	owner_of(D) (a relation read, section 6)	n/a	n/a	none	no
BF_ARMOR	BF_ARMOR	macro()	13	3	__defines/body_factors.dm	Tracked vars, stats, holds, grants, statuses, traits (sections 4 and 5)	renamed	one stat per armour kind (STAT_ARMOR_BLUNT ... STAT_ARMOR_BLAST, SUM) and per injury category (STAT_INCOMING_PHYSICAL, ..., PRODUCT); the body domain's injury_armor(kind) picks one by a runtime kind	1 (E3)	3	codemod	no
GLOB.asset_loading_service	GLOB.asset_loading_service	var	13	4	world service accessor	Kernel, systems, input, IO (sections 2 and 3)	replaced	system(/datum/system/<x>) (or its SS<x> name): the service GLOB.<x>_service becomes the system <x>	1S	1S	service port (1S)	no
GLOB.explosion_service	GLOB.explosion_service	var	13	6	world service accessor	Kernel, systems, input, IO (sections 2 and 3)	replaced	system(/datum/system/<x>) (or its SS<x> name): the service GLOB.<x>_service becomes the system <x>	1S	1S	service port (1S)	no
QDELING	QDELING	macro()	13	10	__defines/qdel.dm	Relations, ownership, lifecycle, registries (section 6)	kept	qdel state reads (kept, section 6)	n/a	n/a	none	no
SSrobot_sprites	SSrobot_sprites	var	13	8	subsystem accessor	Kernel, systems, input, IO (sections 2 and 3)	kept	the SSx accessor of a system, or system(/datum/system/x) (section 2)	n/a	n/a	none	no
SSsqlite	SSsqlite	var	13	4	subsystem accessor	Kernel, systems, input, IO (sections 2 and 3)	kept	the SSx accessor of a system, or system(/datum/system/x) (section 2)	n/a	n/a	none	no
om_after_replace	om_after_replace	macro()	13	11	__defines/om.dm	Timers, periodic work, tasks, cooldowns (section 3)	replaced	"after(..., key = ""name""): a keyed timer replaces an earlier one with the same key"	1 (E6)	3	codemod	no
om_after_unique	om_after_unique	macro()	13	9	__defines/om.dm	Timers, periodic work, tasks, cooldowns (section 3)	replaced	"after(..., key = ""name""): a keyed timer replaces an earlier one with the same key"	1 (E6)	3	codemod	no
om_task_periodic_stop	om_task_periodic_stop	macro()	13	11	__defines/om.dm	Timers, periodic work, tasks, cooldowns (section 3)	replaced	the when condition turning false stops it	1 (E6)	3	codemod	no
slot_clear	/atom/proc/slot_clear	hook	12	5	datums/lifecycle/verbs.dm	Relations, ownership, lifecycle, registries (section 6)	kept	slot_clear(slot) (kept, section 6)	n/a	n/a	none	no
grant_ability	/mob/living/proc/grant_ability	hook	12	5	datums/abilities/ability.dm	Ops, input parts, requirements, tools (sections 8 and 9)	replaced	grant(M, /datum/capability/<ability>, source): the ability is an actor op with menu(button =, bind =)	2	3	skeleton codemod (agent finishes)	yes
add_heat	/proc/add_heat	proc	12	8	modules/heat/heat.dm	Domain APIs: body, damage, heat, sound, combat AI (sections 13 and 14)	kept	the gas mixture handle and heat API stay (domain API, section 14)	n/a	n/a	none	no
after	/proc/after	proc	12	31	datums/capabilities/timed.dm	Timers, periodic work, tasks, cooldowns (section 3)	kept	after() family (section 3)	n/a	n/a	none	no
attack_target	/proc/attack_target	proc	12	15	modules/combat_ai	Domain APIs: body, damage, heat, sound, combat AI (sections 13 and 14)	replaced	perform_intent(owner, target, INTENT_ATTACK) or perform_op(): the resolution, requirements, cooldown and messages of a player's click, so the checkClickCooldown() test in front of the call goes	1 (E2)	6	wave	yes
get_player_verb_info	/proc/get_player_verb_info	proc	12	7	modules/combat_ai	Domain APIs: body, damage, heat, sound, combat AI (sections 13 and 14)	replaced	"a menu() op under ""Abilities"" on the behaviour's capability, replacing the ""Use Combat Move"" dispatcher verb"	2	6	wave	yes
ui_subdispatch	/proc/ui_subdispatch	proc	12	6	datums/sys/ui.dm	Engine internals content calls today (grouped; they leave with their layer)	internal	op resolution and the window table	n/a	7	deleted with its layer	no
verb_source	/proc/verb_source	proc	12	8	datums/om/grant_verbs.dm	Look, UI, topics, verbs, prompts (section 13)	replaced	an SRC_X source (SOURCE_DEF(config), SOURCE_DEF(admin))	2	3	wave	no
INTERACT_TK	INTERACT_TK	macro()	12	10	__defines/interactions.dm	Ops, input parts, requirements, tools (sections 8 and 9)	replaced	nothing to write: telekinesis is a provider (provides(AFF_MANIPULATE, reach = TK_RANGE, line_of_sight = TRUE)), so it does any hand op on a target in range and in sight; compartments and requirements still apply and it has no tool or attack affordances; a body-contact op adds reach(REACH_RANGE(1))	2	3	skeleton codemod (agent finishes)	no
MC_AVERAGE	MC_AVERAGE	macro()	12	6	__defines/MC.dm	Kernel, systems, input, IO (sections 2 and 3)	renamed	KERNEL_AVERAGE, KERNEL_RUNNING, ... (the same metric math under kernel names; the Master Controller is deleted)	1 (E6)	1 (E6)	codemod	no
OM_FIELD_SETTER	OM_FIELD_SETTER	macro()	12	6	__defines/om.dm	Tracked vars, stats, holds, grants, statuses, traits (sections 4 and 5)	replaced	TRACKED(T, v): the setter is generated and has no body; the side effects of a change are an on_change hook, and a value that must be limited is a stat	1 (E1)	3	codemod	no
REGISTRY_COPY	REGISTRY_COPY	macro()	12	9	__defines/registries.dm	Relations, ownership, lifecycle, registries (section 6)	replaced	members_of(REGISTRY_X).Copy()	1 (E1)	3	codemod	no
REQ_REACH	REQ_REACH	macro()	12	5	__defines/predicates.dm	Ops, input parts, requirements, tools (sections 8 and 9)	replaced	the reach gate (implicit for a binding whose reach policy is spatial)	2	3	codemod	no
SUBSYSTEM_DEF	SUBSYSTEM_DEF	macro()	12	12	__defines/MC.dm	Kernel, systems, input, IO (sections 2 and 3)	replaced	SYSTEM_DEF(x); host systems set phase = KERNEL_PHASE_K (or _N) and latency_class = LATENCY_L0	1 (E6)	1 (E6)	codemod	no
available_on	/datum/interaction/construction/proc/available_on	hook	11	3	datums/interactions/construction.dm	Capabilities, construction, emag (sections 11 and 12)	replaced	the stage's when(req...)	2	6	wave	no
def_by_id	/datum/ledger/proc/def_by_id	hook	11	7	datums/containment/ledger.dm	Relations, ownership, lifecycle, registries (section 6)	internal	containment ledger internals	n/a	7	deleted with its layer	no
ended	/datum/om/flow/proc/ended	hook	11	17	datums/om/flow.dm	Look, UI, topics, verbs, prompts (section 13)	replaced	the form's then(PROC_REF(x)) and on_cancel()	2	3	codemod	no
refused	/datum/om/prompt/proc/refused	hook	11	10	datums/om/ask.dm	Look, UI, topics, verbs, prompts (section 13)	replaced	a requirement on the asking op refusing closes the window with its reason, and on_cancel(datum/act/A) runs	2	3	codemod	no
lifecycle_unbind	/datum/proc/lifecycle_unbind	hook	11	20	datums/lifecycle/transaction.dm	Engine internals content calls today (grouped; they leave with their layer)	internal	the destroy transaction clears declared relations itself (no hook to override)	n/a	7	deleted with its layer	no
dx_winget	/proc/dx_winget	proc	11	6	datums/om/dx_exec.dm	Kernel, systems, input, IO (sections 2 and 3)	replaced	request(client, /datum/client_query/winget | measure_text | ..., then(PROC_REF(done)))	1 (E6)	3	codemod	no
om_release	/proc/om_release	proc	11	6	datums/om/contribution.dm	Tracked vars, stats, holds, grants, statuses, traits (sections 4 and 5)	replaced	release(E, STAT_X, source)	1 (E3)	3	codemod	no
om_run	/proc/om_run	proc	11	10	datums/om/timer.dm	Timers, periodic work, tasks, cooldowns (section 3)	replaced	the then() part runs the proc; it never sleeps	1 (E6)	3	codemod	no
om_watch_arm_condition	/proc/om_watch_arm_condition	proc	11	9	datums/om/watch.dm	Tracked vars, stats, holds, grants, statuses, traits (sections 4 and 5)	replaced	generated reads (section 7); on_change(cond, ...) for a reaction; on_cross(native(...), ...) for a threshold	1 (E5)	3	codemod	no
timed_cancel	/proc/timed_cancel	proc	11	2	datums/capabilities/timed.dm	Tracked vars, stats, holds, grants, statuses, traits (sections 4 and 5)	replaced	release(E, STAT_X, source)	1 (E3)	3	codemod	no
ui_ref	/proc/ui_ref	proc	11	3	datums/capabilities/ui_actions.dm	Look, UI, topics, verbs, prompts (section 13)	replaced	arg(name, ref(type))	2	3	skeleton codemod (agent finishes)	no
CACHE_ON_CHANGE	CACHE_ON_CHANGE	macro()	11	6	__defines/om.dm	Hooks, notices, damage reactions (sections 10 and 14)	replaced	on_change(nameof(v), ANY, then(PROC_REF(invalidate)))	1 (E4)	3	codemod	no
CAPABILITY	CAPABILITY	macro()	11	11	__defines/capabilities.dm	Declarations, init, loot, caches, map resolvers (section 6)	replaced	CAPABILITIES(T, entries...) (one per type; a second is a build error)	1 (E1)	3	codemod	no
DAMAGE_REACTION_AFTER	DAMAGE_REACTION_AFTER	macro()	11	11	__defines/sys_damage_reactions.dm	Hooks, notices, damage reactions (sections 10 and 14)	replaced	on_notice(/datum/notice/hit/<entry>, then(PROC_REF(x)))	1 (E4)	3	codemod	yes
GLOB.vote_service	GLOB.vote_service	var	11	5	world service accessor	Kernel, systems, input, IO (sections 2 and 3)	replaced	system(/datum/system/<x>) (or its SS<x> name): the service GLOB.<x>_service becomes the system <x>	1S	1S	service port (1S)	no
SSbehaviours	SSbehaviours	var	11	5	subsystem accessor	Kernel, systems, input, IO (sections 2 and 3)	deleted	deleted: its work is in the kernel tick (boot, the audit switch and bench counters stay as kernel functions)	1 (E6)	1 (E6)	delete	no
on_traversed	/datum/construction_graph/proc/on_traversed	hook	10	9	datums/interactions/construction.dm	Capabilities, construction, emag (sections 11 and 12)	replaced	the stage's then(PROC_REF(x)) going forward and undone(PROC_REF(x)) going back	2	6	wave	no
lifecycle_keep	/datum/proc/lifecycle_keep	hook	10	16	datums/lifecycle/transaction.dm	Relations, ownership, lifecycle, registries (section 6)	kept	lifecycle_keep(force) / lifecycle_prerelease() (kept, section 6)	n/a	n/a	none	no
revoke_ability	/mob/living/proc/revoke_ability	hook	10	4	datums/abilities/ability.dm	Ops, input parts, requirements, tools (sections 8 and 9)	replaced	revoke(M, /datum/capability/<ability>, source)	2	3	skeleton codemod (agent finishes)	no
make_sellable	/obj/proc/make_sellable	hook	10	10	datums/behaviours/sellable.dm	Capabilities, construction, emag (sections 11 and 12)	replaced	entries on the type (a sellable op and its then(PROC_REF(x)))	2	3	codemod	no
cap_op	/proc/cap_op	proc	10	4	datums/operations/cap_op.dm	Ops, input parts, requirements, tools (sections 8 and 9)	replaced	op(key, parts...)	2	3	skeleton codemod (agent finishes)	no
is_emagged	/proc/is_emagged	proc	10	4	datums/capabilities/capabilities.dm	Tracked vars, stats, holds, grants, statuses, traits (sections 4 and 5)	replaced	read the emagged var	1 (E3)	4	machine track (4)	no
kernel_pure_systems	/proc/kernel_pure_systems	proc	10	5	controllers/kernel/boot.dm	Engine internals content calls today (grouped; they leave with their layer)	internal	kernel boot and graph internals	n/a	7	deleted with its layer	no
om_attached	/proc/om_attached	proc	10	6	datums/om/entity.dm	Tracked vars, stats, holds, grants, statuses, traits (sections 4 and 5)	replaced	granted()	1 (E3)	3	codemod	no
rust_push	/proc/rust_push	proc	10	10	datums/capabilities/derived.dm	Tracked vars, stats, holds, grants, statuses, traits (sections 4 and 5)	replaced	push_to_rust() output (section 14)	1 (E5)	3	codemod	no
seq_anchor	/proc/seq_anchor	proc	10	2	controllers/kernel/sequence_table.dm	Kernel, systems, input, IO (sections 2 and 3)	kept	an ordering anchor a step names in runs_after = (section 3)	n/a	n/a	none	no
ADMIN_VERB_VISIBILITY	ADMIN_VERB_VISIBILITY	macro()	10	4	__defines/admin_verb.dm	Look, UI, topics, verbs, prompts (section 13)	kept	admin commands (kept, section 13)	n/a	n/a	none	no
CACHED	CACHED	macro()	10	9	__defines/shared_cache.dm	Declarations, init, loot, caches, map resolvers (section 6)	kept	caching tools (kept, section 6)	n/a	n/a	none	no
DECLARE_REGISTRY	DECLARE_REGISTRY	macro()	10	8	__defines/lifecycle_decl.dm	Relations, ownership, lifecycle, registries (section 6)	replaced	membership(joins = REGISTRY_X)	1 (E1)	3	codemod	no
DECLARE_SHARED_CACHE_EX	DECLARE_SHARED_CACHE_EX	macro()	10	9	__defines/shared_cache.dm	Declarations, init, loot, caches, map resolvers (section 6)	kept	caching tools (kept, section 6)	n/a	n/a	none	no
GLOB.character_setup_service	GLOB.character_setup_service	var	10	8	world service accessor	Kernel, systems, input, IO (sections 2 and 3)	replaced	system(/datum/system/<x>) (or its SS<x> name): the service GLOB.<x>_service becomes the system <x>	1S	1S	service port (1S)	no
LOOT_TYPES	LOOT_TYPES	macro()	10	6	__defines/loot.dm	Declarations, init, loot, caches, map resolvers (section 6)	kept	loot tables (kept, section 6)	n/a	n/a	none	no
SSholomaps	SSholomaps	var	10	4	subsystem accessor	Kernel, systems, input, IO (sections 2 and 3)	kept	the SSx accessor of a system, or system(/datum/system/x) (section 2)	n/a	n/a	none	no
STANDARD_ATMOS_CHOOSE_NODE	STANDARD_ATMOS_CHOOSE_NODE	macro()	10	4	__defines/construction.dm	Capabilities, construction, emag (sections 11 and 12)	kept	atmos pipe construction helper (kept)	n/a	n/a	none	no
UI_ACT_OVERRIDE	UI_ACT_OVERRIDE	macro()	10	7	__defines/sys_ui.dm	Look, UI, topics, verbs, prompts (section 13)	replaced	"extend(""key"", ...)"	2	3	skeleton codemod (agent finishes)	no
UI_FROM_VAR	UI_FROM_VAR	macro()	10	10	__defines/sys_ui.dm	Tracked vars, stats, holds, grants, statuses, traits (sections 4 and 5)	replaced	generated reads of ui_data()	1 (E5)	3	codemod	no
slot_item_real	/atom/proc/slot_item_real	hook	9	9	datums/sys/contents.dm	Relations, ownership, lifecycle, registries (section 6)	kept	slot_item(slot_id) read (kept, section 6)	n/a	n/a	none	no
on_unlink	/datum/om/relation/proc/on_unlink	hook	9	8	datums/om/defs.dm	Relations, ownership, lifecycle, registries (section 6)	replaced	ref_one(..., on_unlink = PROC_REF(x))	1 (E1)	3	codemod	no
eye_owner	/mob/observer/eye/proc/eye_owner	hook	9	6	datums/om/relation.dm	Relations, ownership, lifecycle, registries (section 6)	replaced	a plain read of the declared relation var of the same name, without the parentheses (for example M.buckled_to); the pair is declared once with link(/mob::buckled_to, /atom/movable::buckled_mob_list)	1 (E1)	3	codemod	no
cover_is_open	/proc/cover_is_open	proc	9	3	datums/capabilities/capabilities.dm	Tracked vars, stats, holds, grants, statuses, traits (sections 4 and 5)	replaced	the generated accessor of the capability's state key (panel_open(holder), cover_open(holder), lock_locked(holder)) [choose: a capability state key has a generated accessor; a stat or tracked var is read as a plain var]	1 (E5)	3	codemod	yes
dq_interaction_click_params	/proc/dq_interaction_click_params	proc	9	6	datums/interactions/resolver.dm	Ops, input parts, requirements, tools (sections 8 and 9)	replaced	the gesture and params in the act context (A.origin, A.args)	2	3	skeleton codemod (agent finishes)	no
om_sql_view	/proc/om_sql_view	proc	9	4	datums/om/flow_io.dm	Kernel, systems, input, IO (sections 2 and 3)	replaced	asks(/datum/io/sql/x, ...) followed by a list prompt	1 (E6)	3	codemod	no
run_interaction_entry	/proc/run_interaction_entry	proc	9	7	datums/interactions/resolver.dm	Ops, input parts, requirements, tools (sections 8 and 9)	replaced	perform_op()	2	3	skeleton codemod (agent finishes)	no
DESTROY_EFFECTS	DESTROY_EFFECTS	macro()	9	8	__defines/lifecycle.dm	Relations, ownership, lifecycle, registries (section 6)	kept	lifecycle_keep(force) and the destroy transaction (kept, section 6)	n/a	n/a	none	no
FACT	FACT	macro()	9	2	__defines/om.dm	Timers, periodic work, tasks, cooldowns (section 3)	replaced	a typed fact var on the frame, filled by compute_facts()	1 (E6)	5	Life track (5)	no
FOR_CONTENTS	FOR_CONTENTS	macro()	9	5	__defines/containment.dm	Relations, ownership, lifecycle, registries (section 6)	kept	spatial and contents API (kept, section 6)	n/a	n/a	none	no
GLOB.time_track_service	GLOB.time_track_service	var	9	2	world service accessor	Kernel, systems, input, IO (sections 2 and 3)	replaced	system(/datum/system/<x>) (or its SS<x> name): the service GLOB.<x>_service becomes the system <x>	1S	1S	service port (1S)	no
QDEL_LIST	QDEL_LIST	macro()	9	7	__defines/qdel.dm	Relations, ownership, lifecycle, registries (section 6)	replaced	slot_clear() / rel_clear()	1 (E1)	3	codemod	no
SSnerdle	SSnerdle	var	9	2	subsystem accessor	Kernel, systems, input, IO (sections 2 and 3)	kept	the SSx accessor of a system, or system(/datum/system/x) (section 2)	n/a	n/a	none	no
latent_entries	/atom/proc/latent_entries	hook	8	6	datums/containment/latent.dm	Relations, ownership, lifecycle, registries (section 6)	kept	slot and latent reads (kept, section 6)	n/a	n/a	none	no
state_of	/datum/construction_graph/proc/state_of	hook	8	8	datums/interactions/construction.dm	Capabilities, construction, emag (sections 11 and 12)	replaced	built(src, STAGE_X); stages change only through stage() steps	2	6	wave	no
declined	/datum/om/prompt/proc/declined	hook	8	9	datums/om/ask.dm	Look, UI, topics, verbs, prompts (section 13)	replaced	"the prompt kind's on_cancel(datum/act/A): a ""no"" and a closed window both cancel"	2	3	codemod	no
stat_entry	/datum/system/proc/stat_entry	hook	8	23	controllers/kernel/system.dm	Kernel, systems, input, IO (sections 2 and 3)	replaced	metrics()	1 (E6)	1 (E6)	codemod	no
following_target	/mob/observer/proc/following_target	hook	8	3	datums/om/relation.dm	Relations, ownership, lifecycle, registries (section 6)	replaced	a plain read of the declared relation var of the same name, without the parentheses (for example M.buckled_to); the pair is declared once with link(/mob::buckled_to, /atom/movable::buckled_mob_list)	1 (E1)	3	codemod	no
emag_target	/proc/emag_target	proc	8	8	datums/sys/emag.dm	Capabilities, construction, emag (sections 11 and 12)	replaced	"perform_op(actor, target, ""emag.use"", card, authority = A): the target's emag() op, run with an authority datum (ion storms, the pAI toolkit); the card's charges are the op's costs(RES_USES, n)"	2	3	codemod	yes
emp_disable	/proc/emp_disable	proc	8	8	datums/sys/damage_reactions.dm	Hooks, notices, damage reactions (sections 10 and 14)	kept	emp_disable(lasts, resist) capability (section 11)	n/a	n/a	none	no
kernel	/proc/kernel	proc	8	6	controllers/kernel/kernel.dm	Engine internals content calls today (grouped; they leave with their layer)	internal	kernel boot and graph internals	n/a	7	deleted with its layer	no
om_detach	/proc/om_detach	proc	8	6	datums/om/entity.dm	Tracked vars, stats, holds, grants, statuses, traits (sections 4 and 5)	replaced	revoke()	1 (E3)	3	codemod	no
ui_number	/proc/ui_number	proc	8	2	datums/capabilities/ui_actions.dm	Look, UI, topics, verbs, prompts (section 13)	replaced	arg(name, num(...))	2	3	skeleton codemod (agent finishes)	no
ADMIN_VERB_ONLY_CONTEXT_MENU	ADMIN_VERB_ONLY_CONTEXT_MENU	macro()	8	8	__defines/admin_verb.dm	Look, UI, topics, verbs, prompts (section 13)	kept	admin commands (kept, section 13)	n/a	n/a	none	no
COOLDOWN_RESET	COOLDOWN_RESET	macro()	8	7	__defines/cooldowns.dm	Timers, periodic work, tasks, cooldowns (section 3)	kept	rate limits: kept (section 3); COOLDOWN_KEYED_DECLARE / _START / _FINISHED for dynamic keys	n/a	n/a	none	no
DECLARE_VERB_HIDE	DECLARE_VERB_HIDE	macro()	8	7	__defines/lifecycle_decl.dm	Look, UI, topics, verbs, prompts (section 13)	replaced	"grant(E, hidden_verb(path), source) for a verb_entry; without(""key"") for an op"	2	3	codemod	no
REQ_TYPE	REQ_TYPE	macro()	8	7	__defines/constraints.dm	Ops, input parts, requirements, tools (sections 8 and 9)	replaced	req(type, of = ON_HELD) (or ON_TARGET, ON_ACTOR)	1 (E2)	3	codemod	no
SSmedia_tracks	SSmedia_tracks	var	8	3	subsystem accessor	Kernel, systems, input, IO (sections 2 and 3)	kept	the SSx accessor of a system, or system(/datum/system/x) (section 2)	n/a	n/a	none	no
om_ask_sequence	om_ask_sequence	macro()	8	6	__defines/om.dm	Look, UI, topics, verbs, prompts (section 13)	replaced	a workflow of asks() steps, each answer kept under its step name (step =), or one /datum/prompt/form for several questions in one window [choose: questions whose answers depend on each other, or that belong in one window, are a form; independent ones are separate named steps]	2	3	codemod	no
appearance_notify_neighbours	/atom/proc/appearance_notify_neighbours	hook	7	6	datums/sys/appearance.dm	Look, UI, topics, verbs, prompts (section 13)	kept	called from draw() for neighbour smoothing (section 13)	n/a	n/a	none	no
set_state	/datum/construction_graph/proc/set_state	hook	7	18	datums/interactions/construction.dm	Capabilities, construction, emag (sections 11 and 12)	replaced	built(src, STAGE_X); stages change only through stage() steps	2	6	wave	no
valid	/datum/om/flow/proc/valid	hook	7	93	datums/om/flow.dm	Look, UI, topics, verbs, prompts (section 13)	renamed	the form's valid()	2	3	codemod	no
lifecycle_prerelease	/datum/proc/lifecycle_prerelease	hook	7	17	datums/lifecycle/links.dm	Relations, ownership, lifecycle, registries (section 6)	kept	lifecycle_keep(force) / lifecycle_prerelease() (kept, section 6)	n/a	n/a	none	no
after_click	/proc/after_click	proc	7	1	datums/capabilities/item_entries.dm	Ops, input parts, requirements, tools (sections 8 and 9)	replaced	op(key, item(T), ...) (a held item's at_target op)	2	3	skeleton codemod (agent finishes)	no
is_registered	/proc/is_registered	proc	7	6	datums/ownership/shared.dm	Relations, ownership, lifecycle, registries (section 6)	kept	is_registered(x): TRUE for a shared registry instance, which is copied before anyone writes to it (section 6)	n/a	n/a	none	no
keyed_set_id	/proc/keyed_set_id	proc	7	6	datums/ownership/views.dm	Relations, ownership, lifecycle, registries (section 6)	replaced	the id var's generated setter, set_<id_var>(id); a ref_one(..., by = nameof(id_var)) relinks when it changes	1 (E1)	3	codemod	no
om_watch	/proc/om_watch	proc	7	6	datums/om/entity.dm	Tracked vars, stats, holds, grants, statuses, traits (sections 4 and 5)	replaced	generated reads (section 7); on_change(cond, ...) for a reaction; on_cross(native(...), ...) for a threshold	1 (E5)	3	codemod	no
receive_damage	/proc/receive_damage	proc	7	1	game/atom/atom_defense.dm	Domain APIs: body, damage, heat, sound, combat AI (sections 13 and 14)	kept	the damage API stays (domain API, section 14): hits reach receive_damage() through the hit actions, objects take them through integrity	n/a	n/a	none	no
seq_condition	/proc/seq_condition	proc	7	2	controllers/kernel/sequence_table.dm	Timers, periodic work, tasks, cooldowns (section 3)	replaced	a typed fact var on the sequence frame (F.alive), filled by compute_facts() once per frame; a step reads it in its when = condition	1 (E6)	5	Life track (5)	yes
shared_set	/proc/shared_set	proc	7	5	datums/ownership/shared.dm	Relations, ownership, lifecycle, registries (section 6)	replaced	rel_set(E, nameof(v), x) on a var typed as a registry or flyweight type (section 6)	1 (E1)	3	codemod	no
ui_text	/proc/ui_text	proc	7	2	datums/capabilities/ui_actions.dm	Look, UI, topics, verbs, prompts (section 13)	replaced	arg(name, text(...))	2	3	skeleton codemod (agent finishes)	no
wires_of	/proc/wires_of	proc	7	4	datums/capabilities/library/wires.dm	Capabilities, construction, emag (sections 11 and 12)	replaced	cap_data(A) returning the typed /datum/cap_data/wires of the activation	2	3	codemod	no
GLOB.nightshift_service	GLOB.nightshift_service	var	7	1	world service accessor	Kernel, systems, input, IO (sections 2 and 3)	replaced	system(/datum/system/<x>) (or its SS<x> name): the service GLOB.<x>_service becomes the system <x>	1S	1S	service port (1S)	no
HOLD_NOT	HOLD_NOT	macro()	7	4	__defines/constraints.dm	Ops, input parts, requirements, tools (sections 8 and 9)	replaced	extend(/datum/act/insert, needs(not(req(types, of = ON_HELD), because = MSG(slot/refuses))))	2	3	codemod	no
MACHINE_SLEEP	MACHINE_SLEEP	macro()	7	5	__defines/machinery.dm	Tracked vars, stats, holds, grants, statuses, traits (sections 4 and 5)	deleted	work parks when its when is false	1 (E3)	4	delete	no
MSG_DEF	MSG_DEF	macro()	7	2	__defines/messages.dm	Look, UI, topics, verbs, prompts (section 13)	kept	message types used by says() (kept)	n/a	n/a	none	no
MSG_DEF_SELF	MSG_DEF_SELF	macro()	7	3	__defines/messages.dm	Look, UI, topics, verbs, prompts (section 13)	kept	message types used by says() (kept)	n/a	n/a	none	no
OM_EMIT_WORLD	OM_EMIT_WORLD	macro()	7	7	__defines/om.dm	Hooks, notices, damage reactions (sections 10 and 14)	replaced	PUBLISH(world_owner(), x, args...)	1 (E4)	3	codemod	no
OM_FIELD_VIEW_OF	OM_FIELD_VIEW_OF	macro()	7	4	__defines/om.dm	Tracked vars, stats, holds, grants, statuses, traits (sections 4 and 5)	replaced	a relation read: the declared relation var (ref_one, ref_many, link), a generated hop	1 (E1)	3	codemod	no
QDEL_SWAP	QDEL_SWAP	macro()	7	6	__defines/qdel.dm	Relations, ownership, lifecycle, registries (section 6)	replaced	rel_set(src, nameof(v), new_value)	1 (E1)	3	codemod	no
REQ_ANY	REQ_ANY	macro()	7	1	__defines/predicates.dm	Ops, input parts, requirements, tools (sections 8 and 9)	replaced	any_of(...)	1 (E2)	3	codemod	no
SSoverlays	SSoverlays	var	7	2	subsystem accessor	Kernel, systems, input, IO (sections 2 and 3)	kept	the SSx accessor of a system, or system(/datum/system/x) (section 2)	n/a	n/a	none	no
orbiter_list	/atom/movable/proc/orbiter_list	hook	6	2	datums/om/relation.dm	Relations, ownership, lifecycle, registries (section 6)	replaced	a plain read of the declared relation var of the same name, without the parentheses (for example M.buckled_to); the pair is declared once with link(/mob::buckled_to, /atom/movable::buckled_mob_list)	1 (E1)	3	codemod	no
ask_name_var	/atom/proc/ask_name_var	hook	6	5	datums/om/prompt_helpers.dm	Look, UI, topics, verbs, prompts (section 13)	replaced	asks(/datum/prompt/text/name_var, ...)	2	3	codemod	no
on_wake	/datum/om/behaviour/proc/on_wake	hook	6	6	datums/om/defs.dm	Hooks, notices, damage reactions (sections 10 and 14)	deleted	wakes are automatic from reads	1 (E4)	3	delete	no
tick	/datum/om/behaviour/proc/tick	hook	6	68	datums/om/defs.dm	Hooks, notices, damage reactions (sections 10 and 14)	replaced	every(interval, then(PROC_REF(x)))	1 (E4)	3	codemod	no
refusal	/datum/om/relation/slot/proc/refusal	hook	6	10	datums/containment/slot_def.dm	Relations, ownership, lifecycle, registries (section 6)	internal	containment ledger internals	n/a	7	deleted with its layer	no
declared_cache_vars	/datum/proc/declared_cache_vars	hook	6	7	datums/lifecycle/links.dm	Hooks, notices, damage reactions (sections 10 and 14)	replaced	a cache var cleared by on_change(nameof(v), ANY, then(PROC_REF(invalidate)))	1 (E4)	3	codemod	no
spell_buttons	/datum/proc/spell_buttons	hook	6	1	datums/om/ref_relations.dm	Relations, ownership, lifecycle, registries (section 6)	replaced	a plain read of the declared relation var of the same name, without the parentheses (for example M.buckled_to); the pair is declared once with link(/mob::buckled_to, /atom/movable::buckled_mob_list)	1 (E1)	3	codemod	no
is_nearsighted	/mob/proc/is_nearsighted	hook	6	6	datums/om/after_helpers.dm	Timers, periodic work, tasks, cooldowns (section 3)	kept	helper combining the disability with has_status(M, STATUS_NEARSIGHTED) (kept)	n/a	n/a	none	no
tether_host	/obj/item/proc/tether_host	hook	6	4	datums/om/relation.dm	Relations, ownership, lifecycle, registries (section 6)	replaced	a plain read of the declared relation var of the same name, without the parentheses (for example M.buckled_to); the pair is declared once with link(/mob::buckled_to, /atom/movable::buckled_mob_list)	1 (E1)	3	codemod	no
uav_masters	/obj/item/uav/proc/uav_masters	hook	6	1	datums/om/relation.dm	Relations, ownership, lifecycle, registries (section 6)	replaced	a plain read of the declared relation var of the same name, without the parentheses (for example M.buckled_to); the pair is declared once with link(/mob::buckled_to, /atom/movable::buckled_mob_list)	1 (E1)	3	codemod	no
Recreate_kernel	/proc/Recreate_kernel	proc	6	2	controllers/kernel/loop.dm	Engine internals content calls today (grouped; they leave with their layer)	internal	kernel boot and graph internals	n/a	7	deleted with its layer	no
ask_text	/proc/ask_text	proc	6	1	datums/capabilities/ask.dm	Look, UI, topics, verbs, prompts (section 13)	replaced	a workflow step: asks(/datum/prompt/text/x, ...) or request(...); the answer's length and sanitising are the kind's text(...) schema	2	3	codemod	no
can_climb_turf	/proc/can_climb_turf	proc	6	4	datums/behaviours/climbable.dm	Capabilities, construction, emag (sections 11 and 12)	replaced	the climb() library capability entry (section 11)	2	3	codemod	yes
damage	/proc/damage	proc	6	291	datums/sys/damage_reactions.dm	Hooks, notices, damage reactions (sections 10 and 14)	replaced	hit action subtypes (/datum/act/hit/<entry>)	1 (E4)	3	codemod	no
dq_interaction_set_click_params	/proc/dq_interaction_set_click_params	proc	6	2	datums/interactions/resolver.dm	Ops, input parts, requirements, tools (sections 8 and 9)	replaced	the gesture and params in the act context (A.origin, A.args)	2	3	skeleton codemod (agent finishes)	no
every	/proc/every	proc	6	33	datums/reactions/reactions.dm	Hooks, notices, damage reactions (sections 10 and 14)	kept	final API (section 10)	n/a	n/a	none	no
flow_sql	/proc/flow_sql	proc	6	3	datums/om/flow_io.dm	Kernel, systems, input, IO (sections 2 and 3)	replaced	asks(/datum/io/sql/x, ...) followed by a list prompt	1 (E6)	3	codemod	no
is_locked	/proc/is_locked	proc	6	2	datums/capabilities/capabilities.dm	Tracked vars, stats, holds, grants, statuses, traits (sections 4 and 5)	replaced	the generated accessor of the capability's state key (panel_open(holder), cover_open(holder), lock_locked(holder)) [choose: a capability state key has a generated accessor; a stat or tracked var is read as a plain var]	1 (E5)	3	codemod	yes
om_after_drift	/proc/om_after_drift	proc	6	3	datums/om/timed_action.dm	Timers, periodic work, tasks, cooldowns (section 3)	replaced	every(interval, then(PROC_REF(x))): the kernel spreads the sweeps	1 (E6)	3	codemod	no
om_after_realtime	/proc/om_after_realtime	proc	6	5	datums/om/timer.dm	Timers, periodic work, tasks, cooldowns (section 3)	replaced	after(..., clock = CLOCK_WORLD)	1 (E6)	3	codemod	no
om_ask_begin	/proc/om_ask_begin	proc	6	5	datums/om/ask.dm	Engine internals content calls today (grouped; they leave with their layer)	internal	the prompt engine	n/a	7	deleted with its layer	no
om_pipeline_parked_count	/proc/om_pipeline_parked_count	proc	6	4	datums/om/pipeline.dm	Timers, periodic work, tasks, cooldowns (section 3)	internal	the Life pipeline (deleted in phase 5)	n/a	5	deleted with its layer	no
om_run_frame_now	/proc/om_run_frame_now	proc	6	6	datums/om/pipeline.dm	Timers, periodic work, tasks, cooldowns (section 3)	replaced	run_step_now(E, PROC_REF(step)) (section 3)	1 (E6)	5	Life track (5)	yes
om_scheduler	/proc/om_scheduler	proc	6	6	datums/om/scheduler.dm	Engine internals content calls today (grouped; they leave with their layer)	internal	the kernel profiler (metrics())	n/a	7	deleted with its layer	no
om_task_slices	/proc/om_task_slices	proc	6	4	datums/om/timed_action.dm	Timers, periodic work, tasks, cooldowns (section 3)	replaced	job(owner, PROC_REF(step), budget =, then =): a one-shot chunked job whose step returns JOB_MORE or JOB_DONE; the cursor is state on the owner	1 (E6)	6	codemod	no
om_unwatch	/proc/om_unwatch	proc	6	5	datums/om/entity.dm	Tracked vars, stats, holds, grants, statuses, traits (sections 4 and 5)	deleted	nothing to undo: reads are declared	1 (E5)	3	delete	no
on_change	/proc/on_change	proc	6	4	datums/reactions/reactions.dm	Hooks, notices, damage reactions (sections 10 and 14)	kept	final API (section 10)	n/a	n/a	none	no
GLOB.mob_service	GLOB.mob_service	var	6	4	world service accessor	Kernel, systems, input, IO (sections 2 and 3)	replaced	system(/datum/system/<x>) (or its SS<x> name): the service GLOB.<x>_service becomes the system <x>	1S	1S	service port (1S)	no
INITIALIZE_IMMEDIATE	INITIALIZE_IMMEDIATE	macro()	6	5	__defines/subsystems.dm	Kernel, systems, input, IO (sections 2 and 3)	kept	atom initialization hint (kept, section 6)	n/a	n/a	none	no
LOOT_COUNT	LOOT_COUNT	macro()	6	2	__defines/loot.dm	Declarations, init, loot, caches, map resolvers (section 6)	kept	loot tables (kept, section 6)	n/a	n/a	none	no
PROMPT_USABLE_BY	PROMPT_USABLE_BY	macro()	6	5	__defines/om.dm	Look, UI, topics, verbs, prompts (section 13)	replaced	requirement parts on the asking op (an open prompt closes with the reason when one stops holding)	2	3	codemod	no
PROPERTY	PROPERTY	macro()	6	2	__defines/properties.dm	Ops, input parts, requirements, tools (sections 8 and 9)	kept	per-type properties and tags (kept; readable in requirements)	n/a	n/a	none	no
QDEL_LIST_NULL	QDEL_LIST_NULL	macro()	6	1	__defines/qdel.dm	Relations, ownership, lifecycle, registries (section 6)	replaced	rel_clear(src, nameof(v))	1 (E1)	3	codemod	no
REQ_NOT	REQ_NOT	macro()	6	6	__defines/predicates.dm	Ops, input parts, requirements, tools (sections 8 and 9)	replaced	not(req, because = MSG(x))	1 (E2)	3	codemod	no
SSprofiler	SSprofiler	var	6	4	subsystem accessor	Kernel, systems, input, IO (sections 2 and 3)	kept	the SSx accessor of a system, or system(/datum/system/x) (section 2)	n/a	n/a	none	no
UI_ARG_CHOICE	UI_ARG_CHOICE	macro()	6	5	__defines/sys_ui.dm	Look, UI, topics, verbs, prompts (section 13)	replaced	arg(name, enum(list | PROC_REF))	2	3	skeleton codemod (agent finishes)	no
enable_swarming	/atom/movable/proc/enable_swarming	hook	5	5	datums/behaviours/swarming.dm	Capabilities, construction, emag (sections 11 and 12)	replaced	an OM behaviour: becomes a library capability or entries on the type (section 11)	2	3	wave	no
latent_discard	/atom/proc/latent_discard	hook	5	2	datums/containment/latent.dm	Relations, ownership, lifecycle, registries (section 6)	kept	slot and latent reads (kept, section 6)	n/a	n/a	none	no
duration_for	/datum/interaction/proc/duration_for	hook	5	3	datums/interactions/interaction.dm	Ops, input parts, requirements, tools (sections 8 and 9)	replaced	wait(t) (scaled by the held tool's speed)	2	3	skeleton codemod (agent finishes)	no
on_link	/datum/om/relation/proc/on_link	hook	5	4	datums/om/defs.dm	Hooks, notices, damage reactions (sections 10 and 14)	replaced	on_change(nameof(rel), ENTER, then(PROC_REF(x)))	1 (E4)	3	codemod	no
reactions	/datum/proc/reactions	hook	5	16	datums/reactions/reactions.dm	Declarations, init, loot, caches, map resolvers (section 6)	replaced	CAPABILITIES(T, on_notice(...), extend(...), ...)	1 (E1)	3	codemod	no
enable_godmode	/mob/proc/enable_godmode	hook	5	4	datums/behaviours/godmode.dm	Tracked vars, stats, holds, grants, statuses, traits (sections 4 and 5)	replaced	hold(M, STAT_GODMODE, source = SRC_X) / release(M, STAT_GODMODE, source)	1 (E3)	3	codemod	no
cap_hand	/proc/cap_hand	proc	5	2	datums/operations/cap_op.dm	Ops, input parts, requirements, tools (sections 8 and 9)	replaced	op(key, hand(), ...)	2	3	skeleton codemod (agent finishes)	no
cap_use_on	/proc/cap_use_on	proc	5	2	datums/operations/cap_op.dm	Ops, input parts, requirements, tools (sections 8 and 9)	replaced	op(key, item(T), ...)	2	3	skeleton codemod (agent finishes)	no
guard	/proc/guard	proc	5	11	datums/reactions/guard.dm	Hooks, notices, damage reactions (sections 10 and 14)	replaced	ACT_TRY(E, x, args...); a null return means refused or taken over	1 (E4)	3	codemod	no
native_system	/proc/native_system	proc	5	4	datums/native/system.dm	Simulation and Rust (section 14)	kept	the native system handle (section 14)	n/a	n/a	none	no
om_clock_now	/proc/om_clock_now	proc	5	5	datums/om/contribution.dm	Timers, periodic work, tasks, cooldowns (section 3)	renamed	clock_now(E, clock)	1 (E6)	3	codemod	no
om_global_owner	/proc/om_global_owner	proc	5	3	datums/om/timer.dm	Timers, periodic work, tasks, cooldowns (section 3)	renamed	world_owner()	1 (E6)	3	codemod	no
om_http_get	/proc/om_http_get	proc	5	4	datums/om/io.dm	Kernel, systems, input, IO (sections 2 and 3)	replaced	request(owner, /datum/io/http/x, then(PROC_REF(done)), field = v...)	1 (E6)	3	codemod	no
om_resolve	/proc/om_resolve	proc	5	4	datums/om/timer.dm	Engine internals content calls today (grouped; they leave with their layer)	internal	the timer wheel (kernel phase D)	n/a	7	deleted with its layer	no
om_run_async	/proc/om_run_async	proc	5	4	datums/om/timer.dm	Timers, periodic work, tasks, cooldowns (section 3)	replaced	a trigger (effects never sleep); waiting on the outside world is request()	1 (E6)	3	codemod	no
om_sql_view_rows	/proc/om_sql_view_rows	proc	5	4	datums/om/flow_io.dm	Kernel, systems, input, IO (sections 2 and 3)	replaced	asks(/datum/io/sql/x, ...) followed by a list prompt	1 (E6)	3	codemod	no
om_watch_arm_value	/proc/om_watch_arm_value	proc	5	5	datums/om/watch.dm	Tracked vars, stats, holds, grants, statuses, traits (sections 4 and 5)	replaced	generated reads (section 7); on_change(cond, ...) for a reaction; on_cross(native(...), ...) for a threshold	1 (E5)	3	codemod	no
own_table_of	/proc/own_table_of	proc	5	3	datums/ownership/table.dm	Engine internals content calls today (grouped; they leave with their layer)	internal	the destroy transaction and relation tables	n/a	7	deleted with its layer	no
rel	/proc/rel	proc	5	4	datums/capabilities/derived.dm	Tracked vars, stats, holds, grants, statuses, traits (sections 4 and 5)	replaced	a relation read (a generated hop)	1 (E5)	3	codemod	no
set_welded	/proc/set_welded	proc	5	3	datums/capabilities/library/doors.dm	Capabilities, construction, emag (sections 11 and 12)	kept	the generated set_welded() setter of the tracked welded var	n/a	n/a	none	no
timed_set	/proc/timed_set	proc	5	2	datums/capabilities/timed.dm	Tracked vars, stats, holds, grants, statuses, traits (sections 4 and 5)	replaced	hold(E, STAT_X, value, source = SRC_Y, lasts = t)	1 (E3)	3	codemod	no
tool_delay	/proc/tool_delay	proc	5	3	datums/interactions/tools.dm	Ops, input parts, requirements, tools (sections 8 and 9)	replaced	the tool profile's wait()	2	3	skeleton codemod (agent finishes)	no
make_z_transparent	/turf/proc/make_z_transparent	hook	5	3	datums/behaviours/turf_transparency.dm	Capabilities, construction, emag (sections 11 and 12)	replaced	an OM behaviour: becomes a library capability or entries on the type (section 11)	2	3	wave	no
DECLARE_VERB_IF	DECLARE_VERB_IF	macro()	5	4	__defines/lifecycle_decl.dm	Look, UI, topics, verbs, prompts (section 13)	replaced	op(..., when(cond)) for an ability; verb_entry(path, when = cond) for a client verb	2	3	wave	no
EXPIRY_LEFT	EXPIRY_LEFT	macro()	5	3	__defines/sys_expiry.dm	Tracked vars, stats, holds, grants, statuses, traits (sections 4 and 5)	replaced	hold_left() / after_left()	1 (E3)	3	codemod	no
GLOB.solar_service	GLOB.solar_service	var	5	1	world service accessor	Kernel, systems, input, IO (sections 2 and 3)	replaced	system(/datum/system/<x>) (or its SS<x> name): the service GLOB.<x>_service becomes the system <x>	1S	1S	service port (1S)	no
GLOB.vis_overlays_service	GLOB.vis_overlays_service	var	5	2	world service accessor	Kernel, systems, input, IO (sections 2 and 3)	replaced	system(/datum/system/<x>) (or its SS<x> name): the service GLOB.<x>_service becomes the system <x>	1S	1S	service port (1S)	no
INPUT_ADAPTER	INPUT_ADAPTER	macro()	5	2	__defines/input_actions.dm	Ops, input parts, requirements, tools (sections 8 and 9)	kept	input adapters (kept, section 8)	n/a	n/a	none	no
LAZY_SERVICE	LAZY_SERVICE	macro()	5	5	__defines/om.dm	Kernel, systems, input, IO (sections 2 and 3)	replaced	an on-demand system, reached with system(/datum/system/x)	1S	1S	service port (1S)	no
LIFECYCLE_KEEP_UNLESS_FORCED	LIFECYCLE_KEEP_UNLESS_FORCED	macro()	5	5	__defines/lifecycle.dm	Relations, ownership, lifecycle, registries (section 6)	kept	lifecycle_keep(force) and the destroy transaction (kept, section 6)	n/a	n/a	none	no
MATERIAL_CACHE_ID	MATERIAL_CACHE_ID	macro()	5	2	__defines/shared_cache.dm	Declarations, init, loot, caches, map resolvers (section 6)	kept	caching tools (kept, section 6)	n/a	n/a	none	no
REQ_FIELD_EQ	REQ_FIELD_EQ	macro()	5	5	__defines/sys_requirements.dm	Ops, input parts, requirements, tools (sections 8 and 9)	replaced	req_is(nameof(v), value, because = MSG(x))	1 (E2)	3	codemod	no
STEP_FAIL	STEP_FAIL	macro()	5	4	__defines/om.dm	Timers, periodic work, tasks, cooldowns (section 3)	replaced	cancel the job: stop re-arming and report the reason (a job() step ends with JOB_DONE)	1 (E6)	6	codemod	no
TGUI_WINDOW_ID	TGUI_WINDOW_ID	macro()	5	1	__defines/tgui.dm	Look, UI, topics, verbs, prompts (section 13)	kept	tgui transport (kept)	n/a	n/a	none	no
orbit_target	/atom/movable/proc/orbit_target	hook	4	2	datums/om/relation.dm	Relations, ownership, lifecycle, registries (section 6)	replaced	a plain read of the declared relation var of the same name, without the parentheses (for example M.buckled_to); the pair is declared once with link(/mob::buckled_to, /atom/movable::buckled_mob_list)	1 (E1)	3	codemod	no
scatter_steps	/atom/movable/proc/scatter_steps	hook	4	3	datums/om/after_helpers.dm	Timers, periodic work, tasks, cooldowns (section 3)	kept	convenience helpers, rewritten over after(owner, delay, then(PROC_REF(x))) (kept)	n/a	n/a	none	no
appearance_overlays	/atom/proc/appearance_overlays	hook	4	382	datums/sys/appearance.dm	Look, UI, topics, verbs, prompts (section 13)	replaced	draw(look)	2	3	codemod	no
start_repeatedly	/datum/effect/effect/system/proc/start_repeatedly	hook	4	2	datums/om/after_helpers.dm	Timers, periodic work, tasks, cooldowns (section 3)	kept	convenience helpers, rewritten over after(owner, delay, then(PROC_REF(x))) (kept)	n/a	n/a	none	no
item_matches	/datum/interaction/construction/proc/item_matches	hook	4	3	datums/interactions/construction.dm	Capabilities, construction, emag (sections 11 and 12)	replaced	item(T)	2	6	wave	no
stat_for	/datum/om/scheduler/proc/stat_for	hook	4	3	datums/om/scheduler.dm	Engine internals content calls today (grouped; they leave with their layer)	internal	the kernel profiler (metrics())	n/a	7	deleted with its layer	no
applies	/datum/om/stage/proc/applies	hook	4	5	datums/om/pipeline.dm	Timers, periodic work, tasks, cooldowns (section 3)	replaced	the step's when =	1 (E6)	5	Life track (5)	no
action_target	/datum/proc/action_target	hook	4	1	datums/om/ref_relations.dm	Relations, ownership, lifecycle, registries (section 6)	replaced	a plain read of the declared relation var of the same name, without the parentheses (for example M.buckled_to); the pair is declared once with link(/mob::buckled_to, /atom/movable::buckled_mob_list)	1 (E1)	3	codemod	no
ownership	/datum/proc/ownership	hook	4	175	datums/ownership/table.dm	Declarations, init, loot, caches, map resolvers (section 6)	replaced	CAPABILITIES(T, ref_one(...), owns_one(...), link(...))	1 (E1)	3	codemod	no
status_end	/datum/proc/status_end	hook	4	2	datums/om/status.dm	Tracked vars, stats, holds, grants, statuses, traits (sections 4 and 5)	renamed	status_end(M, STATUS_X): releases that source's hold	1 (E3)	3	codemod	yes
throw_subject	/datum/proc/throw_subject	hook	4	1	datums/om/ref_relations.dm	Relations, ownership, lifecycle, registries (section 6)	replaced	a plain read of the declared relation var of the same name, without the parentheses (for example M.buckled_to); the pair is declared once with link(/mob::buckled_to, /atom/movable::buckled_mob_list)	1 (E1)	3	codemod	no
make_tethered	/obj/item/proc/make_tethered	hook	4	4	datums/behaviours/tethered_item.dm	Capabilities, construction, emag (sections 11 and 12)	replaced	an OM behaviour: becomes a library capability or entries on the type (section 11)	2	3	wave	no
tether_swap	/obj/item/proc/tether_swap	hook	4	4	datums/behaviours/tethered_item.dm	Capabilities, construction, emag (sections 11 and 12)	replaced	an OM behaviour: becomes a library capability or entries on the type (section 11)	2	3	wave	no
bs_tx_target	/obj/item/radio/proc/bs_tx_target	hook	4	2	datums/om/relation.dm	Relations, ownership, lifecycle, registries (section 6)	replaced	a plain read of the declared relation var of the same name, without the parentheses (for example M.buckled_to); the pair is declared once with link(/mob::buckled_to, /atom/movable::buckled_mob_list)	1 (E1)	3	codemod	no
ask_number	/proc/ask_number	proc	4	3	datums/capabilities/ask.dm	Look, UI, topics, verbs, prompts (section 13)	replaced	a workflow step: asks(/datum/prompt/number/x, ...) or request(...); the range is the kind's num(...) or int(...) schema	2	3	codemod	no
cover_removed	/proc/cover_removed	proc	4	1	datums/capabilities/library/cover.dm	Tracked vars, stats, holds, grants, statuses, traits (sections 4 and 5)	replaced	the generated accessor of the capability's state key (panel_open(holder), cover_open(holder), lock_locked(holder)) [choose: a capability state key has a generated accessor; a stat or tracked var is read as a plain var]	1 (E5)	3	codemod	yes
derive	/proc/derive	proc	4	2	datums/capabilities/derived.dm	Tracked vars, stats, holds, grants, statuses, traits (sections 4 and 5)	replaced	STAT(T, v, FORMULA, formula = PROC_REF(f))	1 (E1)	3	codemod	no
dq_destroy_collect_begin	/proc/dq_destroy_collect_begin	proc	4	4	datums/lifecycle/batch.dm	Relations, ownership, lifecycle, registries (section 6)	internal	destroy transaction and pool internals	n/a	7	deleted with its layer	no
dq_destroy_collect_end	/proc/dq_destroy_collect_end	proc	4	4	datums/lifecycle/batch.dm	Relations, ownership, lifecycle, registries (section 6)	internal	destroy transaction and pool internals	n/a	7	deleted with its layer	no
dq_use_ability	/proc/dq_use_ability	proc	4	2	datums/abilities/ability.dm	Ops, input parts, requirements, tools (sections 8 and 9)	replaced	perform_op(actor, actor, key): the ability needs an ai() binding beside its menu() one, or the caller passes origin = ORIGIN_VERB	2	3	skeleton codemod (agent finishes)	no
om_deadline	/proc/om_deadline	proc	4	2	datums/om/deadline.dm	Engine internals content calls today (grouped; they leave with their layer)	internal	the timer wheel (kernel phase D)	n/a	7	deleted with its layer	no
om_drop_z	/proc/om_drop_z	proc	4	1	datums/om/relation.dm	Engine internals content calls today (grouped; they leave with their layer)	internal	relation teardown	n/a	7	deleted with its layer	no
om_stage_run_now	/proc/om_stage_run_now	proc	4	3	datums/om/pipeline.dm	Timers, periodic work, tasks, cooldowns (section 3)	replaced	run_step_now(E, PROC_REF(step)) (section 3)	1 (E6)	5	Life track (5)	yes
om_value_of	/proc/om_value_of	proc	4	4	datums/om/contribution.dm	Tracked vars, stats, holds, grants, statuses, traits (sections 4 and 5)	replaced	read the stat var	1 (E3)	3	codemod	no
own_key	/proc/own_key	proc	4	3	datums/ownership/own.dm	Engine internals content calls today (grouped; they leave with their layer)	internal	weak handles (internal)	n/a	7	deleted with its layer	no
refresh_flush	/proc/refresh_flush	proc	4	2	datums/capabilities/refresh.dm	Engine internals content calls today (grouped; they leave with their layer)	internal	outputs run in phase R	n/a	7	deleted with its layer	no
stage	/proc/stage	proc	4	191	datums/capabilities/construction.dm	Capabilities, construction, emag (sections 11 and 12)	replaced	start(STAGE_X) for the first stage; each later one is stage(STAGE_X, parts..., from =, undo =); ids come from STAGE_DEF(...)	2	6	wave	no
sys_periodic_allows	/proc/sys_periodic_allows	proc	4	2	datums/sys/periodic.dm	Engine internals content calls today (grouped; they leave with their layer)	internal	the old timer and periodic engines	n/a	7	deleted with its layer	no
time_left	/proc/time_left	proc	4	7	datums/capabilities/timed.dm	Tracked vars, stats, holds, grants, statuses, traits (sections 4 and 5)	replaced	hold_left(E, STAT_X, source) (deciseconds on the stat's clock)	1 (E3)	3	codemod	no
try_interaction	/proc/try_interaction	proc	4	2	datums/interactions/resolver.dm	Ops, input parts, requirements, tools (sections 8 and 9)	replaced	perform_intent(actor, target, INTENT_X)	2	3	skeleton codemod (agent finishes)	no
GLOB.chat_service	GLOB.chat_service	var	4	3	world service accessor	Kernel, systems, input, IO (sections 2 and 3)	replaced	system(/datum/system/<x>) (or its SS<x> name): the service GLOB.<x>_service becomes the system <x>	1S	1S	service port (1S)	no
GLOB.poi_service	GLOB.poi_service	var	4	2	world service accessor	Kernel, systems, input, IO (sections 2 and 3)	replaced	system(/datum/system/<x>) (or its SS<x> name): the service GLOB.<x>_service becomes the system <x>	1S	1S	service port (1S)	no
GLOB.runechat_service	GLOB.runechat_service	var	4	2	world service accessor	Kernel, systems, input, IO (sections 2 and 3)	replaced	system(/datum/system/<x>) (or its SS<x> name): the service GLOB.<x>_service becomes the system <x>	1S	1S	service port (1S)	no
INTERACT_HAND_DEFAULT_AS	INTERACT_HAND_DEFAULT_AS	macro()	4	1	__defines/interactions.dm	Ops, input parts, requirements, tools (sections 8 and 9)	replaced	the same op(...) with priority(OP_PRIORITY_DEFAULT) (the lowest tier)	2	3	skeleton codemod (agent finishes)	no
INTERACT_HAND_HOSTILE	INTERACT_HAND_HOSTILE	macro()	4	2	__defines/interactions.dm	Ops, input parts, requirements, tools (sections 8 and 9)	replaced	the same op(...) with hostile()	2	3	skeleton codemod (agent finishes)	no
INTERACT_ITEM_DEFAULT_AS	INTERACT_ITEM_DEFAULT_AS	macro()	4	1	__defines/interactions.dm	Ops, input parts, requirements, tools (sections 8 and 9)	replaced	the same op(...) with priority(OP_PRIORITY_DEFAULT) (the lowest tier)	2	3	skeleton codemod (agent finishes)	no
LOOT_HOOK	LOOT_HOOK	macro()	4	2	__defines/loot.dm	Declarations, init, loot, caches, map resolvers (section 6)	kept	loot tables (kept, section 6)	n/a	n/a	none	no
LOOT_UNLUCKY	LOOT_UNLUCKY	macro()	4	3	__defines/loot.dm	Declarations, init, loot, caches, map resolvers (section 6)	kept	loot tables (kept, section 6)	n/a	n/a	none	no
REGISTRY_TYPE	REGISTRY_TYPE	macro()	4	4	__defines/ownership.dm	Relations, ownership, lifecycle, registries (section 6)	kept	registry ids (kept)	n/a	n/a	none	no
REQ_PANEL	REQ_PANEL	macro()	4	4	__defines/sys_requirements.dm	Ops, input parts, requirements, tools (sections 8 and 9)	replaced	req_is(PANEL_OPEN, value = open)	1 (E2)	3	codemod	no
SHARED_CACHE_GLOBAL	SHARED_CACHE_GLOBAL	macro()	4	1	__defines/shared_cache.dm	Declarations, init, loot, caches, map resolvers (section 6)	kept	caching tools (kept, section 6)	n/a	n/a	none	no
STOP_PROCESSING_PIPENET	STOP_PROCESSING_PIPENET	macro()	4	2	__defines/machinery.dm	Kernel, systems, input, IO (sections 2 and 3)	replaced	leave(SSair, net, source, role)	1S	1S	service port (1S)	no
TRAIT_STATUS_EFFECT	TRAIT_STATUS_EFFECT	macro()	4	1	__defines/traits/macros.dm	Tracked vars, stats, holds, grants, statuses, traits (sections 4 and 5)	replaced	a trait grant held by the status' source	1 (E3)	3	codemod	no
TYPE_TABLE_COPY	TYPE_TABLE_COPY	macro()	4	4	__defines/sys_tables.dm	Declarations, init, loot, caches, map resolvers (section 6)	kept	per-type and global constant tables (kept, section 6)	n/a	n/a	none	no
UI_ACT_FORWARD	UI_ACT_FORWARD	macro()	4	4	__defines/sys_ui.dm	Look, UI, topics, verbs, prompts (section 13)	replaced	"extend(""op.key"", binds(ui_act(""name""))) on the type that owns the op, so the window's button is another input of that op; or perform_op(A.actor, target, ""op.key"") from a then() when the window and the op are on different entities"	2	3	skeleton codemod (agent finishes)	yes
latent_unpin	/atom/movable/proc/latent_unpin	hook	3	2	datums/containment/pin.dm	Relations, ownership, lifecycle, registries (section 6)	internal	containment ledger internals	n/a	7	deleted with its layer	no
move_hooks_dispatch	/atom/movable/proc/move_hooks_dispatch	hook	3	1	datums/containment/ledger.dm	Relations, ownership, lifecycle, registries (section 6)	internal	containment ledger internals	n/a	7	deleted with its layer	no
start_blocking_light	/atom/movable/proc/start_blocking_light	hook	3	3	datums/behaviours/light_blocking.dm	Capabilities, construction, emag (sections 11 and 12)	replaced	an OM behaviour: becomes a library capability or entries on the type (section 11)	2	3	wave	no
stop_blocking_light	/atom/movable/proc/stop_blocking_light	hook	3	3	datums/behaviours/light_blocking.dm	Capabilities, construction, emag (sections 11 and 12)	replaced	an OM behaviour: becomes a library capability or entries on the type (section 11)	2	3	wave	no
color_sequence	/atom/proc/color_sequence	hook	3	2	datums/om/after_helpers.dm	Timers, periodic work, tasks, cooldowns (section 3)	kept	convenience helpers, rewritten over after(owner, delay, then(PROC_REF(x))) (kept)	n/a	n/a	none	no
dir_sequence	/atom/proc/dir_sequence	hook	3	1	datums/om/after_helpers.dm	Timers, periodic work, tasks, cooldowns (section 3)	kept	convenience helpers, rewritten over after(owner, delay, then(PROC_REF(x))) (kept)	n/a	n/a	none	no
attempt	/datum/interaction/proc/attempt	hook	3	10	datums/interactions/interaction.dm	Ops, input parts, requirements, tools (sections 8 and 9)	replaced	an op with then(PROC_REF(x))	2	3	skeleton codemod (agent finishes)	no
base_duration	/datum/interaction/proc/base_duration	hook	3	2	datums/interactions/interaction.dm	Ops, input parts, requirements, tools (sections 8 and 9)	replaced	wait(t) (scaled by the held tool's speed)	2	3	skeleton codemod (agent finishes)	no
display_name	/datum/interaction/proc/display_name	hook	3	217	datums/interactions/interaction.dm	Ops, input parts, requirements, tools (sections 8 and 9)	replaced	"label(""Name"")"	2	3	skeleton codemod (agent finishes)	no
is_meant	/datum/interaction/proc/is_meant	hook	3	3	datums/interactions/interaction.dm	Ops, input parts, requirements, tools (sections 8 and 9)	replaced	answers(INTENT_X) / stance(I_X)	2	3	skeleton codemod (agent finishes)	no
pay_cost	/datum/interaction/proc/pay_cost	hook	3	2	datums/interactions/interaction.dm	Ops, input parts, requirements, tools (sections 8 and 9)	replaced	costs(RES_X, n) / consumes(): resource reservations (X2), checked in Require, reserved at the end of Wait and committed after the effects	2	3	skeleton codemod (agent finishes)	no
latent_clear	/datum/ledger/proc/latent_clear	hook	3	3	datums/containment/latent.dm	Relations, ownership, lifecycle, registries (section 6)	internal	containment ledger internals	n/a	7	deleted with its layer	no
om_sleep_violation	/datum/proc/om_sleep_violation	hook	3	15	datums/om/pipeline.dm	Timers, periodic work, tasks, cooldowns (section 3)	internal	the Life pipeline (deleted in phase 5)	n/a	5	deleted with its layer	no
proto_copy	/datum/proc/proto_copy	hook	3	3	datums/ownership/proto.dm	Relations, ownership, lifecycle, registries (section 6)	replaced	rel_private(src, nameof(v)) on the copy-on-write var	1 (E1)	3	codemod	no
ui_redirect	/datum/proc/ui_redirect	hook	3	12	datums/sys/ui.dm	Look, UI, topics, verbs, prompts (section 13)	replaced	interface(window, host = PROC_REF(x))	2	3	skeleton codemod (agent finishes)	no
ui_window	/datum/proc/ui_window	hook	3	4	datums/sys/ui.dm	Look, UI, topics, verbs, prompts (section 13)	replaced	interface(window, ...)	2	3	skeleton codemod (agent finishes)	no
entity_lookup	/datum/system/native/proc/entity_lookup	hook	3	3	datums/native/entities.dm	Simulation and Rust (section 14)	kept	native system API (section 14)	n/a	n/a	none	no
on_notice	/datum/system/native/proc/on_notice	hook	3	2	datums/native/system.dm	Simulation and Rust (section 14)	kept	native system API (section 14)	n/a	n/a	none	no
untrack_entity	/datum/system/native/proc/untrack_entity	hook	3	1	datums/native/entities.dm	Simulation and Rust (section 14)	kept	native system API (section 14)	n/a	n/a	none	no
fire	/datum/system/proc/fire	hook	3	100	controllers/kernel/system.dm	Kernel, systems, input, IO (sections 2 and 3)	replaced	every(interval, then(PROC_REF(x))) on the system (host systems keep a phase-K step)	1 (E6)	1 (E6)	codemod	no
fire_ready	/datum/system/proc/fire_ready	hook	3	3	controllers/kernel/system.dm	Engine internals content calls today (grouped; they leave with their layer)	internal	the system work item	n/a	7	deleted with its layer	no
fire_step	/datum/system/proc/fire_step	hook	3	3	controllers/kernel/system.dm	Engine internals content calls today (grouped; they leave with their layer)	internal	the system work item	n/a	7	deleted with its layer	no
add_omen	/mob/living/proc/add_omen	hook	3	2	datums/behaviours/omen.dm	Capabilities, construction, emag (sections 11 and 12)	replaced	an OM behaviour: becomes a library capability or entries on the type (section 11)	2	3	wave	no
enable_footsteps	/mob/living/proc/enable_footsteps	hook	3	3	datums/behaviours/footstep.dm	Capabilities, construction, emag (sections 11 and 12)	replaced	an OM behaviour: becomes a library capability or entries on the type (section 11)	2	3	wave	no
eyes_list	/mob/living/proc/eyes_list	hook	3	2	datums/om/relation.dm	Relations, ownership, lifecycle, registries (section 6)	replaced	a plain read of the declared relation var of the same name, without the parentheses (for example M.buckled_to); the pair is declared once with link(/mob::buckled_to, /atom/movable::buckled_mob_list)	1 (E1)	3	codemod	no
leash_item	/mob/living/proc/leash_item	hook	3	2	datums/om/relation.dm	Relations, ownership, lifecycle, registries (section 6)	replaced	a plain read of the declared relation var of the same name, without the parentheses (for example M.buckled_to); the pair is declared once with link(/mob::buckled_to, /atom/movable::buckled_mob_list)	1 (E1)	3	codemod	no
disable_godmode	/mob/proc/disable_godmode	hook	3	3	datums/behaviours/godmode.dm	Tracked vars, stats, holds, grants, statuses, traits (sections 4 and 5)	replaced	hold(M, STAT_GODMODE, source = SRC_X) / release(M, STAT_GODMODE, source)	1 (E3)	3	codemod	no
follower_list	/mob/proc/follower_list	hook	3	3	datums/om/relation.dm	Relations, ownership, lifecycle, registries (section 6)	replaced	a plain read of the declared relation var of the same name, without the parentheses (for example M.buckled_to); the pair is declared once with link(/mob::buckled_to, /atom/movable::buckled_mob_list)	1 (E1)	3	codemod	no
bs_rx_radios	/obj/machinery/telecomms/proc/bs_rx_radios	hook	3	1	datums/om/relation.dm	Relations, ownership, lifecycle, registries (section 6)	replaced	a plain read of the declared relation var of the same name, without the parentheses (for example M.buckled_to); the pair is declared once with link(/mob::buckled_to, /atom/movable::buckled_mob_list)	1 (E1)	3	codemod	no
unmake_climbable	/obj/proc/unmake_climbable	hook	3	3	datums/behaviours/climbable.dm	Capabilities, construction, emag (sections 11 and 12)	replaced	the climb() library capability entry (section 11)	2	3	codemod	yes
before_op	/proc/before_op	proc	3	1	datums/reactions/reactions.dm	Hooks, notices, damage reactions (sections 10 and 14)	replaced	extend(key | /datum/act/x, needs(...)) to refuse; extend(/datum/act/x, instead(...)) to take over	1 (E4)	3	codemod	no
cancel_after	/proc/cancel_after	proc	3	3	datums/reactions/timer.dm	Timers, periodic work, tasks, cooldowns (section 3)	kept	after() family (section 3)	n/a	n/a	none	no
cap_entry_setup	/proc/cap_entry_setup	proc	3	1	datums/capabilities/library/doors.dm	Engine internals content calls today (grouped; they leave with their layer)	internal	library port helper (becomes the capability's own proc)	n/a	7	deleted with its layer	no
cap_in_inventory	/proc/cap_in_inventory	proc	3	1	datums/capabilities/item_entries.dm	Ops, input parts, requirements, tools (sections 8 and 9)	replaced	carried() (held, worn or in a carried container; cap_in_hand is in_hand())	2	3	skeleton codemod (agent finishes)	no
cap_of	/proc/cap_of	proc	3	2	datums/capabilities/capabilities.dm	Tracked vars, stats, holds, grants, statuses, traits (sections 4 and 5)	kept	cap_of(E, CAP_X) (indexed lookup, section 11)	n/a	n/a	none	no
dq_destroy_effects_once	/proc/dq_destroy_effects_once	proc	3	3	datums/lifecycle/batch.dm	Relations, ownership, lifecycle, registries (section 6)	internal	destroy transaction and pool internals	n/a	7	deleted with its layer	no
dq_latent_eligible	/proc/dq_latent_eligible	proc	3	3	datums/containment/latent.dm	Relations, ownership, lifecycle, registries (section 6)	internal	containment ledger internals	n/a	7	deleted with its layer	no
dq_ledger_refusal	/proc/dq_ledger_refusal	proc	3	3	datums/containment/api.dm	Relations, ownership, lifecycle, registries (section 6)	internal	containment ledger internals	n/a	7	deleted with its layer	no
dq_resolve_spawn_value	/proc/dq_resolve_spawn_value	proc	3	2	datums/variants/spawn_with_variant.dm	Declarations, init, loot, caches, map resolvers (section 6)	kept	variants (kept; code/datums/variants/README.md)	n/a	n/a	none	no
dq_rules_for_type	/proc/dq_rules_for_type	proc	3	3	datums/rules/rule.dm	Engine internals content calls today (grouped; they leave with their layer)	internal	rule bindings: rules are contributes() and when() declarations	n/a	7	deleted with its layer	no
dq_rules_settle	/proc/dq_rules_settle	proc	3	2	datums/rules/binding.dm	Engine internals content calls today (grouped; they leave with their layer)	internal	rule bindings: rules are contributes() and when() declarations	n/a	7	deleted with its layer	no
flow_http_get	/proc/flow_http_get	proc	3	1	datums/om/flow_io.dm	Kernel, systems, input, IO (sections 2 and 3)	replaced	request(owner, /datum/io/http/x, then(PROC_REF(done)), field = v...)	1 (E6)	3	codemod	no
kernel_latency	/proc/kernel_latency	proc	3	3	controllers/kernel/latency.dm	Engine internals content calls today (grouped; they leave with their layer)	internal	the input inbox's wait metrics	n/a	7	deleted with its layer	no
lifecycle_decls_of	/proc/lifecycle_decls_of	proc	3	2	datums/lifecycle/declarations.dm	Relations, ownership, lifecycle, registries (section 6)	internal	destroy transaction and pool internals	n/a	7	deleted with its layer	no
locate_in_area	/proc/locate_in_area	proc	3	2	datums/containment/spatial.dm	Relations, ownership, lifecycle, registries (section 6)	kept	spatial reads over the containment ledger (kept, section 6); raw contents and loc scans stay banned	n/a	n/a	none	no
native_changed	/proc/native_changed	proc	3	3	datums/om/native_adapter.dm	Engine internals content calls today (grouped; they leave with their layer)	internal	the native outbox (section 14)	n/a	7	deleted with its layer	no
om_after_stagger	/proc/om_after_stagger	proc	3	3	datums/om/timed_action.dm	Timers, periodic work, tasks, cooldowns (section 3)	replaced	every(interval, then(PROC_REF(x))): the kernel spreads the sweeps	1 (E6)	3	codemod	no
om_grant_for	/proc/om_grant_for	proc	3	1	datums/om/grant_verbs.dm	Tracked vars, stats, holds, grants, statuses, traits (sections 4 and 5)	replaced	grant(E, what, source, lasts = t)	1 (E3)	3	codemod	no
om_grant_target	/proc/om_grant_target	proc	3	1	datums/om/grant_verbs.dm	Engine internals content calls today (grouped; they leave with their layer)	internal	the grant store	n/a	7	deleted with its layer	no
om_in_use	/proc/om_in_use	proc	3	1	datums/om/task.dm	Timers, periodic work, tasks, cooldowns (section 3)	replaced	req_is(STAT_X, FALSE, because = MSG(x)) on the stat the type declares for that state (STAT_SPINNING)	1 (E2)	6	wave	no
om_observe	/proc/om_observe	proc	3	1	datums/om/contribution.dm	Hooks, notices, damage reactions (sections 10 and 14)	replaced	observe(source, /datum/notice/x, listener, parts...)	1 (E4)	3	codemod	no
om_pipe_parked	/proc/om_pipe_parked	proc	3	2	datums/om/pipeline.dm	Timers, periodic work, tasks, cooldowns (section 3)	internal	the Life pipeline (deleted in phase 5)	n/a	5	deleted with its layer	no
om_pipe_state	/proc/om_pipe_state	proc	3	3	datums/om/pipeline.dm	Timers, periodic work, tasks, cooldowns (section 3)	internal	the Life pipeline (deleted in phase 5)	n/a	5	deleted with its layer	no
om_release_busy	/proc/om_release_busy	proc	3	3	datums/om/task.dm	Timers, periodic work, tasks, cooldowns (section 3)	replaced	release(src, STAT_X, source) on that stat, or let its lasts = run out	1 (E2)	6	wave	no
om_revoke_all_of	/proc/om_revoke_all_of	proc	3	1	datums/om/grant_verbs.dm	Tracked vars, stats, holds, grants, statuses, traits (sections 4 and 5)	replaced	release_all(E, source)	1 (E3)	3	codemod	no
om_test_begin	/proc/om_test_begin	proc	3	2	datums/om/scheduler.dm	Kernel, systems, input, IO (sections 2 and 3)	renamed	kernel_test_begin()	1 (E6)	1 (E6)	codemod	no
om_test_end	/proc/om_test_end	proc	3	2	datums/om/scheduler.dm	Kernel, systems, input, IO (sections 2 and 3)	renamed	kernel_test_end()	1 (E6)	1 (E6)	codemod	no
om_unobserve	/proc/om_unobserve	proc	3	1	datums/om/contribution.dm	Hooks, notices, damage reactions (sections 10 and 14)	replaced	unobserve()	1 (E4)	3	codemod	no
om_unsuspend	/proc/om_unsuspend	proc	3	2	datums/om/contribution.dm	Tracked vars, stats, holds, grants, statuses, traits (sections 4 and 5)	replaced	release(E, STAT_SUSPENDED, source)	1 (E3)	3	codemod	no
om_wake	/proc/om_wake	proc	3	3	datums/om/entity.dm	Tracked vars, stats, holds, grants, statuses, traits (sections 4 and 5)	deleted	wakes are automatic from reads	1 (E5)	3	delete	no
om_world_diagnostics	/proc/om_world_diagnostics	proc	3	3	datums/om/world_watch.dm	Engine internals content calls today (grouped; they leave with their layer)	internal	the kernel profiler (metrics())	n/a	7	deleted with its layer	no
on_notice	/proc/on_notice	proc	3	2	datums/reactions/reactions.dm	Hooks, notices, damage reactions (sections 10 and 14)	kept	final API (section 10)	n/a	n/a	none	no
powered_by	/proc/powered_by	proc	3	3	datums/capabilities/library/powered_by.dm	Capabilities, construction, emag (sections 11 and 12)	kept	library capability constructor (section 11)	n/a	n/a	none	no
proto_replace	/proc/proto_replace	proc	3	3	datums/ownership/proto.dm	Relations, ownership, lifecycle, registries (section 6)	replaced	rel_set(src, nameof(v), value)	1 (E1)	3	codemod	no
reflects	/proc/reflects	proc	3	3	datums/sys/damage_reactions.dm	Hooks, notices, damage reactions (sections 10 and 14)	kept	reflects(kinds, chance) capability (section 11)	n/a	n/a	none	no
req_working	/proc/req_working	proc	3	1	datums/operations/req.dm	Ops, input parts, requirements, tools (sections 8 and 9)	replaced	req_is(STAT_OPERABLE, because = MSG(x))	1 (E2)	3	codemod	no
shoot_target	/proc/shoot_target	proc	3	5	modules/combat_ai	Domain APIs: body, damage, heat, sound, combat AI (sections 13 and 14)	replaced	perform_intent(owner, target, INTENT_ATTACK) with the gun held, or perform_op()	1 (E2)	6	wave	yes
spawn_with_variant	/proc/spawn_with_variant	proc	3	3	datums/variants/spawn_with_variant.dm	Declarations, init, loot, caches, map resolvers (section 6)	kept	variants (kept; code/datums/variants/README.md)	n/a	n/a	none	no
ui_choice	/proc/ui_choice	proc	3	1	datums/capabilities/ui_actions.dm	Look, UI, topics, verbs, prompts (section 13)	replaced	arg(name, enum(...))	2	3	skeleton codemod (agent finishes)	no
APPEARANCE_WATCH	APPEARANCE_WATCH	macro()	3	2	__defines/sys_appearance.dm	Look, UI, topics, verbs, prompts (section 13)	deleted	generated reads of draw()	2	3	delete	no
CHECK	CHECK	macro()	3	3	__defines/om.dm	Look, UI, topics, verbs, prompts (section 13)	replaced	a requirement on the asking op (req_adjacent(), req_capable(), or req(PROC_REF(x), because = MSG(y)))	2	3	codemod	no
COOLDOWN_STARTED	COOLDOWN_STARTED	macro()	3	1	__defines/cooldowns.dm	Timers, periodic work, tasks, cooldowns (section 3)	kept	rate limits: kept (section 3); COOLDOWN_KEYED_DECLARE / _START / _FINISHED for dynamic keys	n/a	n/a	none	no
DECLARE_REAGENTS_TYPED	DECLARE_REAGENTS_TYPED	macro()	3	3	__defines/lifecycle_decl.dm	Declarations, init, loot, caches, map resolvers (section 6)	replaced	reagents(..., holder = T)	1 (E1)	3	codemod	no
GLOB.statpanels_service	GLOB.statpanels_service	var	3	3	world service accessor	Kernel, systems, input, IO (sections 2 and 3)	replaced	system(/datum/system/<x>) (or its SS<x> name): the service GLOB.<x>_service becomes the system <x>	1S	1S	service port (1S)	no
INTERACTION	INTERACTION	macro()	3	3	__defines/interactions.dm	Ops, input parts, requirements, tools (sections 8 and 9)	replaced	op()	2	3	skeleton codemod (agent finishes)	no
LIFECYCLE_PHASE_NAME	LIFECYCLE_PHASE_NAME	macro()	3	1	__defines/lifecycle.dm	Engine internals content calls today (grouped; they leave with their layer)	internal	destroy transaction internals	n/a	7	deleted with its layer	no
MC_RUNNING	MC_RUNNING	macro()	3	3	__defines/MC.dm	Kernel, systems, input, IO (sections 2 and 3)	renamed	KERNEL_AVERAGE, KERNEL_RUNNING, ... (the same metric math under kernel names; the Master Controller is deleted)	1 (E6)	1 (E6)	codemod	no
OM_FLAG_FIELD	OM_FLAG_FIELD	macro()	3	3	__defines/om.dm	Tracked vars, stats, holds, grants, statuses, traits (sections 4 and 5)	replaced	capability state: cap_keys(...) (at most 24 flags per word), or stats	1 (E1)	3	codemod	no
POOL_ASSERT_LIVE	POOL_ASSERT_LIVE	macro()	3	1	__defines/lifecycle.dm	Engine internals content calls today (grouped; they leave with their layer)	internal	destroy transaction internals	n/a	7	deleted with its layer	no
REQ_AT_MOST	REQ_AT_MOST	macro()	3	1	__defines/predicates.dm	Ops, input parts, requirements, tools (sections 8 and 9)	replaced	req_property_at_most(PROP, n)	2	3	codemod	no
REQ_NO_TAG	REQ_NO_TAG	macro()	3	1	__defines/predicates.dm	Ops, input parts, requirements, tools (sections 8 and 9)	replaced	not(req_tag(TAG), because = MSG(x))	2	3	codemod	no
REQ_TOOL	REQ_TOOL	macro()	3	1	__defines/predicates.dm	Ops, input parts, requirements, tools (sections 8 and 9)	replaced	tool(Q)	2	3	skeleton codemod (agent finishes)	no
SC_ON_EVENT	SC_ON_EVENT	macro()	3	2	__defines/shared_cache.dm	Hooks, notices, damage reactions (sections 10 and 14)	replaced	on_notice(/datum/notice/x, then(PROC_REF(invalidate)))	1 (E4)	3	codemod	no
SIZE_CLASS	SIZE_CLASS	macro()	3	1	__defines/predicates.dm	Ops, input parts, requirements, tools (sections 8 and 9)	kept	size units (kept)	n/a	n/a	none	no
SLOT_ID_MODULE	SLOT_ID_MODULE	macro()	3	1	__defines/containment.dm	Relations, ownership, lifecycle, registries (section 6)	kept	spatial and contents API (kept, section 6)	n/a	n/a	none	no
TGUI_CREATE_MESSAGE	TGUI_CREATE_MESSAGE	macro()	3	3	__defines/tgui.dm	Look, UI, topics, verbs, prompts (section 13)	kept	tgui transport (kept)	n/a	n/a	none	no
TICKS2DS	TICKS2DS	macro()	3	3	__defines/time.dm	Timers, periodic work, tasks, cooldowns (section 3)	kept	time unit conversions (kept)	n/a	n/a	none	no
TRACKED	TRACKED	macro()	3	1	__defines/capabilities.dm	Tracked vars, stats, holds, grants, statuses, traits (sections 4 and 5)	kept	final API (sections 4 and 10); the 3-argument TRACKED converts to the variadic form	n/a	n/a	none	no
VORE_PREF_TRANSFER	VORE_PREF_TRANSFER	macro()	3	2	__defines/vore_prefs.dm	Declarations, init, loot, caches, map resolvers (section 6)	deleted	one prefs store reached through a relation (a domain refactor, section 16)	2	6	delete	no
latent_pin	/atom/movable/proc/latent_pin	hook	2	2	datums/containment/pin.dm	Relations, ownership, lifecycle, registries (section 6)	internal	containment ledger internals	n/a	7	deleted with its layer	no
end_projectile_reactions	/atom/proc/end_projectile_reactions	hook	2	2	datums/sys/damage_reactions.dm	Engine internals content calls today (grouped; they leave with their layer)	internal	the hit pipeline (section 14)	n/a	7	deleted with its layer	no
export_sale	/atom/proc/export_sale	hook	2	1	datums/behaviours/sellable.dm	Capabilities, construction, emag (sections 11 and 12)	replaced	entries on the type (a sellable op and its then(PROC_REF(x)))	2	3	codemod	no
heat_path_conductance	/atom/proc/heat_path_conductance	hook	2	1	datums/containment/heat_adapter.dm	Relations, ownership, lifecycle, registries (section 6)	internal	containment ledger internals	n/a	7	deleted with its layer	no
projectile_pre_reactions	/atom/proc/projectile_pre_reactions	hook	2	2	datums/sys/damage_reactions.dm	Engine internals content calls today (grouped; they leave with their layer)	internal	the hit pipeline (section 14)	n/a	7	deleted with its layer	no
reflect_projectile	/atom/proc/reflect_projectile	hook	2	2	datums/sys/damage_reactions.dm	Engine internals content calls today (grouped; they leave with their layer)	internal	the hit pipeline (section 14)	n/a	7	deleted with its layer	no
run_damage_reactions	/atom/proc/run_damage_reactions	hook	2	1	datums/sys/damage_reactions.dm	Engine internals content calls today (grouped; they leave with their layer)	internal	the hit pipeline (section 14)	n/a	7	deleted with its layer	no
slot_empty	/atom/proc/slot_empty	hook	2	2	datums/containment/api.dm	Relations, ownership, lifecycle, registries (section 6)	kept	slot and latent reads (kept, section 6)	n/a	n/a	none	no
clear_screentip	/client/proc/clear_screentip	hook	2	2	datums/interactions/presentation.dm	Ops, input parts, requirements, tools (sections 8 and 9)	kept	screentips: evaluated lazily (at_most = 0.2 SECONDS), kept	n/a	n/a	none	no
screentips_enabled	/client/proc/screentips_enabled	hook	2	2	datums/interactions/presentation.dm	Ops, input parts, requirements, tools (sections 8 and 9)	kept	screentips: evaluated lazily (at_most = 0.2 SECONDS), kept	n/a	n/a	none	no
adopt_entry	/datum/capability/proc/adopt_entry	hook	2	1	datums/capabilities/library/_library.dm	Engine internals content calls today (grouped; they leave with their layer)	internal	library port helper	n/a	7	deleted with its layer	no
build	/datum/construction_graph/proc/build	hook	2	14	datums/interactions/construction.dm	Capabilities, construction, emag (sections 11 and 12)	replaced	stage(STAGE_X, parts..., from =)	2	6	wave	no
run_item	/datum/controller/kernel/proc/run_item	hook	2	1	controllers/kernel/work_engine.dm	Engine internals content calls today (grouped; they leave with their layer)	internal	the kernel work engine	n/a	7	deleted with its layer	no
candidates	/datum/interaction/ability/picker/proc/candidates	hook	2	46	datums/abilities/ability.dm	Capabilities, construction, emag (sections 11 and 12)	replaced	a granted ability capability whose op carries menu(button =, bind =)	2	3	wave	no
feedback_for	/datum/interaction/proc/feedback_for	hook	2	1	datums/interactions/interaction.dm	Ops, input parts, requirements, tools (sections 8 and 9)	replaced	says(msg_type)	2	3	skeleton codemod (agent finishes)	no
start_feedback_for	/datum/interaction/proc/start_feedback_for	hook	2	2	datums/interactions/interaction.dm	Ops, input parts, requirements, tools (sections 8 and 9)	replaced	says(msg_type)	2	3	skeleton codemod (agent finishes)	no
note_enter	/datum/ledger/proc/note_enter	hook	2	2	datums/containment/ledger.dm	Relations, ownership, lifecycle, registries (section 6)	internal	containment ledger internals	n/a	7	deleted with its layer	no
note_exit	/datum/ledger/proc/note_exit	hook	2	1	datums/containment/ledger.dm	Relations, ownership, lifecycle, registries (section 6)	internal	containment ledger internals	n/a	7	deleted with its layer	no
reslot	/datum/ledger/proc/reslot	hook	2	2	datums/containment/ledger.dm	Relations, ownership, lifecycle, registries (section 6)	internal	containment ledger internals	n/a	7	deleted with its layer	no
variant	/datum/look/proc/variant	hook	2	47	datums/capabilities/look.dm	Capabilities, construction, emag (sections 11 and 12)	kept	look.variant() / look.glow() (section 13)	n/a	n/a	none	no
register	/datum/native_watch/proc/register	hook	2	12	datums/om/native.dm	Tracked vars, stats, holds, grants, statuses, traits (sections 4 and 5)	replaced	"on_cross(native(""key""), list(...), parts...)"	1 (E5)	3	codemod	no
unregister	/datum/native_watch/proc/unregister	hook	2	9	datums/om/native.dm	Tracked vars, stats, holds, grants, statuses, traits (sections 4 and 5)	replaced	"on_cross(native(""key""), list(...), parts...)"	1 (E5)	3	codemod	no
on_deadline	/datum/om/behaviour/proc/on_deadline	hook	2	2	datums/om/defs.dm	Hooks, notices, damage reactions (sections 10 and 14)	replaced	the after() handler	1 (E4)	3	codemod	no
begin	/datum/om/frame/proc/begin	hook	2	8	datums/om/pipeline.dm	Timers, periodic work, tasks, cooldowns (section 3)	replaced	compute_facts() on the sequence frame (section 3)	1 (E6)	5	Life track (5)	no
reset	/datum/om/frame/proc/reset	hook	2	45	datums/om/pipeline.dm	Timers, periodic work, tasks, cooldowns (section 3)	replaced	compute_facts() on the sequence frame (section 3)	1 (E6)	5	Life track (5)	no
set_fact	/datum/om/frame/proc/set_fact	hook	2	2	datums/om/pipeline.dm	Timers, periodic work, tasks, cooldowns (section 3)	replaced	compute_facts() on the sequence frame (section 3)	1 (E6)	5	Life track (5)	no
capacity_for	/datum/om/relation/slot/proc/capacity_for	hook	2	2	datums/containment/slot_def.dm	Relations, ownership, lifecycle, registries (section 6)	internal	containment ledger internals	n/a	7	deleted with its layer	no
cost	/datum/om/relation/slot/proc/cost	hook	2	179	datums/containment/slot_def.dm	Relations, ownership, lifecycle, registries (section 6)	internal	containment ledger internals	n/a	7	deleted with its layer	no
drop_resolver	/datum/om/relation/slot/proc/drop_resolver	hook	2	1	datums/containment/slot_def.dm	Relations, ownership, lifecycle, registries (section 6)	internal	containment ledger internals	n/a	7	deleted with its layer	no
out_of_budget	/datum/om/scheduler/proc/out_of_budget	hook	2	2	datums/om/scheduler.dm	Engine internals content calls today (grouped; they leave with their layer)	internal	the kernel profiler (metrics())	n/a	7	deleted with its layer	no
on_owned_release	/datum/proc/on_owned_release	hook	2	3	datums/ownership/own.dm	Relations, ownership, lifecycle, registries (section 6)	replaced	owns_one(..., on_destroy =) plus on_notice(/datum/notice/removed, ...) for the consequence	1 (E1)	3	codemod	no
process	/datum/proc/process	hook	2	14	datums/om/periodic.dm	Timers, periodic work, tasks, cooldowns (section 3)	replaced	every(interval, then(PROC_REF(x))); the handler takes (datum/act/A) and scales by A.dt	1 (E6)	3	codemod	no
status_seconds	/datum/proc/status_seconds	hook	2	2	datums/om/status.dm	Tracked vars, stats, holds, grants, statuses, traits (sections 4 and 5)	replaced	status_remaining(M, STATUS_X) times the status' unit	1 (E3)	3	codemod	no
ui_opened	/datum/proc/ui_opened	hook	2	2	datums/sys/ui.dm	Look, UI, topics, verbs, prompts (section 13)	replaced	"on_op(""interface.<window>.open"", parts...)"	2	3	skeleton codemod (agent finishes)	yes
replaces	/datum/rule_binding/proc/replaces	hook	2	2	datums/rules/binding.dm	Declarations, init, loot, caches, map resolvers (section 6)	replaced	without(key) plus the new entry	1 (E1)	3	codemod	no
begin	/datum/seq_frame/proc/begin	hook	2	8	controllers/kernel/sequence_state.dm	Timers, periodic work, tasks, cooldowns (section 3)	replaced	compute_facts() on the sequence frame (section 3)	1 (E6)	5	Life track (5)	no
anchors	/datum/sequence/proc/anchors	hook	2	2	controllers/kernel/sequence.dm	Kernel, systems, input, IO (sections 2 and 3)	kept	the sequence's ordering anchors (section 3)	n/a	n/a	none	no
conditions	/datum/sequence/proc/conditions	hook	2	5	controllers/kernel/sequence.dm	Timers, periodic work, tasks, cooldowns (section 3)	replaced	typed fact vars on the frame datum, filled by compute_facts()	1 (E6)	5	Life track (5)	no
bind_datum	/datum/system/native/proc/bind_datum	hook	2	1	datums/native/entities.dm	Simulation and Rust (section 14)	kept	native system API (section 14)	n/a	n/a	none	no
track_entity	/datum/system/native/proc/track_entity	hook	2	1	datums/native/entities.dm	Simulation and Rust (section 14)	kept	native system API (section 14)	n/a	n/a	none	no
unbind_datum	/datum/system/native/proc/unbind_datum	hook	2	1	datums/native/entities.dm	Simulation and Rust (section 14)	kept	native system API (section 14)	n/a	n/a	none	no
on_shutdown	/datum/system/proc/on_shutdown	hook	2	4	controllers/kernel/system.dm	Kernel, systems, input, IO (sections 2 and 3)	kept	system hooks (section 2)	n/a	n/a	none	no
interaction_electrovore	/obj/item/cell/proc/interaction_electrovore	hook	2	1	datums/behaviours/electrovoreable.dm	Capabilities, construction, emag (sections 11 and 12)	replaced	an OM behaviour: becomes a library capability or entries on the type (section 11)	2	3	wave	no
tethered_handheld	/obj/item/proc/tethered_handheld	hook	2	2	datums/om/relation.dm	Relations, ownership, lifecycle, registries (section 6)	replaced	a plain read of the declared relation var of the same name, without the parentheses (for example M.buckled_to); the pair is declared once with link(/mob::buckled_to, /atom/movable::buckled_mob_list)	1 (E1)	3	codemod	no
bs_tx_radios	/obj/machinery/telecomms/proc/bs_tx_radios	hook	2	1	datums/om/relation.dm	Relations, ownership, lifecycle, registries (section 6)	replaced	a plain read of the declared relation var of the same name, without the parentheses (for example M.buckled_to); the pair is declared once with link(/mob::buckled_to, /atom/movable::buckled_mob_list)	1 (E1)	3	codemod	no
connect_bluespace	/obj/structure/closet/proc/connect_bluespace	hook	2	1	datums/behaviours/bluespace_connection.dm	Capabilities, construction, emag (sections 11 and 12)	replaced	an OM behaviour: becomes a library capability or entries on the type (section 11)	2	3	wave	no
area_members	/proc/area_members	proc	2	1	datums/capabilities/library/powered_by.dm	Engine internals content calls today (grouped; they leave with their layer)	internal	library port helper (becomes the capability's own proc)	n/a	7	deleted with its layer	no
cap_emag	/proc/cap_emag	proc	2	2	datums/capabilities/library/emag.dm	Capabilities, construction, emag (sections 11 and 12)	renamed	emag(parts, disables_for =, repeatable =)	2	3	codemod	no
cap_require	/proc/cap_require	proc	2	1	datums/operations/cap_op.dm	Ops, input parts, requirements, tools (sections 8 and 9)	replaced	extend(key | TAG_X, needs(...))	2	3	skeleton codemod (agent finishes)	no
cap_slot	/proc/cap_slot	proc	2	2	datums/capabilities/slot.dm	Capabilities, construction, emag (sections 11 and 12)	renamed	slot(...)	2	3	codemod	no
cap_trait	/proc/cap_trait	proc	2	1	datums/capabilities/library/type_trait.dm	Capabilities, construction, emag (sections 11 and 12)	renamed	trait(TRAIT_X, examine =)	2	3	codemod	no
cap_wires	/proc/cap_wires	proc	2	2	datums/capabilities/library/wires.dm	Capabilities, construction, emag (sections 11 and 12)	renamed	wires(type)	2	3	codemod	no
caps_init	/proc/caps_init	proc	2	2	datums/capabilities/capabilities.dm	Engine internals content calls today (grouped; they leave with their layer)	internal	library port helper (becomes the capability's own proc)	n/a	7	deleted with its layer	no
caps_set_broken	/proc/caps_set_broken	proc	2	1	datums/capabilities/library/breakable.dm	Tracked vars, stats, holds, grants, statuses, traits (sections 4 and 5)	replaced	atom_break() / atom_fix() (the tracked broken state publishes)	1 (E3)	4	machine track (4)	no
cell_charge_percent	/proc/cell_charge_percent	proc	2	1	datums/capabilities/library/cell_bay.dm	Capabilities, construction, emag (sections 11 and 12)	kept	a global helper annotated READS_FROM(C), so a condition that calls it gets the cell hop and C.charge as generated reads (section 7)	n/a	n/a	none	no
dq_latent_declare	/proc/dq_latent_declare	proc	2	2	datums/containment/latent.dm	Relations, ownership, lifecycle, registries (section 6)	internal	containment ledger internals	n/a	7	deleted with its layer	no
dq_latent_spawn_count	/proc/dq_latent_spawn_count	proc	2	2	datums/containment/latent.dm	Relations, ownership, lifecycle, registries (section 6)	internal	containment ledger internals	n/a	7	deleted with its layer	no
dq_ledger_commit	/proc/dq_ledger_commit	proc	2	2	datums/containment/api.dm	Relations, ownership, lifecycle, registries (section 6)	internal	containment ledger internals	n/a	7	deleted with its layer	no
dq_ledger_peek	/proc/dq_ledger_peek	proc	2	2	datums/containment/ledger.dm	Relations, ownership, lifecycle, registries (section 6)	internal	containment ledger internals	n/a	7	deleted with its layer	no
dq_power_unbind_node	/proc/dq_power_unbind_node	proc	2	2	datums/lifecycle/batch.dm	Relations, ownership, lifecycle, registries (section 6)	internal	destroy transaction and pool internals	n/a	7	deleted with its layer	no
dq_rules_binding_replacing	/proc/dq_rules_binding_replacing	proc	2	1	datums/rules/binding.dm	Engine internals content calls today (grouped; they leave with their layer)	internal	rule bindings: rules are contributes() and when() declarations	n/a	7	deleted with its layer	no
dq_slot_defs_for	/proc/dq_slot_defs_for	proc	2	2	datums/containment/slot_def.dm	Relations, ownership, lifecycle, registries (section 6)	internal	containment ledger internals	n/a	7	deleted with its layer	no
dq_use_self_ability	/proc/dq_use_self_ability	proc	2	1	datums/abilities/ability.dm	Ops, input parts, requirements, tools (sections 8 and 9)	replaced	perform_op(actor, actor, key): the ability needs an ai() binding beside its menu() one, or the caller passes origin = ORIGIN_VERB	2	3	skeleton codemod (agent finishes)	no
dq_variant_vars	/proc/dq_variant_vars	proc	2	2	datums/variants/variant_tables.dm	Declarations, init, loot, caches, map resolvers (section 6)	kept	variants (kept; code/datums/variants/README.md)	n/a	n/a	none	no
dx_measure_text	/proc/dx_measure_text	proc	2	2	datums/om/dx_exec.dm	Kernel, systems, input, IO (sections 2 and 3)	replaced	request(client, /datum/client_query/winget | measure_text | ..., then(PROC_REF(done)))	1 (E6)	3	codemod	no
emag_interaction_for	/proc/emag_interaction_for	proc	2	1	datums/sys/emag.dm	Engine internals content calls today (grouped; they leave with their layer)	internal	the emag op lookup	n/a	7	deleted with its layer	no
entity_clone	/proc/entity_clone	proc	2	1	datums/ownership/clone.dm	Engine internals content calls today (grouped; they leave with their layer)	internal	the serializers' copy, internal to the relation engine	n/a	7	deleted with its layer	no
interaction_examine_lines	/proc/interaction_examine_lines	proc	2	1	datums/interactions/presentation.dm	Ops, input parts, requirements, tools (sections 8 and 9)	replaced	examine_line() entries	2	3	skeleton codemod (agent finishes)	no
is_broken	/proc/is_broken	proc	2	27	datums/capabilities/capabilities.dm	Tracked vars, stats, holds, grants, statuses, traits (sections 4 and 5)	replaced	read the tracked broken state	1 (E3)	4	machine track (4)	no
is_lit	/proc/is_lit	proc	2	1	datums/capabilities/capabilities.dm	Tracked vars, stats, holds, grants, statuses, traits (sections 4 and 5)	replaced	read the light stat	1 (E3)	4	machine track (4)	no
kernel_system_stage	/proc/kernel_system_stage	proc	2	1	controllers/kernel/boot.dm	Engine internals content calls today (grouped; they leave with their layer)	internal	kernel boot and graph internals	n/a	7	deleted with its layer	no
native_fired	/proc/native_fired	proc	2	1	datums/om/native_adapter.dm	Engine internals content calls today (grouped; they leave with their layer)	internal	the native outbox (section 14)	n/a	7	deleted with its layer	no
om_cancel_after	/proc/om_cancel_after	proc	2	2	datums/om/deadline.dm	Timers, periodic work, tasks, cooldowns (section 3)	replaced	cancel_after(owner, key)	1 (E6)	3	codemod	no
om_grant_sources	/proc/om_grant_sources	proc	2	1	datums/om/contribution.dm	Tracked vars, stats, holds, grants, statuses, traits (sections 4 and 5)	replaced	held_by(E, STAT_X)	1 (E3)	3	codemod	no
om_pipe_set_all	/proc/om_pipe_set_all	proc	2	2	datums/om/pipeline.dm	Timers, periodic work, tasks, cooldowns (section 3)	internal	the Life pipeline (deleted in phase 5)	n/a	5	deleted with its layer	no
om_pipeline_frames	/proc/om_pipeline_frames	proc	2	2	datums/om/pipeline.dm	Timers, periodic work, tasks, cooldowns (section 3)	internal	the Life pipeline (deleted in phase 5)	n/a	5	deleted with its layer	no
om_prompt_answer	/proc/om_prompt_answer	proc	2	1	datums/om/prompt.dm	Engine internals content calls today (grouped; they leave with their layer)	internal	the prompt engine	n/a	7	deleted with its layer	no
om_rec_of	/proc/om_rec_of	proc	2	2	datums/om/entity.dm	Engine internals content calls today (grouped; they leave with their layer)	internal	the entity record (deleted with the OM layer)	n/a	7	deleted with its layer	no
om_suspend	/proc/om_suspend	proc	2	1	datums/om/contribution.dm	Tracked vars, stats, holds, grants, statuses, traits (sections 4 and 5)	replaced	hold(E, STAT_SUSPENDED, source = SRC_Y)	1 (E3)	3	codemod	no
om_timer_slot_left	/proc/om_timer_slot_left	proc	2	2	datums/om/timer.dm	Timers, periodic work, tasks, cooldowns (section 3)	replaced	after_left(owner, key) (deciseconds on the owner's clock)	1 (E6)	3	codemod	no
om_ui_unbind	/proc/om_ui_unbind	proc	2	1	datums/om/ui.dm	Engine internals content calls today (grouped; they leave with their layer)	deleted	windows close with the entity	n/a	7	delete	no
om_watch_arm_raw	/proc/om_watch_arm_raw	proc	2	2	datums/om/watch.dm	Tracked vars, stats, holds, grants, statuses, traits (sections 4 and 5)	replaced	generated reads (section 7); on_change(cond, ...) for a reaction; on_cross(native(...), ...) for a threshold	1 (E5)	3	codemod	no
om_watch_armed	/proc/om_watch_armed	proc	2	2	datums/om/watch.dm	Tracked vars, stats, holds, grants, statuses, traits (sections 4 and 5)	replaced	generated reads (section 7); on_change(cond, ...) for a reaction; on_cross(native(...), ...) for a threshold	1 (E5)	3	codemod	no
proto_is_private	/proc/proto_is_private	proc	2	2	datums/ownership/proto.dm	Relations, ownership, lifecycle, registries (section 6)	renamed	rel_is_private(src, nameof(v))	1 (E1)	3	codemod	no
replace	/proc/replace	proc	2	5	datums/capabilities/capability_ext.dm	Ops, input parts, requirements, tools (sections 8 and 9)	replaced	without(key) plus the new entry, or configure(CAP_X, ...)	2	3	skeleton codemod (agent finishes)	no
req_not_subverted	/proc/req_not_subverted	proc	2	1	datums/operations/req.dm	Ops, input parts, requirements, tools (sections 8 and 9)	kept	req_not_subverted() (section 9)	n/a	n/a	none	no
seq_frames	/proc/seq_frames	proc	2	1	controllers/kernel/sequence.dm	Engine internals content calls today (grouped; they leave with their layer)	internal	the sequence engine	n/a	7	deleted with its layer	no
take	/proc/take	proc	2	10	datums/lifecycle/pool.dm	Relations, ownership, lifecycle, registries (section 6)	internal	destroy transaction and pool internals	n/a	7	deleted with its layer	no
ui_decl_of	/proc/ui_decl_of	proc	2	2	datums/sys/ui.dm	Engine internals content calls today (grouped; they leave with their layer)	internal	op resolution and the window table	n/a	7	deleted with its layer	no
world_services	/proc/world_services	proc	2	2	datums/om/world_lanes.dm	Engine internals content calls today (grouped; they leave with their layer)	internal	world lanes: systems on the kernel	n/a	7	deleted with its layer	no
z_transparency_update	/turf/proc/z_transparency_update	hook	2	1	datums/behaviours/turf_transparency.dm	Capabilities, construction, emag (sections 11 and 12)	replaced	an OM behaviour: becomes a library capability or entries on the type (section 11)	2	3	wave	no
ALL_OF	ALL_OF	macro()	2	1	__defines/om.dm	Ops, input parts, requirements, tools (sections 8 and 9)	replaced	all_of()	1 (E2)	3	codemod	no
APPEARANCE_EMISSIVE	APPEARANCE_EMISSIVE	macro()	2	2	__defines/sys_appearance.dm	Look, UI, topics, verbs, prompts (section 13)	replaced	look.glow()	2	3	codemod	no
APPEARANCE_LEVEL	APPEARANCE_LEVEL	macro()	2	2	__defines/sys_appearance.dm	Look, UI, topics, verbs, prompts (section 13)	replaced	look.level()	2	3	codemod	no
CACHED2	CACHED2	macro()	2	2	__defines/shared_cache.dm	Declarations, init, loot, caches, map resolvers (section 6)	kept	caching tools (kept, section 6)	n/a	n/a	none	no
CACHED_FAST	CACHED_FAST	macro()	2	1	__defines/shared_cache.dm	Declarations, init, loot, caches, map resolvers (section 6)	kept	caching tools (kept, section 6)	n/a	n/a	none	no
DEFAULT_QUEUE_OR_CALL_VERB	DEFAULT_QUEUE_OR_CALL_VERB	macro()	2	2	__defines/verb_manager.dm	Kernel, systems, input, IO (sections 2 and 3)	replaced	the input inbox (replacing SSinput, SSverb_manager and the verb-queue macros): no opt-in macros and no callbacks; a verb is an input event that resolves through the action path at drain time	1 (E6)	1 (E6)	codemod	yes
GLOB.mail_service	GLOB.mail_service	var	2	2	world service accessor	Kernel, systems, input, IO (sections 2 and 3)	replaced	system(/datum/system/<x>) (or its SS<x> name): the service GLOB.<x>_service becomes the system <x>	1S	1S	service port (1S)	no
GLOB.starmover_service	GLOB.starmover_service	var	2	1	world service accessor	Kernel, systems, input, IO (sections 2 and 3)	replaced	system(/datum/system/<x>) (or its SS<x> name): the service GLOB.<x>_service becomes the system <x>	1S	1S	service port (1S)	no
GLOB.transfer_service	GLOB.transfer_service	var	2	2	world service accessor	Kernel, systems, input, IO (sections 2 and 3)	replaced	system(/datum/system/<x>) (or its SS<x> name): the service GLOB.<x>_service becomes the system <x>	1S	1S	service port (1S)	no
GLOB.turf_cascade_service	GLOB.turf_cascade_service	var	2	2	world service accessor	Kernel, systems, input, IO (sections 2 and 3)	replaced	system(/datum/system/<x>) (or its SS<x> name): the service GLOB.<x>_service becomes the system <x>	1S	1S	service port (1S)	no
INCAPACITATED_IGNORING	INCAPACITATED_IGNORING	macro()	2	2	__defines/status_effects.dm	Ops, input parts, requirements, tools (sections 8 and 9)	replaced	req_capable(ignoring = ...) over the can_act stat	1 (E2)	3	codemod	no
INTERACT_INSERT_AS	INTERACT_INSERT_AS	macro()	2	2	__defines/interactions.dm	Ops, input parts, requirements, tools (sections 8 and 9)	replaced	the same op(...) with stance(I_X) added	2	3	skeleton codemod (agent finishes)	no
LEFT_UNTIL	LEFT_UNTIL	macro()	2	2	__defines/sys_expiry.dm	Tracked vars, stats, holds, grants, statuses, traits (sections 4 and 5)	replaced	hold_left() / after_left()	1 (E3)	3	codemod	no
MC_AVERAGE_SLOW	MC_AVERAGE_SLOW	macro()	2	2	__defines/MC.dm	Kernel, systems, input, IO (sections 2 and 3)	renamed	KERNEL_AVERAGE, KERNEL_RUNNING, ... (the same metric math under kernel names; the Master Controller is deleted)	1 (E6)	1 (E6)	codemod	no
PREDICATE	PREDICATE	macro()	2	1	__defines/predicates.dm	Ops, input parts, requirements, tools (sections 8 and 9)	replaced	a requirement datum	1 (E2)	3	codemod	no
PUBLISH	PUBLISH	macro()	2	2	__defines/reactions.dm	Hooks, notices, damage reactions (sections 10 and 14)	kept	final API (sections 4 and 10); the 3-argument TRACKED converts to the variadic form	n/a	n/a	none	no
QDEL_LIST_ASSOC_VAL	QDEL_LIST_ASSOC_VAL	macro()	2	2	__defines/qdel.dm	Relations, ownership, lifecycle, registries (section 6)	replaced	rel_clear(src, nameof(v))	1 (E1)	3	codemod	no
REGISTRY_KEYED	REGISTRY_KEYED	macro()	2	2	__defines/registries.dm	Relations, ownership, lifecycle, registries (section 6)	replaced	members_of(key, role)	1 (E1)	3	codemod	no
SEQ_STATE_OF	SEQ_STATE_OF	macro()	2	1	__defines/sequence.dm	Engine internals content calls today (grouped; they leave with their layer)	internal	the sequence engine	n/a	7	deleted with its layer	no
SETTER	SETTER	macro()	2	2	__defines/capabilities.dm	Tracked vars, stats, holds, grants, statuses, traits (sections 4 and 5)	replaced	TRACKED(T, v): the setter is generated and has no body; the side effects of a change are an on_change hook, and a value that must be limited is a stat	1 (E1)	3	codemod	no
SHARED_CACHE_UID	SHARED_CACHE_UID	macro()	2	2	__defines/shared_cache.dm	Declarations, init, loot, caches, map resolvers (section 6)	kept	caching tools (kept, section 6)	n/a	n/a	none	no
START_PROCESSING_PIPENET	START_PROCESSING_PIPENET	macro()	2	1	__defines/machinery.dm	Kernel, systems, input, IO (sections 2 and 3)	replaced	join(SSair, net, source, role)	1S	1S	service port (1S)	no
UI_ACT_NESTED	UI_ACT_NESTED	macro()	2	1	__defines/sys_ui.dm	Look, UI, topics, verbs, prompts (section 13)	replaced	the nested window's own ops	2	3	skeleton codemod (agent finishes)	yes
UI_ARG_INT	UI_ARG_INT	macro()	2	2	__defines/sys_ui.dm	Look, UI, topics, verbs, prompts (section 13)	replaced	arg(name, int(min, max)) (bounds optional)	2	3	skeleton codemod (agent finishes)	no
dq_lifecycle_resolve_contents	/atom/movable/proc/dq_lifecycle_resolve_contents	hook	1	1	datums/containment/lifecycle.dm	Relations, ownership, lifecycle, registries (section 6)	internal	containment ledger internals	n/a	7	deleted with its layer	no
ledger_rekey	/atom/movable/proc/ledger_rekey	hook	1	1	datums/containment/ledger.dm	Relations, ownership, lifecycle, registries (section 6)	internal	containment ledger internals	n/a	7	deleted with its layer	no
lifecycle_arm_lifetime	/atom/movable/proc/lifecycle_arm_lifetime	hook	1	1	datums/lifecycle/verbs.dm	Relations, ownership, lifecycle, registries (section 6)	internal	destroy transaction and pool internals	n/a	7	deleted with its layer	no
light_blocking_moved	/atom/movable/proc/light_blocking_moved	hook	1	1	datums/behaviours/light_blocking.dm	Capabilities, construction, emag (sections 11 and 12)	replaced	an OM behaviour: becomes a library capability or entries on the type (section 11)	2	3	wave	no
rotate_clockwise	/atom/movable/proc/rotate_clockwise	hook	1	2	datums/behaviours/rotatable.dm	Capabilities, construction, emag (sections 11 and 12)	replaced	an OM behaviour: becomes a library capability or entries on the type (section 11)	2	3	wave	no
ConflictElementCount	/atom/proc/ConflictElementCount	hook	1	1	datums/behaviours/conflict_checking.dm	Capabilities, construction, emag (sections 11 and 12)	replaced	an OM behaviour: becomes a library capability or entries on the type (section 11)	2	3	wave	no
decl_appearance_apply	/atom/proc/decl_appearance_apply	hook	1	1	datums/sys/appearance.dm	Engine internals content calls today (grouped; they leave with their layer)	internal	the appearance engine (outputs run in phase R)	n/a	7	deleted with its layer	no
declare_interactions	/atom/proc/declare_interactions	hook	1	347	datums/interactions/interaction.dm	Engine internals content calls today (grouped; they leave with their layer)	internal	op definitions	n/a	7	deleted with its layer	no
dq_lifecycle_release_screen	/atom/proc/dq_lifecycle_release_screen	hook	1	1	datums/lifecycle/transaction.dm	Relations, ownership, lifecycle, registries (section 6)	internal	destroy transaction and pool internals	n/a	7	deleted with its layer	no
latent_blast	/atom/proc/latent_blast	hook	1	1	datums/containment/latent.dm	Relations, ownership, lifecycle, registries (section 6)	internal	containment ledger internals	n/a	7	deleted with its layer	no
latent_names	/atom/proc/latent_names	hook	1	1	datums/containment/latent.dm	Relations, ownership, lifecycle, registries (section 6)	internal	containment ledger internals	n/a	7	deleted with its layer	no
propagate_damage	/atom/proc/propagate_damage	hook	1	1	datums/containment/paths.dm	Relations, ownership, lifecycle, registries (section 6)	internal	containment ledger internals	n/a	7	deleted with its layer	no
propagate_fire	/atom/proc/propagate_fire	hook	1	1	datums/containment/paths.dm	Relations, ownership, lifecycle, registries (section 6)	internal	containment ledger internals	n/a	7	deleted with its layer	no
react_to_packet	/atom/proc/react_to_packet	hook	1	1	datums/sys/damage_reactions.dm	Engine internals content calls today (grouped; they leave with their layer)	internal	the hit pipeline (section 14)	n/a	7	deleted with its layer	no
slot_transfer	/atom/proc/slot_transfer	hook	1	1	datums/containment/api.dm	Relations, ownership, lifecycle, registries (section 6)	internal	containment ledger internals	n/a	7	deleted with its layer	no
slot_used	/atom/proc/slot_used	hook	1	1	datums/containment/api.dm	Relations, ownership, lifecycle, registries (section 6)	internal	containment ledger internals	n/a	7	deleted with its layer	no
update_screentip	/client/proc/update_screentip	hook	1	1	datums/interactions/presentation.dm	Ops, input parts, requirements, tools (sections 8 and 9)	kept	screentips: evaluated lazily (at_most = 0.2 SECONDS), kept	n/a	n/a	none	no
wait_for	/datum/capability/door_timing/proc/wait_for	hook	1	1	datums/capabilities/library/doors.dm	Capabilities, construction, emag (sections 11 and 12)	replaced	the door op's wait(t)	2	3	codemod	no
grants	/datum/capability/lock/proc/grants	hook	1	2	datums/capabilities/library/lock.dm	Capabilities, construction, emag (sections 11 and 12)	replaced	lock(credentials)	2	3	codemod	no
examine	/datum/capability/proc/examine	hook	1	363	datums/capabilities/_capability.dm	Capabilities, construction, emag (sections 11 and 12)	replaced	examine_line() entries	2	3	codemod	no
interactions	/datum/capability/proc/interactions	hook	1	1	datums/capabilities/_capability.dm	Capabilities, construction, emag (sections 11 and 12)	replaced	the capability's entries()	2	3	codemod	no
on_step_started	/datum/construction_graph/proc/on_step_started	hook	1	1	datums/interactions/construction.dm	Capabilities, construction, emag (sections 11 and 12)	replaced	stage(STAGE_X, parts..., from =)	2	6	wave	no
register_work	/datum/controller/kernel/proc/register_work	hook	1	1	controllers/kernel/work_engine.dm	Engine internals content calls today (grouped; they leave with their layer)	internal	the kernel work engine	n/a	7	deleted with its layer	no
flush_decl_binds	/datum/controller/subsystem/atoms/proc/flush_decl_binds	hook	1	1	datums/lifecycle/declarations.dm	Relations, ownership, lifecycle, registries (section 6)	internal	destroy transaction and pool internals	n/a	7	deleted with its layer	no
flow_execute	/datum/db_query/proc/flow_execute	hook	1	1	datums/om/flow_io.dm	Kernel, systems, input, IO (sections 2 and 3)	replaced	asks(/datum/io/sql/x, ...) followed by a list prompt	1 (E6)	3	codemod	no
pick_target	/datum/interaction/ability/picker/proc/pick_target	hook	1	2	datums/abilities/ability.dm	Capabilities, construction, emag (sections 11 and 12)	replaced	a granted ability capability whose op carries menu(button =, bind =)	2	3	wave	no
alt_delay	/datum/interaction/construction/proc/alt_delay	hook	1	1	datums/interactions/construction.dm	Capabilities, construction, emag (sections 11 and 12)	replaced	wait(t) on the stage	2	6	wave	no
alt_sound	/datum/interaction/construction/proc/alt_sound	hook	1	1	datums/interactions/construction.dm	Capabilities, construction, emag (sections 11 and 12)	replaced	plays(SFX_X) on the stage	2	6	wave	no
leaves	/datum/interaction/construction/proc/leaves	hook	1	2	datums/interactions/construction.dm	Capabilities, construction, emag (sections 11 and 12)	replaced	stage(STAGE_X, parts..., from =)	2	6	wave	no
next_state	/datum/interaction/construction/proc/next_state	hook	1	2	datums/interactions/construction.dm	Capabilities, construction, emag (sections 11 and 12)	replaced	stage(STAGE_X, parts..., from =)	2	6	wave	no
drain_clicks	/datum/kernel_latency/proc/drain_clicks	hook	1	1	controllers/kernel/latency.dm	Kernel, systems, input, IO (sections 2 and 3)	replaced	the input inbox: every client entry point records a typed input event, resolved at drain time in arrival order (no click holdback)	1 (E6)	1 (E6)	codemod	yes
enqueue_click	/datum/kernel_latency/proc/enqueue_click	hook	1	1	controllers/kernel/latency.dm	Kernel, systems, input, IO (sections 2 and 3)	replaced	the input inbox: every client entry point records a typed input event, resolved at drain time in arrival order (no click holdback)	1 (E6)	1 (E6)	codemod	yes
note_tick	/datum/kernel_latency/proc/note_tick	hook	1	1	controllers/kernel/latency.dm	Kernel, systems, input, IO (sections 2 and 3)	replaced	the input inbox: every client entry point records a typed input event, resolved at drain time in arrival order (no click holdback)	1 (E6)	1 (E6)	codemod	yes
should_queue_click	/datum/kernel_latency/proc/should_queue_click	hook	1	1	controllers/kernel/latency.dm	Kernel, systems, input, IO (sections 2 and 3)	replaced	the input inbox: every client entry point records a typed input event, resolved at drain time in arrival order (no click holdback)	1 (E6)	1 (E6)	codemod	yes
latent_list	/datum/ledger/proc/latent_list	hook	1	1	datums/containment/latent.dm	Relations, ownership, lifecycle, registries (section 6)	internal	containment ledger internals	n/a	7	deleted with its layer	no
ordered	/datum/ledger/proc/ordered	hook	1	2	datums/containment/ledger.dm	Relations, ownership, lifecycle, registries (section 6)	internal	containment ledger internals	n/a	7	deleted with its layer	no
refs_to	/datum/ledger/proc/refs_to	hook	1	1	datums/containment/ledger.dm	Relations, ownership, lifecycle, registries (section 6)	internal	containment ledger internals	n/a	7	deleted with its layer	no
gauge	/datum/look/proc/gauge	hook	1	1	datums/capabilities/look.dm	Look, UI, topics, verbs, prompts (section 13)	replaced	"look.layer() (or look.variant()) whose name carries the step: look.layer(""fill-[step]"", TRUE)"	2	3	codemod	no
glow	/datum/look/proc/glow	hook	1	7	datums/capabilities/look.dm	Capabilities, construction, emag (sections 11 and 12)	kept	look.variant() / look.glow() (section 13)	n/a	n/a	none	no
crossed	/datum/native_watch/proc/crossed	hook	1	1	datums/om/native.dm	Engine internals content calls today (grouped; they leave with their layer)	internal	the native outbox (section 14)	n/a	7	deleted with its layer	no
on_start	/datum/om/behaviour/proc/on_start	hook	1	14	datums/om/defs.dm	Hooks, notices, damage reactions (sections 10 and 14)	replaced	on_holder_init(A) on the capability	1 (E4)	3	codemod	no
on_changed	/datum/om/effect/proc/on_changed	hook	1	2	datums/om/defs.dm	Hooks, notices, damage reactions (sections 10 and 14)	replaced	on_change(STAT_X, ANY, parts...)	1 (E4)	3	codemod	no
first_wake_pending	/datum/om/pipeline/proc/first_wake_pending	hook	1	2	datums/om/pipeline.dm	Timers, periodic work, tasks, cooldowns (section 3)	internal	the Life pipeline (deleted in phase 5)	n/a	5	deleted with its layer	no
parked_on	/datum/om/pipeline/proc/parked_on	hook	1	1	datums/om/pipeline.dm	Timers, periodic work, tasks, cooldowns (section 3)	internal	the Life pipeline (deleted in phase 5)	n/a	5	deleted with its layer	no
plan_for	/datum/om/pipeline/proc/plan_for	hook	1	1	datums/om/pipeline.dm	Timers, periodic work, tasks, cooldowns (section 3)	internal	the Life pipeline (deleted in phase 5)	n/a	5	deleted with its layer	no
show_to	/datum/om/prompt/proc/show_to	hook	1	18	datums/om/prompt.dm	Engine internals content calls today (grouped; they leave with their layer)	internal	the request layer opens the window for the answerer	n/a	7	deleted with its layer	no
effect	/datum/om/registry/proc/effect	hook	1	923	datums/om/registry.dm	Engine internals content calls today (grouped; they leave with their layer)	internal	deleted with the OM layer (declarations build the tables)	n/a	7	deleted with its layer	no
relation	/datum/om/registry/proc/relation	hook	1	54	datums/om/registry.dm	Engine internals content calls today (grouped; they leave with their layer)	internal	deleted with the OM layer (declarations build the tables)	n/a	7	deleted with its layer	no
entry_cost	/datum/om/relation/slot/proc/entry_cost	hook	1	1	datums/containment/latent.dm	Relations, ownership, lifecycle, registries (section 6)	internal	containment ledger internals	n/a	7	deleted with its layer	no
population	/datum/om/ring/proc/population	hook	1	1	datums/om/scheduler.dm	Engine internals content calls today (grouped; they leave with their layer)	internal	the kernel profiler (metrics())	n/a	7	deleted with its layer	no
compile_requirement	/datum/predicate_compiler/proc/compile_requirement	hook	1	1	datums/sys/requirements.dm	Engine internals content calls today (grouped; they leave with their layer)	internal	requirement compilation	n/a	7	deleted with its layer	no
spell_master_of	/datum/proc/spell_master_of	hook	1	1	datums/om/ref_relations.dm	Relations, ownership, lifecycle, registries (section 6)	replaced	a plain read of the declared relation var of the same name, without the parentheses (for example M.buckled_to); the pair is declared once with link(/mob::buckled_to, /atom/movable::buckled_mob_list)	1 (E1)	3	codemod	no
status_immune	/datum/proc/status_immune	hook	1	1	datums/om/status.dm	Tracked vars, stats, holds, grants, statuses, traits (sections 4 and 5)	replaced	immune_to(STATUS_X): a contribution that zeroes the status	1 (E3)	3	codemod	no
status_rate_check	/datum/proc/status_rate_check	hook	1	1	datums/om/status.dm	Engine internals content calls today (grouped; they leave with their layer)	internal	status wear-rate bookkeeping	n/a	7	deleted with its layer	no
ui_allowed	/datum/proc/ui_allowed	hook	1	5	datums/capabilities/ui_actions.dm	Engine internals content calls today (grouped; they leave with their layer)	internal	op resolution and the window table	n/a	7	deleted with its layer	no
ui_nested_allowed	/datum/proc/ui_nested_allowed	hook	1	1	datums/sys/ui.dm	Engine internals content calls today (grouped; they leave with their layer)	internal	op resolution and the window table	n/a	7	deleted with its layer	no
ui_nested_done	/datum/proc/ui_nested_done	hook	1	1	datums/sys/ui.dm	Engine internals content calls today (grouped; they leave with their layer)	internal	op resolution and the window table	n/a	7	deleted with its layer	no
take_gas_changes	/datum/system/native/proc/take_gas_changes	hook	1	1	datums/native/system.dm	Simulation and Rust (section 14)	kept	native system API (section 14)	n/a	n/a	none	no
StartLoadingMap	/datum/system/proc/StartLoadingMap	hook	1	4	controllers/kernel/system.dm	Kernel, systems, input, IO (sections 2 and 3)	kept	system hooks (section 2)	n/a	n/a	none	no
StopLoadingMap	/datum/system/proc/StopLoadingMap	hook	1	4	controllers/kernel/system.dm	Kernel, systems, input, IO (sections 2 and 3)	kept	system hooks (section 2)	n/a	n/a	none	no
kernel_members_ready	/datum/system/proc/kernel_members_ready	hook	1	1	controllers/kernel/system.dm	Kernel, systems, input, IO (sections 2 and 3)	internal	kernel internals	n/a	7	deleted with its layer	no
handle_allergic_reaction	/mob/living/carbon/human/proc/handle_allergic_reaction	hook	1	1	datums/behaviours/allergy.dm	Capabilities, construction, emag (sections 11 and 12)	replaced	an OM behaviour: becomes a library capability or entries on the type (section 11)	2	3	wave	no
has_allergies	/mob/living/carbon/human/proc/has_allergies	hook	1	1	datums/behaviours/allergy.dm	Capabilities, construction, emag (sections 11 and 12)	replaced	an OM behaviour: becomes a library capability or entries on the type (section 11)	2	3	wave	no
has_ability	/mob/living/proc/has_ability	hook	1	1	datums/abilities/ability.dm	Capabilities, construction, emag (sections 11 and 12)	replaced	a granted ability capability whose op carries menu(button =, bind =)	2	3	wave	no
has_omen	/mob/living/proc/has_omen	hook	1	1	datums/behaviours/omen.dm	Capabilities, construction, emag (sections 11 and 12)	replaced	an OM behaviour: becomes a library capability or entries on the type (section 11)	2	3	wave	no
lifecycle_on_death_finalized	/mob/living/proc/lifecycle_on_death_finalized	hook	1	1	datums/lifecycle/verbs.dm	Relations, ownership, lifecycle, registries (section 6)	internal	destroy transaction and pool internals	n/a	7	deleted with its layer	no
radiation_countdown_check	/mob/living/proc/radiation_countdown_check	hook	1	1	datums/behaviours/radiation_countdown.dm	Capabilities, construction, emag (sections 11 and 12)	replaced	an OM behaviour: becomes a library capability or entries on the type (section 11)	2	3	wave	no
radiation_countdown_start	/mob/living/proc/radiation_countdown_start	hook	1	1	datums/behaviours/radiation_countdown.dm	Capabilities, construction, emag (sections 11 and 12)	replaced	an OM behaviour: becomes a library capability or entries on the type (section 11)	2	3	wave	no
remove_omen	/mob/living/proc/remove_omen	hook	1	1	datums/behaviours/omen.dm	Capabilities, construction, emag (sections 11 and 12)	replaced	an OM behaviour: becomes a library capability or entries on the type (section 11)	2	3	wave	no
gripper_held	/obj/item/gripper/proc/gripper_held	hook	1	1	datums/om/relation.dm	Relations, ownership, lifecycle, registries (section 6)	replaced	a plain read of the declared relation var of the same name, without the parentheses (for example M.buckled_to); the pair is declared once with link(/mob::buckled_to, /atom/movable::buckled_mob_list)	1 (E1)	3	codemod	no
make_deconstructable_research	/obj/proc/make_deconstructable_research	hook	1	1	datums/behaviours/deconstructable_research.dm	Capabilities, construction, emag (sections 11 and 12)	replaced	an OM behaviour: becomes a library capability or entries on the type (section 11)	2	3	wave	no
scan_profit	/obj/proc/scan_profit	hook	1	1	datums/behaviours/sellable.dm	Capabilities, construction, emag (sections 11 and 12)	replaced	an OM behaviour: becomes a library capability or entries on the type (section 11)	2	3	wave	no
join_bluespace_network	/obj/structure/closet/proc/join_bluespace_network	hook	1	1	datums/behaviours/bluespace_connection.dm	Capabilities, construction, emag (sections 11 and 12)	replaced	an OM behaviour: becomes a library capability or entries on the type (section 11)	2	3	wave	no
_om_start_world_lanes	/proc/_om_start_world_lanes	proc	1	1	datums/om/world_lanes.dm	Engine internals content calls today (grouped; they leave with their layer)	internal	world lanes: systems on the kernel	n/a	7	deleted with its layer	no
after_init	/proc/after_init	proc	1	1	datums/reactions/after_init.dm	Timers, periodic work, tasks, cooldowns (section 3)	kept	after() family (section 3)	n/a	n/a	none	no
after_pending	/proc/after_pending	proc	1	1	datums/reactions/timer.dm	Timers, periodic work, tasks, cooldowns (section 3)	kept	after() family (section 3)	n/a	n/a	none	no
appearance_queue	/proc/appearance_queue	proc	1	1	datums/sys/appearance.dm	Engine internals content calls today (grouped; they leave with their layer)	internal	the appearance engine (outputs run in phase R)	n/a	7	deleted with its layer	no
ask_list	/proc/ask_list	proc	1	1	datums/capabilities/ask.dm	Look, UI, topics, verbs, prompts (section 13)	replaced	a workflow step: asks(/datum/prompt/list/x, ...) or request(...); the choices are the kind's enum(...) schema	2	3	codemod	no
build_fasten	/proc/build_fasten	proc	1	1	datums/capabilities/construction_primitives.dm	Capabilities, construction, emag (sections 11 and 12)	replaced	stage(STAGE_X, tool(Q))	2	6	wave	no
build_insert	/proc/build_insert	proc	1	1	datums/capabilities/construction_primitives.dm	Capabilities, construction, emag (sections 11 and 12)	replaced	stage(STAGE_X, item(T), put_in(slot))	2	6	wave	no
build_wire	/proc/build_wire	proc	1	1	datums/capabilities/construction_primitives.dm	Capabilities, construction, emag (sections 11 and 12)	replaced	stage(STAGE_X, stack(cable, n))	2	6	wave	no
built_past	/proc/built_past	proc	1	1	datums/capabilities/construction_primitives.dm	Capabilities, construction, emag (sections 11 and 12)	replaced	built(src, STAGE_X) / req_built(STAGE_X)	2	6	wave	no
can_climb_neighbor_turf	/proc/can_climb_neighbor_turf	proc	1	1	datums/behaviours/climbable.dm	Capabilities, construction, emag (sections 11 and 12)	replaced	an OM behaviour: becomes a library capability or entries on the type (section 11)	2	3	wave	no
cap_anchor	/proc/cap_anchor	proc	1	1	datums/capabilities/library/anchor.dm	Capabilities, construction, emag (sections 11 and 12)	renamed	anchor(tool =)	2	3	codemod	no
cap_assembly_pulsed	/proc/cap_assembly_pulsed	proc	1	1	datums/capabilities/library/assembly.dm	Engine internals content calls today (grouped; they leave with their layer)	internal	library helper: becomes an op of assembly() / signaler()	n/a	7	deleted with its layer	no
cap_block_hit	/proc/cap_block_hit	proc	1	1	datums/capabilities/library/block.dm	Engine internals content calls today (grouped; they leave with their layer)	internal	library helper of blocks(chance)	n/a	7	deleted with its layer	no
cap_breakable	/proc/cap_breakable	proc	1	1	datums/capabilities/library/breakable.dm	Capabilities, construction, emag (sections 11 and 12)	renamed	breakable(repair =)	2	3	codemod	no
cap_construction	/proc/cap_construction	proc	1	1	datums/capabilities/construction.dm	Capabilities, construction, emag (sections 11 and 12)	replaced	construction(start(STAGE_X), stage(...), ..., dismantle(...), at(BAY_X))	2	6	wave	no
cap_control	/proc/cap_control	proc	1	1	datums/operations/cap_op.dm	Ops, input parts, requirements, tools (sections 8 and 9)	replaced	op(key, hand(), tag(TAG_CONTROL), ...)	2	3	skeleton codemod (agent finishes)	no
cap_insert	/proc/cap_insert	proc	1	1	datums/operations/cap_op.dm	Ops, input parts, requirements, tools (sections 8 and 9)	replaced	op(key, item(T), put_in(slot))	2	3	skeleton codemod (agent finishes)	no
cap_panel	/proc/cap_panel	proc	1	1	datums/capabilities/library/panel.dm	Capabilities, construction, emag (sections 11 and 12)	renamed	panel()	2	3	codemod	no
cap_power	/proc/cap_power	proc	1	1	datums/capabilities/library/powered.dm	Capabilities, construction, emag (sections 11 and 12)	renamed	powered(channel)	2	3	codemod	no
cap_registries_of	/proc/cap_registries_of	proc	1	1	datums/capabilities/library/membership.dm	Engine internals content calls today (grouped; they leave with their layer)	internal	library port helper (becomes the capability's own proc)	n/a	7	deleted with its layer	no
cap_signaler_receive	/proc/cap_signaler_receive	proc	1	1	datums/capabilities/library/signaler.dm	Engine internals content calls today (grouped; they leave with their layer)	internal	library helper: becomes an op of assembly() / signaler()	n/a	7	deleted with its layer	no
cap_tool	/proc/cap_tool	proc	1	1	datums/operations/cap_op.dm	Ops, input parts, requirements, tools (sections 8 and 9)	replaced	op(key, tool(Q), ...)	2	3	skeleton codemod (agent finishes)	no
cap_use_self	/proc/cap_use_self	proc	1	1	datums/capabilities/item_entries.dm	Ops, input parts, requirements, tools (sections 8 and 9)	replaced	op(key, in_hand(), ...)	2	3	skeleton codemod (agent finishes)	no
caps_area_changed	/proc/caps_area_changed	proc	1	1	datums/capabilities/library/powered_by.dm	Engine internals content calls today (grouped; they leave with their layer)	internal	library port helper (becomes the capability's own proc)	n/a	7	deleted with its layer	no
caps_destroy	/proc/caps_destroy	proc	1	1	datums/capabilities/capabilities.dm	Engine internals content calls today (grouped; they leave with their layer)	internal	library port helper (becomes the capability's own proc)	n/a	7	deleted with its layer	no
caps_ui_data	/proc/caps_ui_data	proc	1	1	datums/capabilities/capabilities.dm	Engine internals content calls today (grouped; they leave with their layer)	internal	library port helper (becomes the capability's own proc)	n/a	7	deleted with its layer	no
cell_bay	/proc/cell_bay	proc	1	1	datums/capabilities/library/cell_bay.dm	Capabilities, construction, emag (sections 11 and 12)	kept	library capability constructor (section 11)	n/a	n/a	none	no
construction_edges_for	/proc/construction_edges_for	proc	1	1	datums/interactions/construction.dm	Engine internals content calls today (grouped; they leave with their layer)	internal	the construction ladder engine	n/a	7	deleted with its layer	no
construction_examine_lines	/proc/construction_examine_lines	proc	1	1	datums/interactions/construction.dm	Ops, input parts, requirements, tools (sections 8 and 9)	replaced	examine_line() entries	2	3	skeleton codemod (agent finishes)	no
damage_rows_after	/proc/damage_rows_after	proc	1	1	datums/sys/damage_reactions.dm	Engine internals content calls today (grouped; they leave with their layer)	internal	the hit pipeline (section 14)	n/a	7	deleted with its layer	no
damage_rows_of	/proc/damage_rows_of	proc	1	1	datums/sys/damage_reactions.dm	Engine internals content calls today (grouped; they leave with their layer)	internal	the hit pipeline (section 14)	n/a	7	deleted with its layer	no
derived_factors_recomputed	/proc/derived_factors_recomputed	proc	1	1	datums/capabilities/derived.dm	Hooks, notices, damage reactions (sections 10 and 14)	replaced	on_change(STAT_X, ANY, parts...)	1 (E4)	3	codemod	no
destroy_transaction	/proc/destroy_transaction	proc	1	1	datums/lifecycle/transaction.dm	Relations, ownership, lifecycle, registries (section 6)	internal	destroy transaction and pool internals	n/a	7	deleted with its layer	no
door	/proc/door	proc	1	116	datums/capabilities/library/doors.dm	Capabilities, construction, emag (sections 11 and 12)	replaced	ops and stats of doors(...) (open, close, bolts, crush, autoclose, emergency, deny)	2	3	codemod	no
door_crush	/proc/door_crush	proc	1	2	datums/capabilities/library/doors.dm	Capabilities, construction, emag (sections 11 and 12)	replaced	ops and stats of doors(...) (open, close, bolts, crush, autoclose, emergency, deny)	2	3	codemod	no
dq_batch_defer_pipe_commit	/proc/dq_batch_defer_pipe_commit	proc	1	1	datums/lifecycle/batch.dm	Relations, ownership, lifecycle, registries (section 6)	internal	destroy transaction and pool internals	n/a	7	deleted with its layer	no
dq_batch_defer_registry_leave	/proc/dq_batch_defer_registry_leave	proc	1	1	datums/lifecycle/batch.dm	Relations, ownership, lifecycle, registries (section 6)	internal	destroy transaction and pool internals	n/a	7	deleted with its layer	no
dq_destroy_collect_live	/proc/dq_destroy_collect_live	proc	1	1	datums/lifecycle/batch.dm	Relations, ownership, lifecycle, registries (section 6)	internal	destroy transaction and pool internals	n/a	7	deleted with its layer	no
dq_entity_unbind	/proc/dq_entity_unbind	proc	1	1	datums/lifecycle/batch.dm	Relations, ownership, lifecycle, registries (section 6)	internal	destroy transaction and pool internals	n/a	7	deleted with its layer	no
dq_heat_body_release	/proc/dq_heat_body_release	proc	1	1	datums/lifecycle/batch.dm	Relations, ownership, lifecycle, registries (section 6)	internal	destroy transaction and pool internals	n/a	7	deleted with its layer	no
dq_latency_sweep_register	/proc/dq_latency_sweep_register	proc	1	1	datums/containment/latency_policy.dm	Relations, ownership, lifecycle, registries (section 6)	internal	containment ledger internals	n/a	7	deleted with its layer	no
dq_latency_sweep_unregister	/proc/dq_latency_sweep_unregister	proc	1	1	datums/containment/latency_policy.dm	Relations, ownership, lifecycle, registries (section 6)	internal	containment ledger internals	n/a	7	deleted with its layer	no
dq_ledger_force_move	/proc/dq_ledger_force_move	proc	1	1	datums/containment/api.dm	Relations, ownership, lifecycle, registries (section 6)	internal	containment ledger internals	n/a	7	deleted with its layer	no
dq_lifecycle_leak_lines	/proc/dq_lifecycle_leak_lines	proc	1	1	datums/lifecycle/leak_check.dm	Relations, ownership, lifecycle, registries (section 6)	internal	destroy transaction and pool internals	n/a	7	deleted with its layer	no
dq_pathfind	/proc/dq_pathfind	proc	1	1	modules/combat_ai	Domain APIs: body, damage, heat, sound, combat AI (sections 13 and 14)	replaced	a /datum/io/path request, request(owner, /datum/io/path, then(PROC_REF(have_path)), from = start, to = goal), answered by the budgeted path system	1 (E6)	6	codemod	yes
dq_pipe_port_remove	/proc/dq_pipe_port_remove	proc	1	1	datums/lifecycle/batch.dm	Relations, ownership, lifecycle, registries (section 6)	internal	destroy transaction and pool internals	n/a	7	deleted with its layer	no
dq_rule_node	/proc/dq_rule_node	proc	1	1	datums/rules/binding.dm	Engine internals content calls today (grouped; they leave with their layer)	internal	rule bindings: rules are contributes() and when() declarations	n/a	7	deleted with its layer	no
dq_rules_heat_body_created	/proc/dq_rules_heat_body_created	proc	1	1	datums/rules/binding.dm	Engine internals content calls today (grouped; they leave with their layer)	internal	rule bindings: rules are contributes() and when() declarations	n/a	7	deleted with its layer	no
dq_rules_on_dematerialize	/proc/dq_rules_on_dematerialize	proc	1	1	datums/rules/binding.dm	Engine internals content calls today (grouped; they leave with their layer)	internal	rule bindings: rules are contributes() and when() declarations	n/a	7	deleted with its layer	no
dq_rules_on_materialize	/proc/dq_rules_on_materialize	proc	1	1	datums/rules/binding.dm	Engine internals content calls today (grouped; they leave with their layer)	internal	rule bindings: rules are contributes() and when() declarations	n/a	7	deleted with its layer	no
dq_rules_publish	/proc/dq_rules_publish	proc	1	1	datums/rules/binding.dm	Engine internals content calls today (grouped; they leave with their layer)	internal	rule bindings: rules are contributes() and when() declarations	n/a	7	deleted with its layer	no
dq_rules_validate	/proc/dq_rules_validate	proc	1	1	datums/rules/rule.dm	Engine internals content calls today (grouped; they leave with their layer)	internal	rule bindings: rules are contributes() and when() declarations	n/a	7	deleted with its layer	no
dq_rx_node_read	/proc/dq_rx_node_read	proc	1	1	datums/rules/world_adapter.dm	Engine internals content calls today (grouped; they leave with their layer)	internal	rule bindings: rules are contributes() and when() declarations	n/a	7	deleted with its layer	no
dq_rx_node_write	/proc/dq_rx_node_write	proc	1	1	datums/rules/world_adapter.dm	Engine internals content calls today (grouped; they leave with their layer)	internal	rule bindings: rules are contributes() and when() declarations	n/a	7	deleted with its layer	no
dq_slot_blast_severity	/proc/dq_slot_blast_severity	proc	1	1	datums/containment/occupant_slot.dm	Relations, ownership, lifecycle, registries (section 6)	internal	containment ledger internals	n/a	7	deleted with its layer	no
dq_stock_blob	/proc/dq_stock_blob	proc	1	1	datums/containment/stock.dm	Relations, ownership, lifecycle, registries (section 6)	internal	containment ledger internals	n/a	7	deleted with its layer	no
dq_stock_pristine_hash	/proc/dq_stock_pristine_hash	proc	1	1	datums/containment/stock.dm	Relations, ownership, lifecycle, registries (section 6)	internal	containment ledger internals	n/a	7	deleted with its layer	no
drawn_from	/proc/drawn_from	proc	1	1	datums/capabilities/derived.dm	Tracked vars, stats, holds, grants, statuses, traits (sections 4 and 5)	deleted	generated reads of draw()	1 (E5)	3	delete	no
dx_shelleo	/proc/dx_shelleo	proc	1	1	datums/om/dx_exec.dm	Kernel, systems, input, IO (sections 2 and 3)	replaced	request(client, /datum/client_query/winget | measure_text | ..., then(PROC_REF(done)))	1 (E6)	3	codemod	no
dx_winexists	/proc/dx_winexists	proc	1	1	datums/om/dx_exec.dm	Kernel, systems, input, IO (sections 2 and 3)	replaced	request(client, /datum/client_query/winget | measure_text | ..., then(PROC_REF(done)))	1 (E6)	3	codemod	no
emergency_access_on	/proc/emergency_access_on	proc	1	1	datums/capabilities/library/doors.dm	Capabilities, construction, emag (sections 11 and 12)	replaced	ops and stats of doors(...) (open, close, bolts, crush, autoclose, emergency, deny)	2	3	codemod	no
gas_store	/proc/gas_store	proc	1	1	datums/capabilities/library/gas_store.dm	Capabilities, construction, emag (sections 11 and 12)	kept	library capability constructor (section 11)	n/a	n/a	none	no
gas_watch_rearm	/proc/gas_watch_rearm	proc	1	1	domains/atmos/gas_level.dm	Capabilities, construction, emag (sections 11 and 12)	internal	library port helper (becomes the capability's own proc)	n/a	7	deleted with its layer	no
graph_validate	/proc/graph_validate	proc	1	1	controllers/kernel/graph.dm	Engine internals content calls today (grouped; they leave with their layer)	internal	kernel boot and graph internals	n/a	7	deleted with its layer	no
is_swarmer	/proc/is_swarmer	proc	1	1	datums/behaviours/swarming.dm	Capabilities, construction, emag (sections 11 and 12)	replaced	an OM behaviour: becomes a library capability or entries on the type (section 11)	2	3	wave	no
kernel_boot_system	/proc/kernel_boot_system	proc	1	1	controllers/kernel/boot.dm	Engine internals content calls today (grouped; they leave with their layer)	internal	kernel boot and graph internals	n/a	7	deleted with its layer	no
kernel_boot_systems	/proc/kernel_boot_systems	proc	1	1	controllers/kernel/boot.dm	Engine internals content calls today (grouped; they leave with their layer)	internal	kernel boot and graph internals	n/a	7	deleted with its layer	no
kernel_click_run	/proc/kernel_click_run	proc	1	1	controllers/kernel/latency.dm	Kernel, systems, input, IO (sections 2 and 3)	replaced	the input inbox: every client entry point records a typed input event, resolved at drain time in arrival order (no click holdback)	1 (E6)	1 (E6)	codemod	yes
kernel_create_systems	/proc/kernel_create_systems	proc	1	1	controllers/kernel/boot.dm	Engine internals content calls today (grouped; they leave with their layer)	internal	kernel boot and graph internals	n/a	7	deleted with its layer	no
kernel_members_ready	/proc/kernel_members_ready	proc	1	1	controllers/kernel/boot.dm	Engine internals content calls today (grouped; they leave with their layer)	internal	kernel boot and graph internals	n/a	7	deleted with its layer	no
kernel_runlevel_changed	/proc/kernel_runlevel_changed	proc	1	1	controllers/kernel/system.dm	Engine internals content calls today (grouped; they leave with their layer)	internal	kernel boot and graph internals	n/a	7	deleted with its layer	no
kernel_shutdown_systems	/proc/kernel_shutdown_systems	proc	1	1	controllers/kernel/boot.dm	Engine internals content calls today (grouped; they leave with their layer)	internal	kernel boot and graph internals	n/a	7	deleted with its layer	no
kernel_system_deps	/proc/kernel_system_deps	proc	1	1	controllers/kernel/boot.dm	Engine internals content calls today (grouped; they leave with their layer)	internal	kernel boot and graph internals	n/a	7	deleted with its layer	no
ladder_dismantle	/proc/ladder_dismantle	proc	1	1	datums/capabilities/construction.dm	Capabilities, construction, emag (sections 11 and 12)	replaced	dismantle(parts..., ruined(cond, parts...))	2	6	wave	no
ladder_of	/proc/ladder_of	proc	1	1	datums/capabilities/construction.dm	Engine internals content calls today (grouped; they leave with their layer)	internal	the construction ladder engine	n/a	7	deleted with its layer	no
ladder_options	/proc/ladder_options	proc	1	1	datums/capabilities/construction.dm	Capabilities, construction, emag (sections 11 and 12)	replaced	construction(..., at(BAY_X), dismantle(...))	2	6	wave	no
ladder_set_stage	/proc/ladder_set_stage	proc	1	1	datums/capabilities/construction.dm	Capabilities, construction, emag (sections 11 and 12)	replaced	stages change only through stage() steps; a subtype that begins part-built uses configure(CAP_CONSTRUCTION, start = STAGE_X) (section 12)	2	6	wave	no
lifecycle_decls_dematerialize	/proc/lifecycle_decls_dematerialize	proc	1	1	datums/lifecycle/declarations.dm	Relations, ownership, lifecycle, registries (section 6)	internal	destroy transaction and pool internals	n/a	7	deleted with its layer	no
lifecycle_decls_materialize	/proc/lifecycle_decls_materialize	proc	1	1	datums/lifecycle/declarations.dm	Relations, ownership, lifecycle, registries (section 6)	internal	destroy transaction and pool internals	n/a	7	deleted with its layer	no
machine_basics	/proc/machine_basics	proc	1	1	datums/capabilities/library/presets.dm	Capabilities, construction, emag (sections 11 and 12)	kept	a library capability (section 11): addressable by configure() and without(); maintenance_hatch takes cover =, wires =, emag =	n/a	n/a	none	no
maintenance_hatch	/proc/maintenance_hatch	proc	1	3	datums/capabilities/library/presets.dm	Capabilities, construction, emag (sections 11 and 12)	kept	a library capability (section 11): addressable by configure() and without(); maintenance_hatch takes cover =, wires =, emag =	n/a	n/a	none	no
member_role	/proc/member_role	proc	1	1	controllers/kernel/membership.dm	Engine internals content calls today (grouped; they leave with their layer)	internal	kernel boot and graph internals	n/a	7	deleted with its layer	no
members_of	/proc/members_of	proc	1	1	controllers/kernel/membership.dm	Kernel, systems, input, IO (sections 2 and 3)	kept	members_of(key, role) (section 2)	n/a	n/a	none	no
membership	/proc/membership	proc	1	2	datums/capabilities/library/membership.dm	Capabilities, construction, emag (sections 11 and 12)	kept	library capability constructor (section 11)	n/a	n/a	none	no
native_delivery_stats	/proc/native_delivery_stats	proc	1	1	datums/om/native_adapter.dm	Engine internals content calls today (grouped; they leave with their layer)	internal	the native outbox (section 14)	n/a	7	deleted with its layer	no
om_claiming_task	/proc/om_claiming_task	proc	1	1	datums/om/task.dm	Engine internals content calls today (grouped; they leave with their layer)	internal	the op wait record (kernel)	n/a	7	deleted with its layer	no
om_clock_rate	/proc/om_clock_rate	proc	1	1	datums/om/contribution.dm	Tracked vars, stats, holds, grants, statuses, traits (sections 4 and 5)	replaced	read the clock-rate stat (clock_rate_bio)	1 (E3)	3	codemod	no
om_clock_rate_of	/proc/om_clock_rate_of	proc	1	1	datums/om/contribution.dm	Tracked vars, stats, holds, grants, statuses, traits (sections 4 and 5)	replaced	read the clock-rate stat (clock_rate_bio)	1 (E3)	3	codemod	no
om_contrib_value	/proc/om_contrib_value	proc	1	1	datums/om/contribution.dm	Tracked vars, stats, holds, grants, statuses, traits (sections 4 and 5)	replaced	read the stat var	1 (E3)	3	codemod	no
om_diagnostics	/proc/om_diagnostics	proc	1	1	datums/om/scheduler.dm	Engine internals content calls today (grouped; they leave with their layer)	internal	the kernel profiler (metrics())	n/a	7	deleted with its layer	no
om_emit_examine	/proc/om_emit_examine	proc	1	1	datums/om_events/atom_events.dm	Hooks, notices, damage reactions (sections 10 and 14)	internal	OM event types (each has a notice from the event map)	n/a	7	deleted with its layer	no
om_emit_moved	/proc/om_emit_moved	proc	1	1	datums/om_events/atom_events.dm	Hooks, notices, damage reactions (sections 10 and 14)	internal	OM event types (each has a notice from the event map)	n/a	7	deleted with its layer	no
om_expires_at	/proc/om_expires_at	proc	1	1	datums/om/contribution.dm	Tracked vars, stats, holds, grants, statuses, traits (sections 4 and 5)	replaced	hold_left(E, STAT_X, source)	1 (E3)	3	codemod	no
om_flow_answers	/proc/om_flow_answers	proc	1	1	datums/om/flow_io.dm	Kernel, systems, input, IO (sections 2 and 3)	replaced	asks(/datum/io/sql/x, ...) followed by a list prompt	1 (E6)	3	codemod	no
om_has_grant	/proc/om_has_grant	proc	1	1	datums/om/contribution.dm	Tracked vars, stats, holds, grants, statuses, traits (sections 4 and 5)	replaced	granted(E, what)	1 (E3)	3	codemod	no
om_native_watch_of	/proc/om_native_watch_of	proc	1	1	datums/om/native.dm	Engine internals content calls today (grouped; they leave with their layer)	internal	the native outbox (section 14)	n/a	7	deleted with its layer	no
om_pipe_replan	/proc/om_pipe_replan	proc	1	1	datums/om/pipeline.dm	Timers, periodic work, tasks, cooldowns (section 3)	deleted	plans are gone: step order is runs_after edges, computed once per type	1 (E6)	5	delete	no
om_prompt_closed	/proc/om_prompt_closed	proc	1	1	datums/om/prompt.dm	Engine internals content calls today (grouped; they leave with their layer)	internal	the prompt engine	n/a	7	deleted with its layer	no
om_set	/proc/om_set	proc	1	1	datums/om/fields.dm	Tracked vars, stats, holds, grants, statuses, traits (sections 4 and 5)	replaced	the var's generated setter	1 (E1)	3	codemod	no
om_stage_add	/proc/om_stage_add	proc	1	1	datums/om/pipeline.dm	Timers, periodic work, tasks, cooldowns (section 3)	replaced	a granted capability carrying seq_step() entries	1 (E6)	5	Life track (5)	no
om_stage_for	/proc/om_stage_for	proc	1	1	datums/om/pipeline.dm	Timers, periodic work, tasks, cooldowns (section 3)	internal	the Life pipeline (deleted in phase 5)	n/a	5	deleted with its layer	no
om_stage_remove	/proc/om_stage_remove	proc	1	1	datums/om/pipeline.dm	Timers, periodic work, tasks, cooldowns (section 3)	replaced	revoke() that capability	1 (E6)	5	Life track (5)	no
om_start	/proc/om_start	proc	1	1	datums/om/entity.dm	Engine internals content calls today (grouped; they leave with their layer)	internal	the entity record (deleted with the OM layer)	n/a	7	deleted with its layer	no
om_task_cancel	/proc/om_task_cancel	proc	1	1	datums/om/task.dm	Engine internals content calls today (grouped; they leave with their layer)	internal	the op wait record (kernel)	n/a	7	deleted with its layer	no
om_task_launch	/proc/om_task_launch	proc	1	1	datums/om/task.dm	Engine internals content calls today (grouped; they leave with their layer)	internal	the op wait record (kernel)	n/a	7	deleted with its layer	no
om_teardown_rest	/proc/om_teardown_rest	proc	1	1	datums/om/entity.dm	Engine internals content calls today (grouped; they leave with their layer)	internal	the entity record (deleted with the OM layer)	n/a	7	deleted with its layer	no
om_type_has_decl	/proc/om_type_has_decl	proc	1	1	datums/om/entity.dm	Engine internals content calls today (grouped; they leave with their layer)	internal	the entity record (deleted with the OM layer)	n/a	7	deleted with its layer	no
om_ui_bind	/proc/om_ui_bind	proc	1	1	datums/om/ui.dm	Engine internals content calls today (grouped; they leave with their layer)	internal	op resolution and the window table	n/a	7	deleted with its layer	no
om_ui_bind_table	/proc/om_ui_bind_table	proc	1	1	datums/om/ui.dm	Engine internals content calls today (grouped; they leave with their layer)	internal	op resolution and the window table	n/a	7	deleted with its layer	no
om_watch_arm_bands	/proc/om_watch_arm_bands	proc	1	1	datums/om/watch.dm	Tracked vars, stats, holds, grants, statuses, traits (sections 4 and 5)	replaced	generated reads (section 7); on_change(cond, ...) for a reaction; on_cross(native(...), ...) for a threshold	1 (E5)	3	codemod	no
om_watch_arm_revision	/proc/om_watch_arm_revision	proc	1	1	datums/om/watch.dm	Tracked vars, stats, holds, grants, statuses, traits (sections 4 and 5)	replaced	generated reads (section 7); on_change(cond, ...) for a reaction; on_cross(native(...), ...) for a threshold	1 (E5)	3	codemod	no
om_watch_disarm_all	/proc/om_watch_disarm_all	proc	1	1	datums/om/watch.dm	Tracked vars, stats, holds, grants, statuses, traits (sections 4 and 5)	replaced	generated reads (section 7); on_change(cond, ...) for a reaction; on_cross(native(...), ...) for a threshold	1 (E5)	3	codemod	no
om_watch_entity_key	/proc/om_watch_entity_key	proc	1	1	datums/om/watch.dm	Tracked vars, stats, holds, grants, statuses, traits (sections 4 and 5)	replaced	generated reads (section 7); on_change(cond, ...) for a reaction; on_cross(native(...), ...) for a threshold	1 (E5)	3	codemod	no
om_watch_fire_all	/proc/om_watch_fire_all	proc	1	1	datums/om/watch.dm	Tracked vars, stats, holds, grants, statuses, traits (sections 4 and 5)	replaced	generated reads (section 7); on_change(cond, ...) for a reaction; on_cross(native(...), ...) for a threshold	1 (E5)	3	codemod	no
open_interaction_menu	/proc/open_interaction_menu	proc	1	1	datums/interactions/menu.dm	Ops, input parts, requirements, tools (sections 8 and 9)	replaced	action_options()	2	3	skeleton codemod (agent finishes)	no
own_validate_boot	/proc/own_validate_boot	proc	1	1	datums/ownership/table.dm	Engine internals content calls today (grouped; they leave with their layer)	internal	the destroy transaction and relation tables	n/a	7	deleted with its layer	no
own_values	/proc/own_values	proc	1	1	datums/ownership/own.dm	Relations, ownership, lifecycle, registries (section 6)	replaced	read the var (owned values are plain list reads)	1 (E1)	3	codemod	no
perform_action	/proc/perform_action	proc	1	1	datums/operations/actions.dm	Ops, input parts, requirements, tools (sections 8 and 9)	replaced	perform_intent(actor, target, INTENT_X)	2	3	skeleton codemod (agent finishes)	no
periodic_diagnostics	/proc/periodic_diagnostics	proc	1	1	datums/om/periodic.dm	Engine internals content calls today (grouped; they leave with their layer)	internal	the kernel profiler (metrics())	n/a	7	deleted with its layer	no
power_channels	/proc/power_channels	proc	1	1	datums/capabilities/library/power_channels.dm	Capabilities, construction, emag (sections 11 and 12)	kept	library capability constructor (section 11)	n/a	n/a	none	no
qdel_batch	/proc/qdel_batch	proc	1	1	datums/lifecycle/batch.dm	Relations, ownership, lifecycle, registries (section 6)	internal	destroy transaction and pool internals	n/a	7	deleted with its layer	no
reagents	/proc/reagents	proc	1	304	datums/capabilities/library/reagents.dm	Capabilities, construction, emag (sections 11 and 12)	kept	library capability constructor (section 11)	n/a	n/a	none	no
rel_incoming_refs	/proc/rel_incoming_refs	proc	1	1	datums/ownership/views.dm	Engine internals content calls today (grouped; they leave with their layer)	internal	the destroy transaction and relation tables	n/a	7	deleted with its layer	no
rel_keyed_dematerialize	/proc/rel_keyed_dematerialize	proc	1	1	datums/ownership/views.dm	Engine internals content calls today (grouped; they leave with their layer)	internal	the destroy transaction and relation tables	n/a	7	deleted with its layer	no
rel_keyed_materialize	/proc/rel_keyed_materialize	proc	1	1	datums/ownership/views.dm	Engine internals content calls today (grouped; they leave with their layer)	internal	the destroy transaction and relation tables	n/a	7	deleted with its layer	no
rel_names	/proc/rel_names	proc	1	1	datums/ownership/views.dm	Engine internals content calls today (grouped; they leave with their layer)	internal	the destroy transaction and relation tables	n/a	7	deleted with its layer	no
remove_client_image	/proc/remove_client_image	proc	1	2	datums/om/after_helpers.dm	Timers, periodic work, tasks, cooldowns (section 3)	kept	convenience helpers, rewritten over after(owner, delay, then(PROC_REF(x))) (kept)	n/a	n/a	none	no
req_clear	/proc/req_clear	proc	1	1	datums/operations/req.dm	Ops, input parts, requirements, tools (sections 8 and 9)	replaced	req_is(KEY, FALSE, because = MSG(x))	1 (E2)	3	codemod	no
req_proc	/proc/req_proc	proc	1	1	datums/operations/req.dm	Ops, input parts, requirements, tools (sections 8 and 9)	replaced	req(PROC_REF(x), because = MSG(y))	1 (E2)	3	codemod	no
req_reason_text	/proc/req_reason_text	proc	1	1	datums/operations/req.dm	Engine internals content calls today (grouped; they leave with their layer)	internal	requirement reason lookup	n/a	7	deleted with its layer	no
req_wire	/proc/req_wire	proc	1	1	datums/operations/req.dm	Ops, input parts, requirements, tools (sections 8 and 9)	kept	req_wire(W) (section 9)	n/a	n/a	none	no
rx_enrol	/proc/rx_enrol	proc	1	1	datums/reactions/work.dm	Engine internals content calls today (grouped; they leave with their layer)	internal	the old timer and periodic engines	n/a	7	deleted with its layer	no
rx_type_enrols	/proc/rx_type_enrols	proc	1	1	datums/reactions/work.dm	Engine internals content calls today (grouped; they leave with their layer)	internal	the old timer and periodic engines	n/a	7	deleted with its layer	no
seq_derive_edges	/proc/seq_derive_edges	proc	1	1	controllers/kernel/sequence_table.dm	Engine internals content calls today (grouped; they leave with their layer)	internal	the sequence engine	n/a	7	deleted with its layer	no
seq_start	/proc/seq_start	proc	1	1	controllers/kernel/sequence.dm	Engine internals content calls today (grouped; they leave with their layer)	internal	the sequence engine	n/a	7	deleted with its layer	no
seq_stop	/proc/seq_stop	proc	1	1	controllers/kernel/sequence.dm	Engine internals content calls today (grouped; they leave with their layer)	internal	the sequence engine	n/a	7	deleted with its layer	no
sequence_def	/proc/sequence_def	proc	1	1	controllers/kernel/sequence.dm	Engine internals content calls today (grouped; they leave with their layer)	internal	the sequence engine	n/a	7	deleted with its layer	no
shutdown_world_services	/proc/shutdown_world_services	proc	1	1	datums/om/world_lanes.dm	Engine internals content calls today (grouped; they leave with their layer)	internal	world lanes: systems on the kernel	n/a	7	deleted with its layer	no
slot_eject	/proc/slot_eject	proc	1	1	datums/capabilities/slot.dm	Ops, input parts, requirements, tools (sections 8 and 9)	replaced	an op's take_out(slot); from code slot_remove(holder, slot_id, actor =)	2	3	skeleton codemod (agent finishes)	no
system	/proc/system	proc	1	115	controllers/kernel/system.dm	Kernel, systems, input, IO (sections 2 and 3)	kept	system(/datum/system/x) (section 2)	n/a	n/a	none	no
try_construction_alt	/proc/try_construction_alt	proc	1	1	datums/interactions/construction.dm	Engine internals content calls today (grouped; they leave with their layer)	internal	the construction ladder engine	n/a	7	deleted with its layer	no
try_gesture_drag	/proc/try_gesture_drag	proc	1	1	datums/operations/actions.dm	Ops, input parts, requirements, tools (sections 8 and 9)	replaced	perform_intent(actor, target, INTENT_DROP_ONTO, held) (returns the key of the op that ran, or null)	2	3	skeleton codemod (agent finishes)	no
try_interaction_category	/proc/try_interaction_category	proc	1	1	datums/interactions/resolver.dm	Ops, input parts, requirements, tools (sections 8 and 9)	replaced	perform_intent(actor, target, INTENT_X)	2	3	skeleton codemod (agent finishes)	no
ui_declared_data	/proc/ui_declared_data	proc	1	1	datums/sys/ui.dm	Engine internals content calls today (grouped; they leave with their layer)	internal	op resolution and the window table	n/a	7	deleted with its layer	no
ui_dispatch	/proc/ui_dispatch	proc	1	1	datums/sys/ui.dm	Engine internals content calls today (grouped; they leave with their layer)	internal	op resolution and the window table	n/a	7	deleted with its layer	no
ui_named_dispatch	/proc/ui_named_dispatch	proc	1	1	datums/capabilities/ui_actions.dm	Engine internals content calls today (grouped; they leave with their layer)	internal	op resolution and the window table	n/a	7	deleted with its layer	no
ui_open	/proc/ui_open	proc	1	1	datums/sys/ui.dm	Look, UI, topics, verbs, prompts (section 13)	kept	"ui_open(E, actor) for code outside an op: perform_op(actor, E, ""interface.<window>.open"") (section 13)"	n/a	n/a	none	no
ui_parse_args	/proc/ui_parse_args	proc	1	1	datums/sys/ui.dm	Engine internals content calls today (grouped; they leave with their layer)	internal	op resolution and the window table	n/a	7	deleted with its layer	no
ui_refresh	/proc/ui_refresh	proc	1	12	datums/sys/ui.dm	Look, UI, topics, verbs, prompts (section 13)	deleted	pushes are automatic	2	3	delete	no
ui_types_dump	/proc/ui_types_dump	proc	1	1	datums/sys/ui.dm	Engine internals content calls today (grouped; they leave with their layer)	internal	op resolution and the window table	n/a	7	deleted with its layer	no
verb_store_login	/proc/verb_store_login	proc	1	1	datums/om/grant_verbs.dm	Engine internals content calls today (grouped; they leave with their layer)	internal	the verb store	n/a	7	deleted with its layer	no
verb_store_refresh	/proc/verb_store_refresh	proc	1	1	datums/om/grant_verbs.dm	Engine internals content calls today (grouped; they leave with their layer)	internal	the verb store	n/a	7	deleted with its layer	no
wall_machine	/proc/wall_machine	proc	1	1	datums/capabilities/library/presets.dm	Capabilities, construction, emag (sections 11 and 12)	kept	a library capability (section 11): addressable by configure() and without(); maintenance_hatch takes cover =, wires =, emag =	n/a	n/a	none	no
wires_exposed	/proc/wires_exposed	proc	1	1	datums/capabilities/capabilities.dm	Tracked vars, stats, holds, grants, statuses, traits (sections 4 and 5)	replaced	the generated accessor of the capability's state key (panel_open(holder), cover_open(holder), lock_locked(holder)) [choose: a capability state key has a generated accessor; a stat or tracked var is read as a plain var]	1 (E5)	3	codemod	yes
unmake_z_transparent	/turf/proc/unmake_z_transparent	hook	1	1	datums/behaviours/turf_transparency.dm	Capabilities, construction, emag (sections 11 and 12)	replaced	an OM behaviour: becomes a library capability or entries on the type (section 11)	2	3	wave	no
ABILITY_KEYBIND	ABILITY_KEYBIND	macro()	1	1	__defines/abilities.dm	Ops, input parts, requirements, tools (sections 8 and 9)	replaced	"menu(bind = ""key"") on the ability op"	2	3	skeleton codemod (agent finishes)	no
APPEARANCE_SLOT	APPEARANCE_SLOT	macro()	1	1	__defines/sys_appearance.dm	Look, UI, topics, verbs, prompts (section 13)	replaced	slot look_layer() entries	2	3	codemod	no
BF_INCOMING	BF_INCOMING	macro()	1	1	__defines/body_factors.dm	Tracked vars, stats, holds, grants, statuses, traits (sections 4 and 5)	renamed	one stat per armour kind (STAT_ARMOR_BLUNT ... STAT_ARMOR_BLAST, SUM) and per injury category (STAT_INCOMING_PHYSICAL, ..., PRODUCT); the body domain's injury_armor(kind) picks one by a runtime kind	1 (E3)	3	codemod	no
CACHED_COUNTED	CACHED_COUNTED	macro()	1	1	__defines/shared_cache.dm	Declarations, init, loot, caches, map resolvers (section 6)	kept	caching tools (kept, section 6)	n/a	n/a	none	no
CACHED_INT_FAST	CACHED_INT_FAST	macro()	1	1	__defines/shared_cache.dm	Declarations, init, loot, caches, map resolvers (section 6)	kept	caching tools (kept, section 6)	n/a	n/a	none	no
DECLARE_NO_REAGENTS	DECLARE_NO_REAGENTS	macro()	1	1	__defines/lifecycle_decl.dm	Declarations, init, loot, caches, map resolvers (section 6)	replaced	without(CAP_REAGENTS)	1 (E1)	3	codemod	no
DECLARE_REAGENT_FROM_VAR	DECLARE_REAGENT_FROM_VAR	macro()	1	1	__defines/lifecycle_decl.dm	Declarations, init, loot, caches, map resolvers (section 6)	replaced	reagents(..., starts = PROC_REF(x))	1 (E1)	3	codemod	no
DEFAULT_TRY_QUEUE_VERB	DEFAULT_TRY_QUEUE_VERB	macro()	1	1	__defines/verb_manager.dm	Kernel, systems, input, IO (sections 2 and 3)	replaced	the input inbox (replacing SSinput, SSverb_manager and the verb-queue macros): no opt-in macros and no callbacks; a verb is an input event that resolves through the action path at drain time	1 (E6)	1 (E6)	codemod	yes
EXPIRY_CLEAR	EXPIRY_CLEAR	macro()	1	1	__defines/sys_expiry.dm	Tracked vars, stats, holds, grants, statuses, traits (sections 4 and 5)	replaced	release()	1 (E3)	3	codemod	no
EXPIRY_ON_LAPSE	EXPIRY_ON_LAPSE	macro()	1	1	__defines/sys_expiry.dm	Tracked vars, stats, holds, grants, statuses, traits (sections 4 and 5)	replaced	on_change(STAT_X, EXIT, parts...)	1 (E3)	3	codemod	no
GLOB.lobby_monitor_service	GLOB.lobby_monitor_service	var	1	1	world service accessor	Kernel, systems, input, IO (sections 2 and 3)	replaced	system(/datum/system/<x>) (or its SS<x> name): the service GLOB.<x>_service becomes the system <x>	1S	1S	service port (1S)	no
GLOB.persist_service	GLOB.persist_service	var	1	1	world service accessor	Kernel, systems, input, IO (sections 2 and 3)	replaced	system(/datum/system/<x>) (or its SS<x> name): the service GLOB.<x>_service becomes the system <x>	1S	1S	service port (1S)	no
GLOB.ping_service	GLOB.ping_service	var	1	1	world service accessor	Kernel, systems, input, IO (sections 2 and 3)	replaced	system(/datum/system/<x>) (or its SS<x> name): the service GLOB.<x>_service becomes the system <x>	1S	1S	service port (1S)	no
GLOB.player_tips_service	GLOB.player_tips_service	var	1	1	world service accessor	Kernel, systems, input, IO (sections 2 and 3)	replaced	system(/datum/system/<x>) (or its SS<x> name): the service GLOB.<x>_service becomes the system <x>	1S	1S	service port (1S)	no
GLOB.server_maint_service	GLOB.server_maint_service	var	1	1	world service accessor	Kernel, systems, input, IO (sections 2 and 3)	replaced	system(/datum/system/<x>) (or its SS<x> name): the service GLOB.<x>_service becomes the system <x>	1S	1S	service port (1S)	no
INTERACTION_CATEGORY_BINDING	INTERACTION_CATEGORY_BINDING	macro()	1	1	__defines/interactions.dm	Ops, input parts, requirements, tools (sections 8 and 9)	kept	bind-profile category ids (input adapters, kept)	n/a	n/a	none	no
INTERACT_DRAG_DEFAULT	INTERACT_DRAG_DEFAULT	macro()	1	1	__defines/interactions.dm	Ops, input parts, requirements, tools (sections 8 and 9)	replaced	the same op(...) with priority(OP_PRIORITY_DEFAULT) (the lowest tier)	2	3	skeleton codemod (agent finishes)	no
INTERACT_INSERT_DEFAULT	INTERACT_INSERT_DEFAULT	macro()	1	1	__defines/interactions.dm	Ops, input parts, requirements, tools (sections 8 and 9)	replaced	the same op(...) with priority(OP_PRIORITY_DEFAULT) (the lowest tier)	2	3	skeleton codemod (agent finishes)	no
INTERACT_INSERT_HOSTILE	INTERACT_INSERT_HOSTILE	macro()	1	1	__defines/interactions.dm	Ops, input parts, requirements, tools (sections 8 and 9)	replaced	the same op(...) with hostile()	2	3	skeleton codemod (agent finishes)	no
IS_GLOBAL_PROC_REF	IS_GLOBAL_PROC_REF	macro()	1	1	__defines/capabilities.dm	Engine internals content calls today (grouped; they leave with their layer)	internal	precompiled handler flags and kernel measurement	n/a	7	deleted with its layer	no
KM_HIST_BIN	KM_HIST_BIN	macro()	1	1	__defines/kernel_measure.dm	Engine internals content calls today (grouped; they leave with their layer)	internal	precompiled handler flags and kernel measurement	n/a	7	deleted with its layer	no
LOOT_GAMMA	LOOT_GAMMA	macro()	1	1	__defines/loot.dm	Declarations, init, loot, caches, map resolvers (section 6)	kept	loot tables (kept, section 6)	n/a	n/a	none	no
MC_AVERAGE_FAST	MC_AVERAGE_FAST	macro()	1	1	__defines/MC.dm	Kernel, systems, input, IO (sections 2 and 3)	renamed	KERNEL_AVERAGE, KERNEL_RUNNING, ... (the same metric math under kernel names; the Master Controller is deleted)	1 (E6)	1 (E6)	codemod	no
MC_AVG_SECONDS	MC_AVG_SECONDS	macro()	1	1	__defines/MC.dm	Kernel, systems, input, IO (sections 2 and 3)	renamed	KERNEL_AVERAGE, KERNEL_RUNNING, ... (the same metric math under kernel names; the Master Controller is deleted)	1 (E6)	1 (E6)	codemod	no
MC_SPLIT_TICK_INIT	MC_SPLIT_TICK_INIT	macro()	1	1	__defines/MC.dm	Kernel, systems, input, IO (sections 2 and 3)	renamed	KERNEL_AVERAGE, KERNEL_RUNNING, ... (the same metric math under kernel names; the Master Controller is deleted)	1 (E6)	1 (E6)	codemod	no
MS2DS	MS2DS	macro()	1	1	__defines/time.dm	Timers, periodic work, tasks, cooldowns (section 3)	kept	time unit conversions (kept)	n/a	n/a	none	no
OM_FLAG_FIELD_BITS	OM_FLAG_FIELD_BITS	macro()	1	1	__defines/om.dm	Tracked vars, stats, holds, grants, statuses, traits (sections 4 and 5)	replaced	capability state: cap_keys(...) (at most 24 flags per word), or stats	1 (E1)	3	codemod	no
PREDICATE_PASSES	PREDICATE_PASSES	macro()	1	1	__defines/predicates.dm	Ops, input parts, requirements, tools (sections 8 and 9)	replaced	the requirement used as a condition (its boolean view), for example inside when()	1 (E2)	3	codemod	no
PREDICATE_REASON	PREDICATE_REASON	macro()	1	1	__defines/predicates.dm	Ops, input parts, requirements, tools (sections 8 and 9)	replaced	the requirement's reason (because =)	1 (E2)	3	codemod	no
QUEUE_OR_CALL_VERB_FOR	QUEUE_OR_CALL_VERB_FOR	macro()	1	1	__defines/verb_manager.dm	Kernel, systems, input, IO (sections 2 and 3)	replaced	the input inbox (replacing SSinput, SSverb_manager and the verb-queue macros): no opt-in macros and no callbacks; a verb is an input event that resolves through the action path at drain time	1 (E6)	1 (E6)	codemod	yes
REQ_ALL	REQ_ALL	macro()	1	1	__defines/predicates.dm	Ops, input parts, requirements, tools (sections 8 and 9)	replaced	all_of(...)	1 (E2)	3	codemod	no
REQ_NOT_TYPE	REQ_NOT_TYPE	macro()	1	1	__defines/constraints.dm	Ops, input parts, requirements, tools (sections 8 and 9)	replaced	not(req(type, of = ON_HELD), because = MSG(x))	1 (E2)	3	codemod	no
STATIC_COOLDOWN_DECLARE	STATIC_COOLDOWN_DECLARE	macro()	1	1	__defines/cooldowns.dm	Timers, periodic work, tasks, cooldowns (section 3)	kept	rate limits: kept (section 3); COOLDOWN_KEYED_DECLARE / _START / _FINISHED for dynamic keys	n/a	n/a	none	no
TGUI_WINDOW_INDEX	TGUI_WINDOW_INDEX	macro()	1	1	__defines/tgui.dm	Look, UI, topics, verbs, prompts (section 13)	kept	tgui transport (kept)	n/a	n/a	none	no
TYPE_LIST_IMPURE	TYPE_LIST_IMPURE	macro()	1	1	__defines/type_list.dm	Engine internals content calls today (grouped; they leave with their layer)	internal	type-list internals	n/a	7	deleted with its layer	no
UI_ACT_FALLBACK	UI_ACT_FALLBACK	macro()	1	1	__defines/sys_ui.dm	Look, UI, topics, verbs, prompts (section 13)	replaced	an op with an arg(name, enum(...)) over the data	2	3	skeleton codemod (agent finishes)	yes
UI_SUBACT_OVERRIDE	UI_SUBACT_OVERRIDE	macro()	1	1	__defines/sys_ui.dm	Look, UI, topics, verbs, prompts (section 13)	replaced	"extend(""key"", ...)"	2	3	skeleton codemod (agent finishes)	no
VERB_NAMED	VERB_NAMED	macro()	1	1	__defines/om.dm	Look, UI, topics, verbs, prompts (section 13)	replaced	"op(""key"", label(""Name""), menu(...)) (a renamed gameplay verb) or verb_entry(path)"	2	3	wave	no
om_cancel_calls	om_cancel_calls	macro()	1	1	__defines/om.dm	Timers, periodic work, tasks, cooldowns (section 3)	replaced	cancel_after(owner, key)	1 (E6)	3	codemod	no
om_task_periodic_running	om_task_periodic_running	macro()	1	1	__defines/om.dm	Timers, periodic work, tasks, cooldowns (section 3)	deleted	nothing to ask: read the when condition	1 (E6)	3	delete	no
om_timer_count	om_timer_count	macro()	1	1	__defines/om.dm	Engine internals content calls today (grouped; they leave with their layer)	internal	the timer wheel (kernel phase D)	n/a	7	deleted with its layer	no
approach	/proc/approach	proc	0	0	datums/om/ui.dm	Timers, periodic work, tasks, cooldowns (section 3)	kept	approach(x, target, k, dt): exponential approach, exact for any dt; what an A.dt handler calls (kept)	n/a	n/a	none	yes
chance_over	/proc/chance_over	proc	0	0	datums/om/ui.dm	Timers, periodic work, tasks, cooldowns (section 3)	kept	chance_over(p_per_second, dt): TRUE with the probability of an event within dt seconds (kept)	n/a	n/a	none	yes
decay	/proc/decay	proc	0	0	datums/om/ui.dm	Timers, periodic work, tasks, cooldowns (section 3)	kept	decay(x, rate, dt): exponential decay, exact for any dt; what an A.dt handler calls (kept)	n/a	n/a	none	yes
move_toward	/proc/move_toward	proc	0	0	datums/om/ui.dm	Timers, periodic work, tasks, cooldowns (section 3)	kept	move_toward(x, target, speed, dt): linear move by at most speed times dt (kept)	n/a	n/a	none	yes
SECONDS	SECONDS	const	2790	1016	__defines/time.dm	Constants	kept	kept	n/a	n/a	none	no
INTERACTION_HANDLED_PASS	INTERACTION_HANDLED_PASS	const	900	281	__defines/interactions.dm	Constants	replaced	passes() part on the op	2	3	codemod	no
CLOCK_WORLD	CLOCK_WORLD	const	704	279	__defines/capabilities.dm	Constants	kept	kept	n/a	n/a	none	no
world_service	world_service	const	592	66	/datum/world_service (types)	Constants	replaced	/datum/system/x with SYSTEM_DEF(x): each service type becomes a system and its service_step an every()	1S	1S	codemod	no
use_power	use_power	const	481	226	game/machinery/machinery_power.dm	Constants	replaced	the power_draw stat (a SUM of loads): idle and active draws are declared contributions, and use_power as a var goes	1 (E3)	4	codemod	no
SECOND	SECOND	const	381	230	__defines/time.dm	Constants	kept	kept	n/a	n/a	none	no
MINUTES	MINUTES	const	374	199	__defines/time.dm	Constants	kept	kept	n/a	n/a	none	no
EFFECT_WEAKENED	EFFECT_WEAKENED	const	369	204	__defines/om.dm	Constants	renamed	STATUS_WEAKENED	1 (E3)	3	codemod	no
PRED_TARGET	PRED_TARGET	const	289	119	__defines/predicates.dm	Constants	replaced	of = ON_TARGET | ON_ACTOR | ON_HELD	1 (E2)	3	codemod	no
GRANT_VERB	GRANT_VERB	const	263	78	__defines/om.dm	Constants	deleted	grant() takes a typed value instead: granted_verb(path), hidden_verb(path), granted_trait(T), granted_language(L), granted_access(A), or a capability path	1 (E3)	3	delete	no
SLOT_ID_SUIT	SLOT_ID_SUIT	const	261	85	__defines/containment.dm	Constants	kept	kept	n/a	n/a	none	no
SLOT_ID_HEAD	SLOT_ID_HEAD	const	260	90	__defines/containment.dm	Constants	kept	kept	n/a	n/a	none	no
OWN_DELETE	OWN_DELETE	const	229	154	__defines/ownership.dm	Constants	replaced	on_destroy = DELETE | SPILL | PRIVATE_COPY; OWN_CONTAINED is a slot()	1 (E1)	3	codemod	no
USE_POWER_IDLE	USE_POWER_IDLE	const	229	140	__defines/machinery.dm	Constants	replaced	contributions to the power_draw stat	1 (E3)	4	codemod	no
EVENT_HANDLER	EVENT_HANDLER	const	204	121	__defines/om.dm	Constants	deleted	handlers are ordinary x(datum/act/A) procs; a veto is extend(/datum/act/x, needs(...))	1 (E4)	3	delete	no
REGISTRY_PLAYERS	REGISTRY_PLAYERS	const	201	120	__defines/registries.dm	Constants	kept	kept	n/a	n/a	none	no
SLOT_ID_MASK	SLOT_ID_MASK	const	197	71	__defines/containment.dm	Constants	kept	kept	n/a	n/a	none	no
BROKEN	BROKEN	const	195	76	__defines/machinery.dm	Constants	replaced	operable contributions (stat bits become stats)	1 (E3)	4	codemod	no
EFFECT_STUNNED	EFFECT_STUNNED	const	195	125	__defines/om.dm	Constants	renamed	STATUS_STUNNED	1 (E3)	3	codemod	no
MECHA_SLOT_PILOT	MECHA_SLOT_PILOT	const	187	51	__defines/containment.dm	Constants	kept	kept	n/a	n/a	none	no
PROCESS_KILL	PROCESS_KILL	const	187	120	__defines/subsystems.dm	Constants	deleted	the when condition decides (no PROCESS_KILL)	1 (E6)	3	delete	no
REQ_IN_INVENTORY	REQ_IN_INVENTORY	const	186	94	__defines/interactions.dm	Constants	replaced	carried(): held, worn or in a container the actor carries (186 sites). Not in_hand(), which is narrower and would change behaviour	2	3	codemod	no
SLOT_ID_BACK	SLOT_ID_BACK	const	186	71	__defines/containment.dm	Constants	kept	kept	n/a	n/a	none	no
SLOT_ID_GLOVES	SLOT_ID_GLOVES	const	185	74	__defines/containment.dm	Constants	kept	kept	n/a	n/a	none	no
NOPOWER	NOPOWER	const	175	96	__defines/machinery.dm	Constants	replaced	operable contributions (stat bits become stats)	1 (E3)	4	codemod	no
ASK_CAPABLE	ASK_CAPABLE	const	173	111	__defines/om.dm	Constants	replaced	requirement parts on the asking op (req_capable(), req_conscious(), req_adjacent(), carried() or in_hand()); an open prompt closes with the reason when one stops holding	2	3	codemod	no
SLOT_ID_HAND_R	SLOT_ID_HAND_R	const	173	69	__defines/containment.dm	Constants	kept	kept	n/a	n/a	none	no
SLOT_ID_HAND_L	SLOT_ID_HAND_L	const	169	68	__defines/containment.dm	Constants	kept	kept	n/a	n/a	none	no
OWN_CONTAINED	OWN_CONTAINED	const	158	120	__defines/ownership.dm	Constants	replaced	on_destroy = DELETE | SPILL | PRIVATE_COPY; OWN_CONTAINED is a slot()	1 (E1)	3	codemod	no
SLOT_ID_SHOES	SLOT_ID_SHOES	const	155	68	__defines/containment.dm	Constants	kept	kept	n/a	n/a	none	no
canmove	canmove	const	152	82	modules/mob/mob_defines.dm	Constants	replaced	read the can_move stat (M.can_move)	1 (E3)	5	codemod	no
PERIODIC_SLOW	PERIODIC_SLOW	const	151	128	__defines/om.dm	Constants	replaced	every(interval, ...); a shared interval is an ordinary #define	1 (E6)	3	codemod	no
EFFECT_PARALYZED	EFFECT_PARALYZED	const	149	90	__defines/om.dm	Constants	renamed	STATUS_PARALYZED	1 (E3)	3	codemod	no
CHANGE_EXPLICIT	CHANGE_EXPLICIT	const	145	106	__defines/om.dm	Constants	deleted	setters, stats and relation writes publish; producer keys use PUBLISH_CHANGE(E, key)	1 (E1)	3	delete	no
CHANGE_MACHINE_SETTINGS	CHANGE_MACHINE_SETTINGS	const	138	75	__defines/om.dm	Constants	deleted	setters and stats publish; the build-time shim raises the legacy channel until the machine pipeline goes (phase 4)	1 (E1)	4	delete	no
REGISTRY_MACHINES	REGISTRY_MACHINES	const	123	84	__defines/registries.dm	Constants	kept	kept	n/a	n/a	none	no
SLOT_ID_EYES	SLOT_ID_EYES	const	121	50	__defines/containment.dm	Constants	kept	kept	n/a	n/a	none	no
SLOT_ID_UNIFORM	SLOT_ID_UNIFORM	const	121	57	__defines/containment.dm	Constants	kept	kept	n/a	n/a	none	no
BF_SLOWDOWN	BF_SLOWDOWN	const	117	50	__defines/body_factors.dm	Constants	renamed	STAT_SLOWDOWN	1 (E3)	3	codemod	no
EFFECT_SLEEPING	EFFECT_SLEEPING	const	116	71	__defines/om.dm	Constants	renamed	STATUS_SLEEPING	1 (E3)	3	codemod	no
EFFECT_BLURRY	EFFECT_BLURRY	const	111	43	__defines/om.dm	Constants	renamed	STATUS_BLURRY	1 (E3)	3	codemod	no
href_list	href_list	const	110	23	code/modules (Topic handlers)	Constants	replaced	"a typed argument of an op with a topic(""key"", args...) input; nothing parses href_list by hand"	2	3	codemod	no
EFFECT_CONFUSED	EFFECT_CONFUSED	const	107	49	__defines/om.dm	Constants	renamed	STATUS_CONFUSED	1 (E3)	3	codemod	no
MINUTE	MINUTE	const	107	81	__defines/time.dm	Constants	kept	kept	n/a	n/a	none	no
SLOT_ID_BELT	SLOT_ID_BELT	const	105	48	__defines/containment.dm	Constants	kept	kept	n/a	n/a	none	no
REGISTRY_MOBS	REGISTRY_MOBS	const	104	67	__defines/registries.dm	Constants	kept	kept	n/a	n/a	none	no
USE_POWER_OFF	USE_POWER_OFF	const	101	71	__defines/machinery.dm	Constants	replaced	contributions to the power_draw stat	1 (E3)	4	codemod	no
INITIALIZE_HINT_QDEL	INITIALIZE_HINT_QDEL	const	96	75	__defines/subsystems.dm	Constants	kept	kept	n/a	n/a	none	no
APPEARANCE_OVERLAYS	APPEARANCE_OVERLAYS	const	93	32	__defines/lifecycle_decl.dm	Constants	replaced	draw(look) output and look_layer() entries	2	3	codemod	no
STATUS_CLOSE	STATUS_CLOSE	const	93	53	__defines/machinery.dm	Constants	kept	kept	n/a	n/a	none	no
CELLRATE	CELLRATE	const	91	29	__defines/machinery.dm	Constants	kept	kept	n/a	n/a	none	no
SLOT_ID_ID	SLOT_ID_ID	const	85	41	__defines/containment.dm	Constants	kept	kept	n/a	n/a	none	no
REQ_INTERACTION_REACH	REQ_INTERACTION_REACH	const	84	53	__defines/interactions.dm	Constants	replaced	the reach gate (implicit for a binding with a spatial reach policy); req_adjacent() when stated	2	3	codemod	no
ASK_CONSCIOUS	ASK_CONSCIOUS	const	83	27	__defines/om.dm	Constants	replaced	requirement parts on the asking op (req_capable(), req_conscious(), req_adjacent(), carried() or in_hand()); an open prompt closes with the reason when one stops holding	2	3	codemod	no
SLOT_ID_EAR_L	SLOT_ID_EAR_L	const	83	38	__defines/containment.dm	Constants	kept	kept	n/a	n/a	none	no
STATUS_INTERACTIVE	STATUS_INTERACTIVE	const	83	44	__defines/machinery.dm	Constants	kept	kept	n/a	n/a	none	no
DAMAGE_EMP	DAMAGE_EMP	const	81	67	__defines/sys_damage_reactions.dm	Constants	replaced	hit action subtypes /datum/act/hit/<entry>; DAMAGE_REACTION_BLOCK is instead()	1 (E4)	3	codemod	no
MACHINE_PIPELINE	MACHINE_PIPELINE	const	81	76	__defines/sys_periodic.dm	Constants	replaced	every(interval, ...); a shared interval is an ordinary #define	1 (E6)	3	codemod	no
APPEARANCE_ICON_STATE	APPEARANCE_ICON_STATE	const	79	28	__defines/lifecycle_decl.dm	Constants	replaced	draw(look) output and look_layer() entries	2	3	codemod	no
USE_POWER_ACTIVE	USE_POWER_ACTIVE	const	77	50	__defines/machinery.dm	Constants	replaced	contributions to the power_draw stat	1 (E3)	4	codemod	no
ASK_CARRIED	ASK_CARRIED	const	72	48	__defines/om.dm	Constants	replaced	requirement parts on the asking op (req_capable(), req_conscious(), req_adjacent(), carried() or in_hand()); an open prompt closes with the reason when one stops holding	2	3	codemod	no
SFX_ITEMS_DROP_DEVICE	SFX_ITEMS_DROP_DEVICE	const	71	67	__defines/sfx.dm	Constants	kept	kept	n/a	n/a	none	no
SFX_ITEMS_PICKUP_DEVICE	SFX_ITEMS_PICKUP_DEVICE	const	70	66	__defines/sfx.dm	Constants	kept	kept	n/a	n/a	none	no
SFX_MACHINES_CLICK	SFX_MACHINES_CLICK	const	69	42	__defines/sfx.dm	Constants	kept	kept	n/a	n/a	none	no
ASK_NEAR_SUBJECT	ASK_NEAR_SUBJECT	const	68	47	__defines/om.dm	Constants	replaced	requirement parts on the asking op (req_capable(), req_conscious(), req_adjacent(), carried() or in_hand()); an open prompt closes with the reason when one stops holding	2	3	codemod	no
INITIALIZE_HINT_LATELOAD	INITIALIZE_HINT_LATELOAD	const	68	54	__defines/subsystems.dm	Constants	kept	kept	n/a	n/a	none	no
EFFECT_HALLUCINATING	EFFECT_HALLUCINATING	const	65	30	__defines/om.dm	Constants	renamed	STATUS_HALLUCINATING	1 (E3)	3	codemod	no
REPEAT_STOP	REPEAT_STOP	const	61	35	__defines/sys_periodic.dm	Constants	deleted	the when condition decides (no PROCESS_KILL)	1 (E6)	3	delete	no
SLOT_ID_EAR_R	SLOT_ID_EAR_R	const	61	27	__defines/containment.dm	Constants	kept	kept	n/a	n/a	none	no
SLOT_ID_HANDCUFFED	SLOT_ID_HANDCUFFED	const	59	35	__defines/containment.dm	Constants	kept	kept	n/a	n/a	none	no
try	try	const	59	38	DM keyword	Constants	replaced	safe_call(PROC_REF(x), ...) returns a /datum/result (ok, value, error); try_parse_json(text) for parsing; raw try/catch only inside the kernel	1 (E6)	1 (E6)	codemod	no
PROMPT_ADJACENT	PROMPT_ADJACENT	const	56	40	__defines/om.dm	Constants	replaced	requirement parts on the asking op (req_capable(), req_conscious(), req_adjacent(), carried() or in_hand()); an open prompt closes with the reason when one stops holding	2	3	codemod	no
DAMAGE_EXPLOSION	DAMAGE_EXPLOSION	const	55	48	__defines/sys_damage_reactions.dm	Constants	replaced	hit action subtypes /datum/act/hit/<entry>; DAMAGE_REACTION_BLOCK is instead()	1 (E4)	3	codemod	no
SLOT_ID_POCKET_L	SLOT_ID_POCKET_L	const	53	33	__defines/containment.dm	Constants	kept	kept	n/a	n/a	none	no
EFFECT_BLINDED	EFFECT_BLINDED	const	52	33	__defines/om.dm	Constants	renamed	STATUS_BLINDED	1 (E3)	3	codemod	no
EFFECT_DEAFENED	EFFECT_DEAFENED	const	52	32	__defines/om.dm	Constants	renamed	STATUS_DEAFENED	1 (E3)	3	codemod	no
EFFECT_JITTERY	EFFECT_JITTERY	const	52	25	__defines/om.dm	Constants	renamed	STATUS_JITTERY	1 (E3)	3	codemod	no
CONTAINER_SLOT_STORAGE	CONTAINER_SLOT_STORAGE	const	51	10	__defines/containment.dm	Constants	kept	kept	n/a	n/a	none	no
SLOT_ID_POCKET_R	SLOT_ID_POCKET_R	const	51	35	__defines/containment.dm	Constants	kept	kept	n/a	n/a	none	no
REGISTRY_LIVING_MOBS	REGISTRY_LIVING_MOBS	const	50	40	__defines/registries.dm	Constants	kept	kept	n/a	n/a	none	no
DAMAGE_REACTION_BLOCK	DAMAGE_REACTION_BLOCK	const	49	36	__defines/sys_damage_reactions.dm	Constants	replaced	hit action subtypes /datum/act/hit/<entry>; DAMAGE_REACTION_BLOCK is instead()	1 (E4)	3	codemod	no
OWN_SPILL	OWN_SPILL	const	48	43	__defines/ownership.dm	Constants	replaced	on_destroy = DELETE | SPILL | PRIVATE_COPY; OWN_CONTAINED is a slot()	1 (E1)	3	codemod	no
SFX_EFFECTS_PHASEIN	SFX_EFFECTS_PHASEIN	const	47	27	__defines/sfx.dm	Constants	kept	kept	n/a	n/a	none	no
BF_ANALGESIA	BF_ANALGESIA	const	46	15	__defines/body_factors.dm	Constants	renamed	STAT_ANALGESIA	1 (E3)	3	codemod	no
BF_ACCURACY	BF_ACCURACY	const	45	26	__defines/body_factors.dm	Constants	renamed	STAT_ACCURACY	1 (E3)	3	codemod	no
BF_HEART_RATE	BF_HEART_RATE	const	44	19	__defines/body_factors.dm	Constants	renamed	STAT_HEART_RATE	1 (E3)	3	codemod	no
BF_INCOMING_THERMAL	BF_INCOMING_THERMAL	const	44	23	__defines/body_factors.dm	Constants	renamed	STAT_INCOMING_THERMAL	1 (E3)	3	codemod	no
SFX_EFFECTS_CAPTURE_CRYSTAL_NEGATIVE	SFX_EFFECTS_CAPTURE_CRYSTAL_NEGATIVE	const	44	2	__defines/sfx.dm	Constants	kept	kept	n/a	n/a	none	no
SLOT_ID_SUIT_STORAGE	SLOT_ID_SUIT_STORAGE	const	44	25	__defines/containment.dm	Constants	kept	kept	n/a	n/a	none	no
BF_INCOMING_PHYSICAL	BF_INCOMING_PHYSICAL	const	43	21	__defines/body_factors.dm	Constants	renamed	STAT_INCOMING_PHYSICAL	1 (E3)	3	codemod	no
EFFECT_DRUGGED	EFFECT_DRUGGED	const	43	19	__defines/om.dm	Constants	renamed	STATUS_DRUGGED	1 (E3)	3	codemod	no
SFX_WEAPONS_EMPTY	SFX_WEAPONS_EMPTY	const	43	28	__defines/sfx.dm	Constants	kept	kept	n/a	n/a	none	no
SFX_ITEMS_DECONSTRUCT	SFX_ITEMS_DECONSTRUCT	const	42	29	__defines/sfx.dm	Constants	kept	kept	n/a	n/a	none	no
EFFECT_DIZZY	EFFECT_DIZZY	const	41	17	__defines/om.dm	Constants	renamed	STATUS_DIZZY	1 (E3)	3	codemod	no
EFFECT_DROWSY	EFFECT_DROWSY	const	41	18	__defines/om.dm	Constants	renamed	STATUS_DROWSY	1 (E3)	3	codemod	no
PROMPT_USABLE	PROMPT_USABLE	const	41	23	__defines/om.dm	Constants	replaced	requirement parts on the asking op (req_capable(), req_conscious(), req_adjacent(), carried() or in_hand()); an open prompt closes with the reason when one stops holding	2	3	codemod	no
SFX_WEAPONS_LASER	SFX_WEAPONS_LASER	const	41	21	__defines/sfx.dm	Constants	kept	kept	n/a	n/a	none	no
SFX_WEAPONS_PUNCHMISS	SFX_WEAPONS_PUNCHMISS	const	41	31	__defines/sfx.dm	Constants	kept	kept	n/a	n/a	none	no
PRED_ACTOR	PRED_ACTOR	const	40	26	__defines/predicates.dm	Constants	replaced	of = ON_TARGET | ON_ACTOR | ON_HELD	1 (E2)	3	codemod	no
SFX_SPARKS	SFX_SPARKS	const	40	37	__defines/sfx.dm	Constants	kept	kept	n/a	n/a	none	no
BF_DISABLE_DURATION	BF_DISABLE_DURATION	const	39	17	__defines/body_factors.dm	Constants	renamed	STAT_DISABLE_DURATION	1 (E3)	3	codemod	no
REGISTRY_LANDMARKS	REGISTRY_LANDMARKS	const	39	27	__defines/registries.dm	Constants	kept	kept	n/a	n/a	none	no
SFX_WEAPONS_BLADESLICE	SFX_WEAPONS_BLADESLICE	const	38	28	__defines/sfx.dm	Constants	kept	kept	n/a	n/a	none	no
ADMIN_CATEGORY_FUN_EVENT_KIT	ADMIN_CATEGORY_FUN_EVENT_KIT	const	37	24	__defines/admin_verb.dm	Constants	kept	kept	n/a	n/a	none	no
EQUIP	EQUIP	const	37	26	__defines/machinery.dm	Constants	kept	kept	n/a	n/a	none	no
FRAME_CLASS_MACHINE	FRAME_CLASS_MACHINE	const	37	3	__defines/construction.dm	Constants	kept	kept	n/a	n/a	none	no
BF_RULE_MULT	BF_RULE_MULT	const	36	1	__defines/body_factors.dm	Constants	replaced	the stat rule table (section 5): MULT is PRODUCT, ADD is SUM, MAX and MIN stay, FLAGS is MASK_OR	1 (E3)	3	codemod	no
EFFECT_GODMODE	EFFECT_GODMODE	const	36	22	__defines/om.dm	Constants	renamed	STAT_GODMODE	1 (E3)	3	codemod	no
INTERACTION_CAT_TOGGLE	INTERACTION_CAT_TOGGLE	const	36	31	__defines/input_actions.dm	Constants	kept	kept	n/a	n/a	none	no
REQ_REACH_ADJACENT	REQ_REACH_ADJACENT	const	36	19	__defines/predicates.dm	Constants	replaced	the reach gate (implicit for a binding with a spatial reach policy); req_adjacent() when stated	2	3	codemod	no
SFX_PUNCH	SFX_PUNCH	const	36	25	__defines/sfx.dm	Constants	kept	kept	n/a	n/a	none	no
SFX_TERMINAL_TYPE	SFX_TERMINAL_TYPE	const	36	8	__defines/sfx.dm	Constants	kept	kept	n/a	n/a	none	no
EFFECT_MUTED	EFFECT_MUTED	const	35	18	__defines/om.dm	Constants	renamed	STATUS_MUTED	1 (E3)	3	codemod	no
EFFECT_STUTTERING	EFFECT_STUTTERING	const	35	24	__defines/om.dm	Constants	renamed	STATUS_STUTTERING	1 (E3)	3	codemod	no
ADMIN_CATEGORY_GAME	ADMIN_CATEGORY_GAME	const	34	10	__defines/admin_verb.dm	Constants	kept	kept	n/a	n/a	none	no
MACHINE_STAT_ANY	MACHINE_STAT_ANY	const	34	20	__defines/machinery.dm	Constants	replaced	operable contributions (stat bits become stats)	1 (E3)	4	codemod	no
SC_NEVER	SC_NEVER	const	34	31	__defines/shared_cache.dm	Constants	kept	kept	n/a	n/a	none	no
SFX_WEAPONS_THUDSWOOSH	SFX_WEAPONS_THUDSWOOSH	const	34	19	__defines/sfx.dm	Constants	kept	kept	n/a	n/a	none	no
SFX_WEAPONS_BLADE1	SFX_WEAPONS_BLADE1	const	33	22	__defines/sfx.dm	Constants	kept	kept	n/a	n/a	none	no
BF_RULE_ADD	BF_RULE_ADD	const	32	1	__defines/body_factors.dm	Constants	replaced	the stat rule table (section 5): MULT is PRODUCT, ADD is SUM, MAX and MIN stay, FLAGS is MASK_OR	1 (E3)	3	codemod	no
SFX_EFFECTS_GLASSHIT	SFX_EFFECTS_GLASSHIT	const	32	17	__defines/sfx.dm	Constants	kept	kept	n/a	n/a	none	no
SFX_WEAPONS_TASER	SFX_WEAPONS_TASER	const	32	20	__defines/sfx.dm	Constants	kept	kept	n/a	n/a	none	no
CHANGE_MOB_HEALTH	CHANGE_MOB_HEALTH	const	31	18	__defines/om.dm	Constants	deleted	setters and stats publish; the build-time shim raises the legacy channel until the Life pipeline goes (phase 5)	1 (E1)	5	delete	no
CONSTRUCTION_ITEM_DELETE	CONSTRUCTION_ITEM_DELETE	const	31	6	__defines/construction.dm	Constants	kept	kept	n/a	n/a	none	no
DAMAGE_PROJECTILE	DAMAGE_PROJECTILE	const	31	29	__defines/sys_damage_reactions.dm	Constants	replaced	hit action subtypes /datum/act/hit/<entry>; DAMAGE_REACTION_BLOCK is instead()	1 (E4)	3	codemod	no
KILOWATTS	KILOWATTS	const	31	9	__defines/machinery.dm	Constants	kept	kept	n/a	n/a	none	no
SFX_MACHINES_TWOBEEP	SFX_MACHINES_TWOBEEP	const	31	24	__defines/sfx.dm	Constants	kept	kept	n/a	n/a	none	no
SLOT_ID_LEGCUFFED	SLOT_ID_LEGCUFFED	const	31	16	__defines/containment.dm	Constants	kept	kept	n/a	n/a	none	no
BF_BP_SYSTOLIC	BF_BP_SYSTOLIC	const	30	12	__defines/body_factors.dm	Constants	renamed	STAT_BP_SYSTOLIC	1 (E3)	3	codemod	no
CONTAINER_SLOT_DISPOSAL	CONTAINER_SLOT_DISPOSAL	const	30	4	__defines/containment.dm	Constants	kept	kept	n/a	n/a	none	no
INTERACTION_CAT_INSERT	INTERACTION_CAT_INSERT	const	30	23	__defines/input_actions.dm	Constants	kept	kept	n/a	n/a	none	no
SFX_ITEMS_DRINK	SFX_ITEMS_DRINK	const	30	5	__defines/sfx.dm	Constants	kept	kept	n/a	n/a	none	no
TRANSMISSION_RADIO	TRANSMISSION_RADIO	const	30	19	__defines/machinery.dm	Constants	kept	kept	n/a	n/a	none	no
BF_EVASION	BF_EVASION	const	29	20	__defines/body_factors.dm	Constants	renamed	STAT_EVASION	1 (E3)	3	codemod	no
SFX_WEAPONS_SPIDERLUNGE	SFX_WEAPONS_SPIDERLUNGE	const	29	18	__defines/sfx.dm	Constants	kept	kept	n/a	n/a	none	no
BF_METABOLISM	BF_METABOLISM	const	28	13	__defines/body_factors.dm	Constants	renamed	STAT_METABOLISM	1 (E3)	3	codemod	no
CONSTRUCTION_DONE	CONSTRUCTION_DONE	const	28	11	__defines/construction.dm	Constants	kept	kept	n/a	n/a	none	no
INTERACTION_CAT_EJECT	INTERACTION_CAT_EJECT	const	28	26	__defines/input_actions.dm	Constants	kept	kept	n/a	n/a	none	no
REGISTRY_GHOST_PODS	REGISTRY_GHOST_PODS	const	28	14	__defines/registries.dm	Constants	kept	kept	n/a	n/a	none	no
MAINT	MAINT	const	27	8	__defines/machinery.dm	Constants	replaced	operable contributions (stat bits become stats)	1 (E3)	4	codemod	no
STAGE_IDLE	STAGE_IDLE	const	27	2	__defines/om.dm	Constants	replaced	the work's when condition turning false parks it (every(when =)); should_run returning FALSE for a sequence step	1 (E3)	4	codemod	no
BF_MELEE_DAMAGE	BF_MELEE_DAMAGE	const	26	16	__defines/body_factors.dm	Constants	renamed	STAT_MELEE_DAMAGE	1 (E3)	3	codemod	no
CHANGE_DATUM_A	CHANGE_DATUM_A	const	26	19	__defines/om.dm	Constants	deleted	setters, stats and relation writes publish; producer keys use PUBLISH_CHANGE(E, key)	1 (E1)	3	delete	no
CONTAINER_SLOT_INTERNALS	CONTAINER_SLOT_INTERNALS	const	26	9	__defines/containment.dm	Constants	kept	kept	n/a	n/a	none	no
RELK_OWNED	RELK_OWNED	const	26	21	__defines/reactions.dm	Constants	replaced	owns_one / owns_many (owned), link() (paired), ref_one / ref_many (reference)	1 (E1)	3	codemod	no
SFX_EFFECTS_SPLAT	SFX_EFFECTS_SPLAT	const	26	19	__defines/sfx.dm	Constants	kept	kept	n/a	n/a	none	no
ASK_HELD	ASK_HELD	const	25	19	__defines/om.dm	Constants	replaced	requirement parts on the asking op (req_capable(), req_conscious(), req_adjacent(), carried() or in_hand()); an open prompt closes with the reason when one stops holding	2	3	codemod	no
BF_MOTOR_CONTROL	BF_MOTOR_CONTROL	const	25	14	__defines/body_factors.dm	Constants	renamed	STAT_MOTOR_CONTROL	1 (E3)	3	codemod	no
ENVIRON	ENVIRON	const	25	19	__defines/machinery.dm	Constants	kept	kept	n/a	n/a	none	no
OWN_PRIVATE_COPY	OWN_PRIVATE_COPY	const	25	20	__defines/ownership.dm	Constants	replaced	on_destroy = DELETE | SPILL | PRIVATE_COPY; OWN_CONTAINED is a slot()	1 (E1)	3	codemod	no
REGISTRY_HUMANS	REGISTRY_HUMANS	const	25	18	__defines/registries.dm	Constants	kept	kept	n/a	n/a	none	no
SFX_EFFECTS_ATTACKBLOB	SFX_EFFECTS_ATTACKBLOB	const	25	14	__defines/sfx.dm	Constants	kept	kept	n/a	n/a	none	no
SFX_KEYBOARD	SFX_KEYBOARD	const	25	7	__defines/sfx.dm	Constants	kept	kept	n/a	n/a	none	no
SFX_MACHINES_BUZZ_SIGH	SFX_MACHINES_BUZZ_SIGH	const	25	17	__defines/sfx.dm	Constants	kept	kept	n/a	n/a	none	no
STEP_DONE	STEP_DONE	const	25	14	__defines/om.dm	Constants	replaced	job step results: JOB_DONE and JOB_MORE	1 (E6)	6	codemod	no
CHANGE_MOB_CONDITIONS	CHANGE_MOB_CONDITIONS	const	24	14	__defines/om.dm	Constants	deleted	setters and stats publish; the build-time shim raises the legacy channel until the Life pipeline goes (phase 5)	1 (E1)	5	delete	no
SFX_EFFECTS_BUBBLES	SFX_EFFECTS_BUBBLES	const	24	7	__defines/sfx.dm	Constants	kept	kept	n/a	n/a	none	no
STATUS_UPDATE	STATUS_UPDATE	const	24	13	__defines/machinery.dm	Constants	kept	kept	n/a	n/a	none	no
ADMIN_CATEGORY_DEBUG_INVESTIGATE	ADMIN_CATEGORY_DEBUG_INVESTIGATE	const	23	10	__defines/admin_verb.dm	Constants	kept	kept	n/a	n/a	none	no
ADMIN_CATEGORY_SERVER_GAME	ADMIN_CATEGORY_SERVER_GAME	const	23	6	__defines/admin_verb.dm	Constants	kept	kept	n/a	n/a	none	no
ATMOS_DEFAULT_VOLUME_PUMP	ATMOS_DEFAULT_VOLUME_PUMP	const	23	8	__defines/machinery.dm	Constants	kept	kept	n/a	n/a	none	no
KEYBIND_CAT_MOVEMENT	KEYBIND_CAT_MOVEMENT	const	23	1	__defines/input_actions.dm	Constants	kept	kept	n/a	n/a	none	no
SFX_EFFECTS_SLIME_SQUISH	SFX_EFFECTS_SLIME_SQUISH	const	23	20	__defines/sfx.dm	Constants	kept	kept	n/a	n/a	none	no
SFX_WEAPONS_BITE	SFX_WEAPONS_BITE	const	23	22	__defines/sfx.dm	Constants	kept	kept	n/a	n/a	none	no
BF_INCOMING_ALL	BF_INCOMING_ALL	const	22	16	__defines/body_factors.dm	Constants	renamed	STAT_INCOMING_ALL	1 (E3)	3	codemod	no
INPUT_ACTION_USE	INPUT_ACTION_USE	const	22	12	__defines/input_actions.dm	Constants	kept	kept	n/a	n/a	none	no
INTERACTION_CAT_CONFIGURE	INTERACTION_CAT_CONFIGURE	const	22	17	__defines/input_actions.dm	Constants	kept	kept	n/a	n/a	none	no
OCCUPANT_SLOT_SLEEPER	OCCUPANT_SLOT_SLEEPER	const	22	2	__defines/containment.dm	Constants	kept	kept	n/a	n/a	none	no
OCCUPANT_SLOT_VR_POD	OCCUPANT_SLOT_VR_POD	const	22	2	__defines/containment.dm	Constants	kept	kept	n/a	n/a	none	no
REGISTRY_MONEY_ACCOUNTS	REGISTRY_MONEY_ACCOUNTS	const	22	8	__defines/registries.dm	Constants	kept	kept	n/a	n/a	none	no
SFX_ITEMS_SCREWDRIVER	SFX_ITEMS_SCREWDRIVER	const	22	15	__defines/sfx.dm	Constants	kept	kept	n/a	n/a	none	no
ADMIN_CATEGORY_DEBUG_GAME	ADMIN_CATEGORY_DEBUG_GAME	const	21	9	__defines/admin_verb.dm	Constants	kept	kept	n/a	n/a	none	no
BF_ATTACK_SPEED	BF_ATTACK_SPEED	const	21	14	__defines/body_factors.dm	Constants	renamed	STAT_ATTACK_SPEED	1 (E3)	3	codemod	no
BF_O2_SAT	BF_O2_SAT	const	21	11	__defines/body_factors.dm	Constants	renamed	STAT_O2_SAT	1 (E3)	3	codemod	no
CONNECT_TYPE_FUEL	CONNECT_TYPE_FUEL	const	21	13	__defines/construction.dm	Constants	kept	kept	n/a	n/a	none	no
GAME_STATE_PLAYING	GAME_STATE_PLAYING	const	21	16	__defines/subsystems.dm	Constants	kept	kept	n/a	n/a	none	no
SFX_EFFECTS_POP	SFX_EFFECTS_POP	const	21	12	__defines/sfx.dm	Constants	kept	kept	n/a	n/a	none	no
SFX_MACHINES_DING	SFX_MACHINES_DING	const	21	17	__defines/sfx.dm	Constants	kept	kept	n/a	n/a	none	no
SFX_WEAPONS_ELUGER	SFX_WEAPONS_ELUGER	const	21	14	__defines/sfx.dm	Constants	kept	kept	n/a	n/a	none	no
BF_ENDURANCE_MULT	BF_ENDURANCE_MULT	const	20	9	__defines/body_factors.dm	Constants	renamed	STAT_ENDURANCE_MULT	1 (E3)	3	codemod	no
CONNECT_TYPE_AUX	CONNECT_TYPE_AUX	const	20	12	__defines/construction.dm	Constants	kept	kept	n/a	n/a	none	no
EMPED	EMPED	const	20	10	__defines/machinery.dm	Constants	replaced	operable contributions (stat bits become stats)	1 (E3)	4	codemod	no
PIPING_LAYER_SUPPLY	PIPING_LAYER_SUPPLY	const	20	12	__defines/construction.dm	Constants	kept	kept	n/a	n/a	none	no
RUNLEVELS_DEFAULT	RUNLEVELS_DEFAULT	const	20	19	__defines/subsystems.dm	Constants	kept	kept	n/a	n/a	none	no
SFX_BUTTON	SFX_BUTTON	const	20	13	__defines/sfx.dm	Constants	kept	kept	n/a	n/a	none	no
CHANGE_MACHINE_OCCUPANT	CHANGE_MACHINE_OCCUPANT	const	19	10	__defines/om.dm	Constants	deleted	setters and stats publish; the build-time shim raises the legacy channel until the machine pipeline goes (phase 4)	1 (E1)	4	delete	no
CONNECT_TYPE_SCRUBBER	CONNECT_TYPE_SCRUBBER	const	19	12	__defines/construction.dm	Constants	kept	kept	n/a	n/a	none	no
CONNECT_TYPE_SUPPLY	CONNECT_TYPE_SUPPLY	const	19	12	__defines/construction.dm	Constants	kept	kept	n/a	n/a	none	no
FRAME_WIRED	FRAME_WIRED	const	19	5	__defines/construction.dm	Constants	kept	kept	n/a	n/a	none	no
INTERACTION_CAT_MAINTAIN	INTERACTION_CAT_MAINTAIN	const	19	19	__defines/input_actions.dm	Constants	kept	kept	n/a	n/a	none	no
RUNLEVEL_LOBBY	RUNLEVEL_LOBBY	const	19	17	__defines/subsystems.dm	Constants	kept	kept	n/a	n/a	none	no
APPEARANCE_ANY	APPEARANCE_ANY	const	18	11	__defines/lifecycle_decl.dm	Constants	replaced	draw(look) output and look_layer() entries	2	3	codemod	no
BF_DEMAND	BF_DEMAND	const	18	16	__defines/body_factors.dm	Constants	renamed	STAT_DEMAND	1 (E3)	3	codemod	no
BF_WITHDRAWAL	BF_WITHDRAWAL	const	18	5	__defines/body_factors.dm	Constants	renamed	STAT_WITHDRAWAL	1 (E3)	3	codemod	no
GRANT_VERB_HIDE	GRANT_VERB_HIDE	const	18	13	__defines/om.dm	Constants	deleted	grant() takes a typed value instead: granted_verb(path), hidden_verb(path), granted_trait(T), granted_language(L), granted_access(A), or a capability path	1 (E3)	3	delete	no
PIPING_LAYER_SCRUBBER	PIPING_LAYER_SCRUBBER	const	18	12	__defines/construction.dm	Constants	kept	kept	n/a	n/a	none	no
REGISTRY_CAMERAS	REGISTRY_CAMERAS	const	18	13	__defines/registries.dm	Constants	kept	kept	n/a	n/a	none	no
REGISTRY_LISTENING_OBJECTS	REGISTRY_LISTENING_OBJECTS	const	18	13	__defines/registries.dm	Constants	kept	kept	n/a	n/a	none	no
SFX_ITEMS_DROP_PAPER	SFX_ITEMS_DROP_PAPER	const	18	13	__defines/sfx.dm	Constants	kept	kept	n/a	n/a	none	no
SFX_ITEMS_DROP_RING	SFX_ITEMS_DROP_RING	const	18	13	__defines/sfx.dm	Constants	kept	kept	n/a	n/a	none	no
SFX_ITEMS_PICKUP_PAPER	SFX_ITEMS_PICKUP_PAPER	const	18	11	__defines/sfx.dm	Constants	kept	kept	n/a	n/a	none	no
SFX_ITEMS_RATCHET	SFX_ITEMS_RATCHET	const	18	11	__defines/sfx.dm	Constants	kept	kept	n/a	n/a	none	no
SFX_MACHINES_BUZZ_TWO	SFX_MACHINES_BUZZ_TWO	const	18	12	__defines/sfx.dm	Constants	kept	kept	n/a	n/a	none	no
SFX_MACHINES_PING	SFX_MACHINES_PING	const	18	13	__defines/sfx.dm	Constants	kept	kept	n/a	n/a	none	no
SFX_SHATTER	SFX_SHATTER	const	18	16	__defines/sfx.dm	Constants	kept	kept	n/a	n/a	none	no
SFX_WEAPONS_GAUSS_SHOOT	SFX_WEAPONS_GAUSS_SHOOT	const	18	16	__defines/sfx.dm	Constants	kept	kept	n/a	n/a	none	no
SFX_WEAPONS_GENHIT	SFX_WEAPONS_GENHIT	const	18	10	__defines/sfx.dm	Constants	kept	kept	n/a	n/a	none	no
SILICON_USE_UI	SILICON_USE_UI	const	18	18	__defines/interactions.dm	Constants	replaced	an op with a remote() binding (a hand op for the AI, the interface() open op for UI use)	2	3	codemod	no
SLOT_ID_IN_BACKPACK	SLOT_ID_IN_BACKPACK	const	18	13	__defines/containment.dm	Constants	kept	kept	n/a	n/a	none	no
SLOT_ID_TIE	SLOT_ID_TIE	const	18	9	__defines/containment.dm	Constants	kept	kept	n/a	n/a	none	no
ABILITY_CAT_UTILITY	ABILITY_CAT_UTILITY	const	17	4	__defines/abilities.dm	Constants	replaced	"op keys on the actor's ability capability; menu(button =, bind =) puts them under ""Abilities"""	2	3	codemod	no
BF_PENALTY_SCALE	BF_PENALTY_SCALE	const	17	8	__defines/body_factors.dm	Constants	renamed	STAT_PENALTY_SCALE	1 (E3)	3	codemod	no
BF_RESP_RATE	BF_RESP_RATE	const	17	9	__defines/body_factors.dm	Constants	renamed	STAT_RESP_RATE	1 (E3)	3	codemod	no
CONSTRUCTION_ITEM_USE	CONSTRUCTION_ITEM_USE	const	17	6	__defines/construction.dm	Constants	kept	kept	n/a	n/a	none	no
PROP_UNIT_KELVIN	PROP_UNIT_KELVIN	const	17	3	__defines/properties.dm	Constants	kept	kept	n/a	n/a	none	no
REGISTRY_APCS	REGISTRY_APCS	const	17	15	__defines/registries.dm	Constants	kept	kept	n/a	n/a	none	no
REGISTRY_MESSAGE_SERVERS	REGISTRY_MESSAGE_SERVERS	const	17	7	__defines/registries.dm	Constants	kept	kept	n/a	n/a	none	no
RUNLEVEL_GAME	RUNLEVEL_GAME	const	17	14	__defines/subsystems.dm	Constants	kept	kept	n/a	n/a	none	no
SFX_ITEMS_CROWBAR	SFX_ITEMS_CROWBAR	const	17	14	__defines/sfx.dm	Constants	kept	kept	n/a	n/a	none	no
SFX_ITEMS_DROP_SODA	SFX_ITEMS_DROP_SODA	const	17	4	__defines/sfx.dm	Constants	kept	kept	n/a	n/a	none	no
SFX_ITEMS_PICKUP_SODA	SFX_ITEMS_PICKUP_SODA	const	17	4	__defines/sfx.dm	Constants	kept	kept	n/a	n/a	none	no
SFX_MACHINES_BUTTON	SFX_MACHINES_BUTTON	const	17	9	__defines/sfx.dm	Constants	kept	kept	n/a	n/a	none	no
BF_HEALING_RECEIVED	BF_HEALING_RECEIVED	const	16	13	__defines/body_factors.dm	Constants	renamed	STAT_HEALING_RECEIVED	1 (E3)	3	codemod	no
BF_STABILIZATION	BF_STABILIZATION	const	16	11	__defines/body_factors.dm	Constants	renamed	STAT_STABILIZATION	1 (E3)	3	codemod	no
OCCUPANT_SLOT_CRYO	OCCUPANT_SLOT_CRYO	const	16	1	__defines/containment.dm	Constants	kept	kept	n/a	n/a	none	no
REGISTRY_LATEJOIN	REGISTRY_LATEJOIN	const	16	11	__defines/registries.dm	Constants	kept	kept	n/a	n/a	none	no
REGISTRY_TELECOMMS	REGISTRY_TELECOMMS	const	16	7	__defines/registries.dm	Constants	kept	kept	n/a	n/a	none	no
SFX_EFFECTS_BANG	SFX_EFFECTS_BANG	const	16	15	__defines/sfx.dm	Constants	kept	kept	n/a	n/a	none	no
SFX_EFFECTS_LIGHTNINGSHOCK	SFX_EFFECTS_LIGHTNINGSHOCK	const	16	8	__defines/sfx.dm	Constants	kept	kept	n/a	n/a	none	no
SFX_ITEMS_DROP_CARDBOARDBOX	SFX_ITEMS_DROP_CARDBOARDBOX	const	16	13	__defines/sfx.dm	Constants	kept	kept	n/a	n/a	none	no
SFX_ITEMS_DROP_RUBBER	SFX_ITEMS_DROP_RUBBER	const	16	8	__defines/sfx.dm	Constants	kept	kept	n/a	n/a	none	no
SFX_ITEMS_PICKUP_CARDBOARDBOX	SFX_ITEMS_PICKUP_CARDBOARDBOX	const	16	13	__defines/sfx.dm	Constants	kept	kept	n/a	n/a	none	no
SFX_MACHINES_CHIME	SFX_MACHINES_CHIME	const	16	12	__defines/sfx.dm	Constants	kept	kept	n/a	n/a	none	no
SFX_WEAPONS_RAPIDSLICE	SFX_WEAPONS_RAPIDSLICE	const	16	9	__defines/sfx.dm	Constants	kept	kept	n/a	n/a	none	no
TGUI_DEV_DIAGNOSTICS	TGUI_DEV_DIAGNOSTICS	const	16	2	__defines/tgui.dm	Constants	kept	kept	n/a	n/a	none	no
ADMIN_CATEGORY_EVENTS	ADMIN_CATEGORY_EVENTS	const	15	6	__defines/admin_verb.dm	Constants	kept	kept	n/a	n/a	none	no
BF_BLEEDING	BF_BLEEDING	const	15	12	__defines/body_factors.dm	Constants	renamed	STAT_BLEEDING	1 (E3)	3	codemod	no
BF_ICON_SCALE_X	BF_ICON_SCALE_X	const	15	8	__defines/body_factors.dm	Constants	renamed	STAT_ICON_SCALE_X	1 (E3)	3	codemod	no
BF_ICON_SCALE_Y	BF_ICON_SCALE_Y	const	15	8	__defines/body_factors.dm	Constants	renamed	STAT_ICON_SCALE_Y	1 (E3)	3	codemod	no
FRAME_FASTENED	FRAME_FASTENED	const	15	3	__defines/construction.dm	Constants	kept	kept	n/a	n/a	none	no
FRAME_STYLE_WALL	FRAME_STYLE_WALL	const	15	3	__defines/construction.dm	Constants	kept	kept	n/a	n/a	none	no
OCCUPANT_SLOT_MECHA_SLEEPER	OCCUPANT_SLOT_MECHA_SLEEPER	const	15	1	__defines/containment.dm	Constants	kept	kept	n/a	n/a	none	no
OCCUPANT_SLOT_SUIT_STORAGE	OCCUPANT_SLOT_SUIT_STORAGE	const	15	2	__defines/containment.dm	Constants	kept	kept	n/a	n/a	none	no
PIPING_LAYER_AUX	PIPING_LAYER_AUX	const	15	10	__defines/construction.dm	Constants	kept	kept	n/a	n/a	none	no
PIPING_LAYER_FUEL	PIPING_LAYER_FUEL	const	15	10	__defines/construction.dm	Constants	kept	kept	n/a	n/a	none	no
SFX_EFFECTS_EMPULSE	SFX_EFFECTS_EMPULSE	const	15	11	__defines/sfx.dm	Constants	kept	kept	n/a	n/a	none	no
SFX_EFFECTS_SLOSH	SFX_EFFECTS_SLOSH	const	15	12	__defines/sfx.dm	Constants	kept	kept	n/a	n/a	none	no
SFX_EFFECTS_SMOKE	SFX_EFFECTS_SMOKE	const	15	13	__defines/sfx.dm	Constants	kept	kept	n/a	n/a	none	no
SFX_ITEMS_DROP_FOOD	SFX_ITEMS_DROP_FOOD	const	15	9	__defines/sfx.dm	Constants	kept	kept	n/a	n/a	none	no
SFX_ITEMS_DROP_GLASS	SFX_ITEMS_DROP_GLASS	const	15	12	__defines/sfx.dm	Constants	kept	kept	n/a	n/a	none	no
SFX_ITEMS_PICKUP_RING	SFX_ITEMS_PICKUP_RING	const	15	13	__defines/sfx.dm	Constants	kept	kept	n/a	n/a	none	no
SFX_MACHINES_HISS	SFX_MACHINES_HISS	const	15	11	__defines/sfx.dm	Constants	kept	kept	n/a	n/a	none	no
SFX_WEAPONS_FLIPBLADE	SFX_WEAPONS_FLIPBLADE	const	15	13	__defines/sfx.dm	Constants	kept	kept	n/a	n/a	none	no
SFX_WEAPONS_GUNSHOT_SHOTGUN	SFX_WEAPONS_GUNSHOT_SHOTGUN	const	15	12	__defines/sfx.dm	Constants	kept	kept	n/a	n/a	none	no
SFX_WEAPONS_HEAVYSMASH	SFX_WEAPONS_HEAVYSMASH	const	15	12	__defines/sfx.dm	Constants	kept	kept	n/a	n/a	none	no
TOPIC_IN_MOBS	TOPIC_IN_MOBS	const	15	7	__defines/topic.dm	Constants	kept	kept	n/a	n/a	none	no
BF_DISPERSION	BF_DISPERSION	const	14	10	__defines/body_factors.dm	Constants	renamed	STAT_DISPERSION	1 (E3)	3	codemod	no
BF_INCOMING_PAIN	BF_INCOMING_PAIN	const	14	8	__defines/body_factors.dm	Constants	renamed	STAT_INCOMING_PAIN	1 (E3)	3	codemod	no
BF_SIEMENS	BF_SIEMENS	const	14	6	__defines/body_factors.dm	Constants	renamed	STAT_SIEMENS	1 (E3)	3	codemod	no
BF_TEMPERATURE	BF_TEMPERATURE	const	14	13	__defines/body_factors.dm	Constants	renamed	STAT_TEMPERATURE	1 (E3)	3	codemod	no
BODY_SLOT_WORN	BODY_SLOT_WORN	const	14	2	__defines/containment.dm	Constants	kept	kept	n/a	n/a	none	no
CHANGE_MOB_LOC	CHANGE_MOB_LOC	const	14	5	__defines/om.dm	Constants	deleted	setters and stats publish; the build-time shim raises the legacy channel until the Life pipeline goes (phase 5)	1 (E1)	5	delete	no
INITSTAGE_MAIN	INITSTAGE_MAIN	const	14	14	__defines/MC.dm	Constants	deleted	a system's phase, lane, latency_class and needs =	1 (E6)	1 (E6)	delete	no
INTERACTION_CAT_ATTACK	INTERACTION_CAT_ATTACK	const	14	12	__defines/input_actions.dm	Constants	kept	kept	n/a	n/a	none	no
OCCUPANT_SLOT_BODY_SCANNER	OCCUPANT_SLOT_BODY_SCANNER	const	14	2	__defines/containment.dm	Constants	kept	kept	n/a	n/a	none	no
OCCUPANT_SLOT_CRYOPOD	OCCUPANT_SLOT_CRYOPOD	const	14	1	__defines/containment.dm	Constants	kept	kept	n/a	n/a	none	no
PRED_HELD	PRED_HELD	const	14	9	__defines/predicates.dm	Constants	replaced	of = ON_TARGET | ON_ACTOR | ON_HELD	1 (E2)	3	codemod	no
PROP_UNIT_RATIO	PROP_UNIT_RATIO	const	14	5	__defines/properties.dm	Constants	kept	kept	n/a	n/a	none	no
REGISTRY_EMPTY_AI_CORES	REGISTRY_EMPTY_AI_CORES	const	14	9	__defines/registries.dm	Constants	kept	kept	n/a	n/a	none	no
REGISTRY_SILICONS	REGISTRY_SILICONS	const	14	11	__defines/registries.dm	Constants	kept	kept	n/a	n/a	none	no
SFX_EFFECTS_GRILLEHIT	SFX_EFFECTS_GRILLEHIT	const	14	10	__defines/sfx.dm	Constants	kept	kept	n/a	n/a	none	no
SFX_EFFECTS_SNAP	SFX_EFFECTS_SNAP	const	14	10	__defines/sfx.dm	Constants	kept	kept	n/a	n/a	none	no
SFX_ITEMS_DROP_ACCESSORY	SFX_ITEMS_DROP_ACCESSORY	const	14	10	__defines/sfx.dm	Constants	kept	kept	n/a	n/a	none	no
SFX_WEAPONS_EGLOVES	SFX_WEAPONS_EGLOVES	const	14	12	__defines/sfx.dm	Constants	kept	kept	n/a	n/a	none	no
ADMIN_CATEGORY_DEBUG_EVENTS	ADMIN_CATEGORY_DEBUG_EVENTS	const	13	5	__defines/admin_verb.dm	Constants	kept	kept	n/a	n/a	none	no
BF_PUMP	BF_PUMP	const	13	6	__defines/body_factors.dm	Constants	renamed	STAT_PUMP	1 (E3)	3	codemod	no
CAP_REAGENTS	CAP_REAGENTS	const	13	1	__defines/capabilities.dm	Constants	kept	kept	n/a	n/a	none	no
FRAME_CLASS_DISPLAY	FRAME_CLASS_DISPLAY	const	13	5	__defines/construction.dm	Constants	kept	kept	n/a	n/a	none	no
INPUT_ACTION_ALTERNATE	INPUT_ACTION_ALTERNATE	const	13	8	__defines/input_actions.dm	Constants	kept	kept	n/a	n/a	none	no
LIGHT	LIGHT	const	13	7	__defines/machinery.dm	Constants	kept	kept	n/a	n/a	none	no
NETWORK_TALON_HELMETS	NETWORK_TALON_HELMETS	const	13	2	__defines/machinery.dm	Constants	kept	kept	n/a	n/a	none	no
OCCUPANT_SLOT_RECHARGE_STATION	OCCUPANT_SLOT_RECHARGE_STATION	const	13	1	__defines/containment.dm	Constants	kept	kept	n/a	n/a	none	no
POWEROFF	POWEROFF	const	13	6	__defines/machinery.dm	Constants	replaced	operable contributions (stat bits become stats)	1 (E3)	4	codemod	no
REGISTRY_PDAS	REGISTRY_PDAS	const	13	10	__defines/registries.dm	Constants	kept	kept	n/a	n/a	none	no
SFX_H_SOUNDS_HOLLA	SFX_H_SOUNDS_HOLLA	const	13	10	__defines/sfx.dm	Constants	kept	kept	n/a	n/a	none	no
SFX_ITEMS_DROP_GLOVES	SFX_ITEMS_DROP_GLOVES	const	13	10	__defines/sfx.dm	Constants	kept	kept	n/a	n/a	none	no
SFX_ITEMS_DROP_WRAPPER	SFX_ITEMS_DROP_WRAPPER	const	13	10	__defines/sfx.dm	Constants	kept	kept	n/a	n/a	none	no
SFX_ITEMS_PICKUP_CLOTHING	SFX_ITEMS_PICKUP_CLOTHING	const	13	9	__defines/sfx.dm	Constants	kept	kept	n/a	n/a	none	no
SFX_ITEMS_PICKUP_FOOD	SFX_ITEMS_PICKUP_FOOD	const	13	7	__defines/sfx.dm	Constants	kept	kept	n/a	n/a	none	no
SFX_MACHINES_DENIEDBEEP	SFX_MACHINES_DENIEDBEEP	const	13	5	__defines/sfx.dm	Constants	kept	kept	n/a	n/a	none	no
SFX_WEAPONS_FLASH	SFX_WEAPONS_FLASH	const	13	12	__defines/sfx.dm	Constants	kept	kept	n/a	n/a	none	no
SFX_WEAPONS_SABEROFF	SFX_WEAPONS_SABEROFF	const	13	11	__defines/sfx.dm	Constants	kept	kept	n/a	n/a	none	no
SFX_WEAPONS_SMG_EMPTY_ALARM	SFX_WEAPONS_SMG_EMPTY_ALARM	const	13	6	__defines/sfx.dm	Constants	kept	kept	n/a	n/a	none	no
STATUS_DISABLED	STATUS_DISABLED	const	13	9	__defines/machinery.dm	Constants	kept	kept	n/a	n/a	none	no
BF_STASIS	BF_STASIS	const	12	3	__defines/body_factors.dm	Constants	renamed	STAT_STASIS	1 (E3)	3	codemod	no
CHANGE_MACHINE_BROKEN	CHANGE_MACHINE_BROKEN	const	12	2	__defines/om.dm	Constants	deleted	setters and stats publish; the build-time shim raises the legacy channel until the machine pipeline goes (phase 4)	1 (E1)	4	delete	no
CHANGE_MACHINE_POWER	CHANGE_MACHINE_POWER	const	12	2	__defines/om.dm	Constants	deleted	setters and stats publish; the build-time shim raises the legacy channel until the machine pipeline goes (phase 4)	1 (E1)	4	delete	no
CONNECT_TYPE_REGULAR	CONNECT_TYPE_REGULAR	const	12	9	__defines/construction.dm	Constants	kept	kept	n/a	n/a	none	no
DAMAGE_BLOB	DAMAGE_BLOB	const	12	10	__defines/sys_damage_reactions.dm	Constants	replaced	hit action subtypes /datum/act/hit/<entry>; DAMAGE_REACTION_BLOCK is instead()	1 (E4)	3	codemod	no
FRAME_PLACED	FRAME_PLACED	const	12	2	__defines/construction.dm	Constants	kept	kept	n/a	n/a	none	no
INTERACTION_CAT_REPAIR	INTERACTION_CAT_REPAIR	const	12	8	__defines/input_actions.dm	Constants	kept	kept	n/a	n/a	none	no
KEYBIND_PROFILE_DEFAULT	KEYBIND_PROFILE_DEFAULT	const	12	5	__defines/input_actions.dm	Constants	kept	kept	n/a	n/a	none	no
MC_TICK_CHECK	MC_TICK_CHECK	const	12	5	__defines/MC.dm	Constants	deleted	chunked work is job(owner, PROC_REF(step), budget =, then =)	1 (E6)	1 (E6)	delete	no
PROP_AGG_MIN	PROP_AGG_MIN	const	12	4	__defines/properties.dm	Constants	kept	kept	n/a	n/a	none	no
REGISTRY_DEAD_MOBS	REGISTRY_DEAD_MOBS	const	12	10	__defines/registries.dm	Constants	kept	kept	n/a	n/a	none	no
RUNLEVEL_POSTGAME	RUNLEVEL_POSTGAME	const	12	9	__defines/subsystems.dm	Constants	kept	kept	n/a	n/a	none	no
SFX_EFFECTS_SPARKS4	SFX_EFFECTS_SPARKS4	const	12	11	__defines/sfx.dm	Constants	kept	kept	n/a	n/a	none	no
SFX_ITEMS_BIKEHORN	SFX_ITEMS_BIKEHORN	const	12	11	__defines/sfx.dm	Constants	kept	kept	n/a	n/a	none	no
SFX_ITEMS_DROP_CLOTHING	SFX_ITEMS_DROP_CLOTHING	const	12	9	__defines/sfx.dm	Constants	kept	kept	n/a	n/a	none	no
SFX_ITEMS_DROP_PAPERCUP	SFX_ITEMS_DROP_PAPERCUP	const	12	3	__defines/sfx.dm	Constants	kept	kept	n/a	n/a	none	no
SFX_ITEMS_EATFOOD	SFX_ITEMS_EATFOOD	const	12	10	__defines/sfx.dm	Constants	kept	kept	n/a	n/a	none	no
SFX_ITEMS_PICKUP_GLASS	SFX_ITEMS_PICKUP_GLASS	const	12	11	__defines/sfx.dm	Constants	kept	kept	n/a	n/a	none	no
SFX_ITEMS_PICKUP_PAPERCUP	SFX_ITEMS_PICKUP_PAPERCUP	const	12	3	__defines/sfx.dm	Constants	kept	kept	n/a	n/a	none	no
SFX_MACHINES_DOOR_AIRLOCK_CREAKING	SFX_MACHINES_DOOR_AIRLOCK_CREAKING	const	12	8	__defines/sfx.dm	Constants	kept	kept	n/a	n/a	none	no
SFX_WEAPONS_WAVE	SFX_WEAPONS_WAVE	const	12	11	__defines/sfx.dm	Constants	kept	kept	n/a	n/a	none	no
SLOT_EXPOSURE_INTERNAL	SLOT_EXPOSURE_INTERNAL	const	12	10	__defines/containment.dm	Constants	kept	kept	n/a	n/a	none	no
SLOT_ID_BODY	SLOT_ID_BODY	const	12	7	__defines/containment.dm	Constants	kept	kept	n/a	n/a	none	no
SS_NO_FIRE	SS_NO_FIRE	const	12	10	__defines/MC.dm	Constants	deleted	a system's phase, lane, latency_class and needs =	1 (E6)	1 (E6)	delete	no
STAGE_SUPER	STAGE_SUPER	const	12	1	__defines/machinery.dm	Constants	kept	kept	n/a	n/a	none	no
TGUI_WINDOW_READY	TGUI_WINDOW_READY	const	12	3	__defines/tgui.dm	Constants	kept	kept	n/a	n/a	none	no
ADMIN_CATEGORY_INVESTIGATE	ADMIN_CATEGORY_INVESTIGATE	const	11	6	__defines/admin_verb.dm	Constants	kept	kept	n/a	n/a	none	no
BF_AIRWAY	BF_AIRWAY	const	11	9	__defines/body_factors.dm	Constants	renamed	STAT_AIRWAY	1 (E3)	3	codemod	no
BF_BP_DIASTOLIC	BF_BP_DIASTOLIC	const	11	8	__defines/body_factors.dm	Constants	renamed	STAT_BP_DIASTOLIC	1 (E3)	3	codemod	no
BF_INCOMING_TOXIC	BF_INCOMING_TOXIC	const	11	8	__defines/body_factors.dm	Constants	renamed	STAT_INCOMING_TOXIC	1 (E3)	3	codemod	no
BF_PAIN_IMMUNITY	BF_PAIN_IMMUNITY	const	11	9	__defines/body_factors.dm	Constants	renamed	STAT_PAIN_IMMUNITY	1 (E3)	3	codemod	no
CHANGE_MACHINE_ANCHORED	CHANGE_MACHINE_ANCHORED	const	11	5	__defines/om.dm	Constants	deleted	setters and stats publish; the build-time shim raises the legacy channel until the machine pipeline goes (phase 4)	1 (E1)	4	delete	no
CHANGE_MOB_EQUIPMENT	CHANGE_MOB_EQUIPMENT	const	11	4	__defines/om.dm	Constants	deleted	setters and stats publish; the build-time shim raises the legacy channel until the Life pipeline goes (phase 5)	1 (E1)	5	delete	no
DISPOSAL_PIPE_SORTER	DISPOSAL_PIPE_SORTER	const	11	2	__defines/construction.dm	Constants	kept	kept	n/a	n/a	none	no
FRAME_UNFASTENED	FRAME_UNFASTENED	const	11	2	__defines/construction.dm	Constants	kept	kept	n/a	n/a	none	no
GAS_DEPENDENCY_ALL	GAS_DEPENDENCY_ALL	const	11	11	__defines/machinery.dm	Constants	kept	kept	n/a	n/a	none	no
HOURS	HOURS	const	11	9	__defines/time.dm	Constants	kept	kept	n/a	n/a	none	no
MINIMUM_MOLES_TO_PUMP	MINIMUM_MOLES_TO_PUMP	const	11	5	__defines/machinery.dm	Constants	kept	kept	n/a	n/a	none	no
NETWORK_ENGINEERING	NETWORK_ENGINEERING	const	11	6	__defines/machinery.dm	Constants	kept	kept	n/a	n/a	none	no
PIPES_AUX_LAYER	PIPES_AUX_LAYER	const	11	6	__defines/construction.dm	Constants	kept	kept	n/a	n/a	none	no
PIPES_FUEL_LAYER	PIPES_FUEL_LAYER	const	11	6	__defines/construction.dm	Constants	kept	kept	n/a	n/a	none	no
PIPES_SCRUBBER_LAYER	PIPES_SCRUBBER_LAYER	const	11	6	__defines/construction.dm	Constants	kept	kept	n/a	n/a	none	no
PIPES_SUPPLY_LAYER	PIPES_SUPPLY_LAYER	const	11	6	__defines/construction.dm	Constants	kept	kept	n/a	n/a	none	no
PROP_MELTING_POINT	PROP_MELTING_POINT	const	11	3	__defines/properties.dm	Constants	kept	kept	n/a	n/a	none	no
ROBOT_USE_HAND_ADJACENT	ROBOT_USE_HAND_ADJACENT	const	11	10	__defines/interactions.dm	Constants	replaced	an op with a remote() binding (a hand op for the AI, the interface() open op for UI use)	2	3	codemod	no
SFX_EFFECTS_BLOBATTACK	SFX_EFFECTS_BLOBATTACK	const	11	10	__defines/sfx.dm	Constants	kept	kept	n/a	n/a	none	no
SFX_EFFECTS_LIGHTNINGBOLT	SFX_EFFECTS_LIGHTNINGBOLT	const	11	8	__defines/sfx.dm	Constants	kept	kept	n/a	n/a	none	no
SFX_EFFECTS_WOODEN_CLOSET_CLOSE	SFX_EFFECTS_WOODEN_CLOSET_CLOSE	const	11	8	__defines/sfx.dm	Constants	kept	kept	n/a	n/a	none	no
SFX_EFFECTS_WOODEN_CLOSET_OPEN	SFX_EFFECTS_WOODEN_CLOSET_OPEN	const	11	8	__defines/sfx.dm	Constants	kept	kept	n/a	n/a	none	no
SFX_ITEMS_DROP_HERB	SFX_ITEMS_DROP_HERB	const	11	7	__defines/sfx.dm	Constants	kept	kept	n/a	n/a	none	no
SFX_ITEMS_PICKUP_ACCESSORY	SFX_ITEMS_PICKUP_ACCESSORY	const	11	9	__defines/sfx.dm	Constants	kept	kept	n/a	n/a	none	no
SFX_ITEMS_PICKUP_COMPONENT	SFX_ITEMS_PICKUP_COMPONENT	const	11	9	__defines/sfx.dm	Constants	kept	kept	n/a	n/a	none	no
SFX_ITEMS_PICKUP_HERB	SFX_ITEMS_PICKUP_HERB	const	11	7	__defines/sfx.dm	Constants	kept	kept	n/a	n/a	none	no
SFX_ITEMS_PICKUP_RUBBER	SFX_ITEMS_PICKUP_RUBBER	const	11	7	__defines/sfx.dm	Constants	kept	kept	n/a	n/a	none	no
SFX_ITEMS_SYRINGEPROJ	SFX_ITEMS_SYRINGEPROJ	const	11	4	__defines/sfx.dm	Constants	kept	kept	n/a	n/a	none	no
SFX_ITEMS_WELDER	SFX_ITEMS_WELDER	const	11	11	__defines/sfx.dm	Constants	kept	kept	n/a	n/a	none	no
SFX_ITEMS_WELDER2	SFX_ITEMS_WELDER2	const	11	10	__defines/sfx.dm	Constants	kept	kept	n/a	n/a	none	no
SFX_WEAPONS_PIERCE	SFX_WEAPONS_PIERCE	const	11	9	__defines/sfx.dm	Constants	kept	kept	n/a	n/a	none	no
SFX_WEAPONS_SABERON	SFX_WEAPONS_SABERON	const	11	11	__defines/sfx.dm	Constants	kept	kept	n/a	n/a	none	no
TAG_WEAR_BACK	TAG_WEAR_BACK	const	11	6	__defines/properties.dm	Constants	kept	kept	n/a	n/a	none	no
TGUI_WINDOW_CLOSED	TGUI_WINDOW_CLOSED	const	11	3	__defines/tgui.dm	Constants	kept	kept	n/a	n/a	none	no
UI_REFUSED	UI_REFUSED	const	11	1	__defines/capabilities.dm	Constants	deleted	a repeat emag is a plain emag(); a refusal is a requirement (needs(...)), never a return value	2	3	delete	no
ADMIN_CATEGORY_SERVER_CONFIG	ADMIN_CATEGORY_SERVER_CONFIG	const	10	5	__defines/admin_verb.dm	Constants	kept	kept	n/a	n/a	none	no
BELLY_SLOT_INTERIOR	BELLY_SLOT_INTERIOR	const	10	6	__defines/containment.dm	Constants	kept	kept	n/a	n/a	none	no
BF_ANTIMICROBIAL	BF_ANTIMICROBIAL	const	10	6	__defines/body_factors.dm	Constants	renamed	STAT_ANTIMICROBIAL	1 (E3)	3	codemod	no
BF_COUNT	BF_COUNT	const	10	1	__defines/body_factors.dm	Constants	renamed	STAT_COUNT	1 (E3)	3	codemod	no
BF_GAS_EXCHANGE	BF_GAS_EXCHANGE	const	10	10	__defines/body_factors.dm	Constants	renamed	STAT_GAS_EXCHANGE	1 (E3)	3	codemod	no
BF_RESP_DRIVE	BF_RESP_DRIVE	const	10	7	__defines/body_factors.dm	Constants	renamed	STAT_RESP_DRIVE	1 (E3)	3	codemod	no
BODY_SLOT_ARMOR	BODY_SLOT_ARMOR	const	10	2	__defines/containment.dm	Constants	kept	kept	n/a	n/a	none	no
CHANGE_CHUNK_ANY_MOB	CHANGE_CHUNK_ANY_MOB	const	10	3	__defines/om.dm	Constants	deleted	setters, stats and relation writes publish; producer keys use PUBLISH_CHANGE(E, key)	1 (E1)	3	delete	no
CHANGE_MOB_STAT	CHANGE_MOB_STAT	const	10	5	__defines/om.dm	Constants	deleted	setters and stats publish; the build-time shim raises the legacy channel until the Life pipeline goes (phase 5)	1 (E1)	5	delete	no
CONSTRAINT_HOLD	CONSTRAINT_HOLD	const	10	6	__defines/constraints.dm	Constants	replaced	the slot's accepts = (hold); a requirement on /datum/act/equip (fit, equip, suit storage)	1 (E2)	3	codemod	no
DQAI_TRIGGER_DAMAGE_TAKEN	DQAI_TRIGGER_DAMAGE_TAKEN	const	10	10	modules/combat_ai	Constants	replaced	notice types in a behaviour's eval_triggers (DQAI_TRIGGER_DAMAGE_TAKEN is /datum/notice/injured); ai() hooks each with on_notice	2	6	codemod	no
FRAME_CLASS_ALARM	FRAME_CLASS_ALARM	const	10	3	__defines/construction.dm	Constants	kept	kept	n/a	n/a	none	no
GAME_STATE_PREGAME	GAME_STATE_PREGAME	const	10	7	__defines/subsystems.dm	Constants	kept	kept	n/a	n/a	none	no
INPUT_ACTION_INSPECT	INPUT_ACTION_INSPECT	const	10	8	__defines/input_actions.dm	Constants	kept	kept	n/a	n/a	none	no
KEYBIND_CAT_MOB	KEYBIND_CAT_MOB	const	10	1	__defines/input_actions.dm	Constants	kept	kept	n/a	n/a	none	no
LOOT_HASH_MOD	LOOT_HASH_MOD	const	10	1	__defines/loot.dm	Constants	kept	kept	n/a	n/a	none	no
LOOT_PER_ROUND	LOOT_PER_ROUND	const	10	1	__defines/loot.dm	Constants	kept	kept	n/a	n/a	none	no
MECHA_BOLTS_SECURED	MECHA_BOLTS_SECURED	const	10	2	__defines/construction.dm	Constants	kept	kept	n/a	n/a	none	no
PIPE_TRIN_M	PIPE_TRIN_M	const	10	2	__defines/construction.dm	Constants	kept	kept	n/a	n/a	none	no
SFX_EFFECTS_STEALTHOFF	SFX_EFFECTS_STEALTHOFF	const	10	7	__defines/sfx.dm	Constants	kept	kept	n/a	n/a	none	no
SFX_ITEMS_DROP_BOOTS	SFX_ITEMS_DROP_BOOTS	const	10	5	__defines/sfx.dm	Constants	kept	kept	n/a	n/a	none	no
SFX_ITEMS_DROP_COMPONENT	SFX_ITEMS_DROP_COMPONENT	const	10	8	__defines/sfx.dm	Constants	kept	kept	n/a	n/a	none	no
SFX_ITEMS_DROP_SWORD	SFX_ITEMS_DROP_SWORD	const	10	9	__defines/sfx.dm	Constants	kept	kept	n/a	n/a	none	no
SFX_ITEMS_PICKUP_GLOVES	SFX_ITEMS_PICKUP_GLOVES	const	10	8	__defines/sfx.dm	Constants	kept	kept	n/a	n/a	none	no
SFX_ITEMS_PICKUP_SWORD	SFX_ITEMS_PICKUP_SWORD	const	10	9	__defines/sfx.dm	Constants	kept	kept	n/a	n/a	none	no
SFX_ITEMS_WIRECUTTER	SFX_ITEMS_WIRECUTTER	const	10	8	__defines/sfx.dm	Constants	kept	kept	n/a	n/a	none	no
SFX_MACHINES_DEFIB_FAILED	SFX_MACHINES_DEFIB_FAILED	const	10	3	__defines/sfx.dm	Constants	kept	kept	n/a	n/a	none	no
SFX_WEAPONS_EFFECTS_SEARWALL	SFX_WEAPONS_EFFECTS_SEARWALL	const	10	9	__defines/sfx.dm	Constants	kept	kept	n/a	n/a	none	no
SFX_WEAPONS_EMITTER	SFX_WEAPONS_EMITTER	const	10	8	__defines/sfx.dm	Constants	kept	kept	n/a	n/a	none	no
SFX_WEAPONS_GUNSHOT_CANNON	SFX_WEAPONS_GUNSHOT_CANNON	const	10	10	__defines/sfx.dm	Constants	kept	kept	n/a	n/a	none	no
SFX_WEAPONS_SMASH	SFX_WEAPONS_SMASH	const	10	8	__defines/sfx.dm	Constants	kept	kept	n/a	n/a	none	no
SS_INIT_SUCCESS	SS_INIT_SUCCESS	const	10	8	__defines/subsystems.dm	Constants	deleted	a system's phase, lane, latency_class and needs =	1 (E6)	1 (E6)	delete	no
STAGE_THREE	STAGE_THREE	const	10	5	__defines/machinery.dm	Constants	kept	kept	n/a	n/a	none	no
TAG_WEAR_TWO_EARS	TAG_WEAR_TWO_EARS	const	10	3	__defines/properties.dm	Constants	kept	kept	n/a	n/a	none	no
ADMIN_CATEGORY_DEBUG	ADMIN_CATEGORY_DEBUG	const	9	4	__defines/admin_verb.dm	Constants	kept	kept	n/a	n/a	none	no
ADMIN_VERB_VISIBLITY_FLAG_LOCALHOST	ADMIN_VERB_VISIBLITY_FLAG_LOCALHOST	const	9	4	__defines/admin_verb.dm	Constants	kept	kept	n/a	n/a	none	no
BF_ACTION_BLOCKS	BF_ACTION_BLOCKS	const	9	6	__defines/body_factors.dm	Constants	renamed	STAT_ACTION_BLOCKS	1 (E3)	3	codemod	no
CHANGE_CHUNK_PLAYER	CHANGE_CHUNK_PLAYER	const	9	3	__defines/om.dm	Constants	deleted	setters, stats and relation writes publish; producer keys use PUBLISH_CHANGE(E, key)	1 (E1)	3	delete	no
CHANGE_MOB_STATUS	CHANGE_MOB_STATUS	const	9	3	__defines/om.dm	Constants	deleted	setters and stats publish; the build-time shim raises the legacy channel until the Life pipeline goes (phase 5)	1 (E1)	5	delete	no
CLOCK_BIO	CLOCK_BIO	const	9	8	__defines/om.dm	Constants	kept	kept	n/a	n/a	none	no
DISPOSAL_PIPE_BIN	DISPOSAL_PIPE_BIN	const	9	3	__defines/construction.dm	Constants	kept	kept	n/a	n/a	none	no
DISPOSAL_PIPE_CHUTE	DISPOSAL_PIPE_CHUTE	const	9	3	__defines/construction.dm	Constants	kept	kept	n/a	n/a	none	no
DISPOSAL_PIPE_OUTLET	DISPOSAL_PIPE_OUTLET	const	9	3	__defines/construction.dm	Constants	kept	kept	n/a	n/a	none	no
EFFECT_SLURRING	EFFECT_SLURRING	const	9	5	__defines/om.dm	Constants	renamed	STATUS_SLURRING	1 (E3)	3	codemod	no
FRAME_CLASS_COMPUTER	FRAME_CLASS_COMPUTER	const	9	3	__defines/construction.dm	Constants	kept	kept	n/a	n/a	none	no
GAME_STATE_STARTUP	GAME_STATE_STARTUP	const	9	5	__defines/subsystems.dm	Constants	kept	kept	n/a	n/a	none	no
HOUR	HOUR	const	9	7	__defines/time.dm	Constants	kept	kept	n/a	n/a	none	no
INPUT_ACTION_MENU	INPUT_ACTION_MENU	const	9	5	__defines/input_actions.dm	Constants	kept	kept	n/a	n/a	none	no
INPUT_ACTION_SWAP_HANDS	INPUT_ACTION_SWAP_HANDS	const	9	5	__defines/input_actions.dm	Constants	kept	kept	n/a	n/a	none	no
INTERACTION_TAG_HOSTILE	INTERACTION_TAG_HOSTILE	const	9	7	__defines/interactions.dm	Constants	replaced	hostile(); a ghost op needs AFF_OBSERVE, telekinesis is a provider, a remote op is remote(); any other tag is a tag(TAG_X) part	2	3	codemod	no
KEYBIND_CAT_ADMIN	KEYBIND_CAT_ADMIN	const	9	3	__defines/input_actions.dm	Constants	kept	kept	n/a	n/a	none	no
LANE_SIMULATION	LANE_SIMULATION	const	9	9	__defines/om.dm	Constants	kept	kept	n/a	n/a	none	no
NETWORK_MINE	NETWORK_MINE	const	9	7	__defines/machinery.dm	Constants	kept	kept	n/a	n/a	none	no
NETWORK_SECURITY	NETWORK_SECURITY	const	9	6	__defines/machinery.dm	Constants	kept	kept	n/a	n/a	none	no
OCCUPANT_SLOT_GIBBER	OCCUPANT_SLOT_GIBBER	const	9	1	__defines/containment.dm	Constants	kept	kept	n/a	n/a	none	no
PERIODIC_SECOND	PERIODIC_SECOND	const	9	9	__defines/om.dm	Constants	replaced	every(interval, ...); a shared interval is an ordinary #define	1 (E6)	3	codemod	no
REGISTRY_EXONET_CONNECTIONS	REGISTRY_EXONET_CONNECTIONS	const	9	3	__defines/registries.dm	Constants	kept	kept	n/a	n/a	none	no
REGISTRY_RUNES	REGISTRY_RUNES	const	9	4	__defines/registries.dm	Constants	kept	kept	n/a	n/a	none	no
REGISTRY_SMES	REGISTRY_SMES	const	9	7	__defines/registries.dm	Constants	kept	kept	n/a	n/a	none	no
REGISTRY_SOLAR_CONTROLS	REGISTRY_SOLAR_CONTROLS	const	9	4	__defines/registries.dm	Constants	kept	kept	n/a	n/a	none	no
SFX_EFFECTS_METEORIMPACT	SFX_EFFECTS_METEORIMPACT	const	9	8	__defines/sfx.dm	Constants	kept	kept	n/a	n/a	none	no
SFX_EFFECTS_SUPERMATTER	SFX_EFFECTS_SUPERMATTER	const	9	7	__defines/sfx.dm	Constants	kept	kept	n/a	n/a	none	no
SFX_EFFECTS_TAPE	SFX_EFFECTS_TAPE	const	9	5	__defines/sfx.dm	Constants	kept	kept	n/a	n/a	none	no
SFX_EFFECTS_WOODCUTTING	SFX_EFFECTS_WOODCUTTING	const	9	7	__defines/sfx.dm	Constants	kept	kept	n/a	n/a	none	no
SFX_ITEMS_DROP_AMMOBOX	SFX_ITEMS_DROP_AMMOBOX	const	9	2	__defines/sfx.dm	Constants	kept	kept	n/a	n/a	none	no
SFX_ITEMS_DROP_LEATHER	SFX_ITEMS_DROP_LEATHER	const	9	8	__defines/sfx.dm	Constants	kept	kept	n/a	n/a	none	no
SFX_ITEMS_DROP_WOODEN	SFX_ITEMS_DROP_WOODEN	const	9	6	__defines/sfx.dm	Constants	kept	kept	n/a	n/a	none	no
SFX_ITEMS_PICKUP_AMMOBOX	SFX_ITEMS_PICKUP_AMMOBOX	const	9	2	__defines/sfx.dm	Constants	kept	kept	n/a	n/a	none	no
SFX_ITEMS_PICKUP_BOOTS	SFX_ITEMS_PICKUP_BOOTS	const	9	5	__defines/sfx.dm	Constants	kept	kept	n/a	n/a	none	no
SFX_ITEMS_POLAROID2	SFX_ITEMS_POLAROID2	const	9	4	__defines/sfx.dm	Constants	kept	kept	n/a	n/a	none	no
SFX_MACHINES_DOOR_KNOCK_WOOD	SFX_MACHINES_DOOR_KNOCK_WOOD	const	9	2	__defines/sfx.dm	Constants	kept	kept	n/a	n/a	none	no
SFX_MACHINES_ID_SWIPE	SFX_MACHINES_ID_SWIPE	const	9	6	__defines/sfx.dm	Constants	kept	kept	n/a	n/a	none	no
SFX_MECHA_GASDISCONNECTED	SFX_MECHA_GASDISCONNECTED	const	9	5	__defines/sfx.dm	Constants	kept	kept	n/a	n/a	none	no
SFX_PAGETURN	SFX_PAGETURN	const	9	5	__defines/sfx.dm	Constants	kept	kept	n/a	n/a	none	no
SFX_SWING_HIT	SFX_SWING_HIT	const	9	8	__defines/sfx.dm	Constants	kept	kept	n/a	n/a	none	no
SFX_VORE_SUNESOUND_PRED_SCHLORP	SFX_VORE_SUNESOUND_PRED_SCHLORP	const	9	4	__defines/sfx.dm	Constants	kept	kept	n/a	n/a	none	no
SFX_WEAPONS_GUNSHOT2	SFX_WEAPONS_GUNSHOT2	const	9	4	__defines/sfx.dm	Constants	kept	kept	n/a	n/a	none	no
SILICON_USE_HAND	SILICON_USE_HAND	const	9	9	__defines/interactions.dm	Constants	replaced	an op with a remote() binding (a hand op for the AI, the interface() open op for UI use)	2	3	codemod	no
TAG_WEAR_BELT	TAG_WEAR_BELT	const	9	5	__defines/properties.dm	Constants	kept	kept	n/a	n/a	none	no
TOPIC_ANY	TOPIC_ANY	const	9	5	__defines/topic.dm	Constants	kept	kept	n/a	n/a	none	no
ADMIN_CATEGORY_FUN_SOUNDS	ADMIN_CATEGORY_FUN_SOUNDS	const	8	2	__defines/admin_verb.dm	Constants	kept	kept	n/a	n/a	none	no
BF_HEPATOTOXICITY	BF_HEPATOTOXICITY	const	8	4	__defines/body_factors.dm	Constants	renamed	STAT_HEPATOTOXICITY	1 (E3)	3	codemod	no
BF_PAIN	BF_PAIN	const	8	3	__defines/body_factors.dm	Constants	renamed	STAT_PAIN	1 (E3)	3	codemod	no
BF_PULSE_SET	BF_PULSE_SET	const	8	4	__defines/body_factors.dm	Constants	renamed	STAT_PULSE_SET	1 (E3)	3	codemod	no
BODY_SLOT_INSULATION	BODY_SLOT_INSULATION	const	8	2	__defines/containment.dm	Constants	kept	kept	n/a	n/a	none	no
DQAI_TRIGGER_TARGET_CHANGED	DQAI_TRIGGER_TARGET_CHANGED	const	8	6	modules/combat_ai	Constants	replaced	notice types in a behaviour's eval_triggers (DQAI_TRIGGER_DAMAGE_TAKEN is /datum/notice/injured); ai() hooks each with on_notice	2	6	codemod	no
KEYBIND_PROFILE_ROBOT	KEYBIND_PROFILE_ROBOT	const	8	4	__defines/input_actions.dm	Constants	kept	kept	n/a	n/a	none	no
KM_HIST_BINS	KM_HIST_BINS	const	8	1	__defines/kernel_measure.dm	Constants	internal	kernel measurement and work engine internals	n/a	7	deleted with its layer	no
KM_MAX_SYSTEMS	KM_MAX_SYSTEMS	const	8	3	__defines/kernel_measure.dm	Constants	internal	kernel measurement and work engine internals	n/a	7	deleted with its layer	no
KM_TOP_N	KM_TOP_N	const	8	2	__defines/kernel_measure.dm	Constants	internal	kernel measurement and work engine internals	n/a	7	deleted with its layer	no
MECHA_CELL_OUT	MECHA_CELL_OUT	const	8	2	__defines/construction.dm	Constants	kept	kept	n/a	n/a	none	no
NETWORK_MERCENARY	NETWORK_MERCENARY	const	8	7	__defines/machinery.dm	Constants	kept	kept	n/a	n/a	none	no
OCCUPANT_SLOT_MECHA_PASSENGER	OCCUPANT_SLOT_MECHA_PASSENGER	const	8	1	__defines/containment.dm	Constants	kept	kept	n/a	n/a	none	no
PERIODIC_FAST	PERIODIC_FAST	const	8	8	__defines/om.dm	Constants	replaced	every(interval, ...); a shared interval is an ordinary #define	1 (E6)	3	codemod	no
PROP_AGG_OR	PROP_AGG_OR	const	8	3	__defines/properties.dm	Constants	kept	kept	n/a	n/a	none	no
REGISTRY_BLOBS	REGISTRY_BLOBS	const	8	4	__defines/registries.dm	Constants	kept	kept	n/a	n/a	none	no
REGISTRY_CLEANBOT_RESERVED_TURFS	REGISTRY_CLEANBOT_RESERVED_TURFS	const	8	3	__defines/registries.dm	Constants	kept	kept	n/a	n/a	none	no
REGISTRY_METEORS	REGISTRY_METEORS	const	8	3	__defines/registries.dm	Constants	kept	kept	n/a	n/a	none	no
REGISTRY_NUKE_DISKS	REGISTRY_NUKE_DISKS	const	8	5	__defines/registries.dm	Constants	kept	kept	n/a	n/a	none	no
REGISTRY_SDQL2_QUERIES	REGISTRY_SDQL2_QUERIES	const	8	3	__defines/registries.dm	Constants	kept	kept	n/a	n/a	none	no
SFX_EFFECTS_SPARKS2	SFX_EFFECTS_SPARKS2	const	8	6	__defines/sfx.dm	Constants	kept	kept	n/a	n/a	none	no
SFX_EFFECTS_TURRET_MOVE1	SFX_EFFECTS_TURRET_MOVE1	const	8	4	__defines/sfx.dm	Constants	kept	kept	n/a	n/a	none	no
SFX_EFFECTS_UNCLOAK	SFX_EFFECTS_UNCLOAK	const	8	5	__defines/sfx.dm	Constants	kept	kept	n/a	n/a	none	no
SFX_ITEMS_PICKUP_AXE	SFX_ITEMS_PICKUP_AXE	const	8	8	__defines/sfx.dm	Constants	kept	kept	n/a	n/a	none	no
SFX_ITEMS_PICKUP_LEATHER	SFX_ITEMS_PICKUP_LEATHER	const	8	7	__defines/sfx.dm	Constants	kept	kept	n/a	n/a	none	no
SFX_ITEMS_PICKUP_WOODEN	SFX_ITEMS_PICKUP_WOODEN	const	8	5	__defines/sfx.dm	Constants	kept	kept	n/a	n/a	none	no
SFX_MACHINES_BUTTONBEEP	SFX_MACHINES_BUTTONBEEP	const	8	7	__defines/sfx.dm	Constants	kept	kept	n/a	n/a	none	no
SFX_MACHINES_REAGENT_DISPENSE	SFX_MACHINES_REAGENT_DISPENSE	const	8	7	__defines/sfx.dm	Constants	kept	kept	n/a	n/a	none	no
SFX_MACHINES_WARNING_BUZZER	SFX_MACHINES_WARNING_BUZZER	const	8	7	__defines/sfx.dm	Constants	kept	kept	n/a	n/a	none	no
SFX_RUSTLE	SFX_RUSTLE	const	8	7	__defines/sfx.dm	Constants	kept	kept	n/a	n/a	none	no
SFX_VOICE_LONG_AWOO	SFX_VOICE_LONG_AWOO	const	8	3	__defines/sfx.dm	Constants	kept	kept	n/a	n/a	none	no
SFX_WEAPONS_GUNSHOT4	SFX_WEAPONS_GUNSHOT4	const	8	6	__defines/sfx.dm	Constants	kept	kept	n/a	n/a	none	no
SFX_WEAPONS_RESONATOR_BLAST	SFX_WEAPONS_RESONATOR_BLAST	const	8	7	__defines/sfx.dm	Constants	kept	kept	n/a	n/a	none	no
SFX_WEAPONS_TABLEHIT1	SFX_WEAPONS_TABLEHIT1	const	8	6	__defines/sfx.dm	Constants	kept	kept	n/a	n/a	none	no
SFX_WEAPONS_TASER2	SFX_WEAPONS_TASER2	const	8	8	__defines/sfx.dm	Constants	kept	kept	n/a	n/a	none	no
STAGE_FIVE	STAGE_FIVE	const	8	3	__defines/machinery.dm	Constants	kept	kept	n/a	n/a	none	no
STAGE_TWO	STAGE_TWO	const	8	3	__defines/machinery.dm	Constants	kept	kept	n/a	n/a	none	no
STATUS_EFFECT_PERMANENT	STATUS_EFFECT_PERMANENT	const	8	2	__defines/status_effects.dm	Constants	replaced	body effects: apply_body_effect(), kept as sugar over holds and granted capabilities (section 5)	1 (E3)	3	codemod	no
TAG_WEAR_EARS	TAG_WEAR_EARS	const	8	2	__defines/properties.dm	Constants	kept	kept	n/a	n/a	none	no
ADMIN_CATEGORY_CHAT	ADMIN_CATEGORY_CHAT	const	7	4	__defines/admin_verb.dm	Constants	kept	kept	n/a	n/a	none	no
ADMIN_CATEGORY_FUN_DO_NOT	ADMIN_CATEGORY_FUN_DO_NOT	const	7	5	__defines/admin_verb.dm	Constants	kept	kept	n/a	n/a	none	no
ADMIN_CATEGORY_FUN_NARRATE	ADMIN_CATEGORY_FUN_NARRATE	const	7	3	__defines/admin_verb.dm	Constants	kept	kept	n/a	n/a	none	no
ASK_ADJACENT	ASK_ADJACENT	const	7	6	__defines/om.dm	Constants	replaced	requirement parts on the asking op (req_capable(), req_conscious(), req_adjacent(), carried() or in_hand()); an open prompt closes with the reason when one stops holding	2	3	codemod	no
BF_ALLERGY	BF_ALLERGY	const	7	4	__defines/body_factors.dm	Constants	renamed	STAT_ALLERGY	1 (E3)	3	codemod	no
BF_CIRCULATION	BF_CIRCULATION	const	7	4	__defines/body_factors.dm	Constants	renamed	STAT_CIRCULATION	1 (E3)	3	codemod	no
BF_COLD_EXPOSURE	BF_COLD_EXPOSURE	const	7	6	__defines/body_factors.dm	Constants	renamed	STAT_COLD_EXPOSURE	1 (E3)	3	codemod	no
BF_DARKSIGHT	BF_DARKSIGHT	const	7	4	__defines/body_factors.dm	Constants	renamed	STAT_DARKSIGHT	1 (E3)	3	codemod	no
BF_EMP_SHIFT	BF_EMP_SHIFT	const	7	4	__defines/body_factors.dm	Constants	renamed	STAT_EMP_SHIFT	1 (E3)	3	codemod	no
BF_HEAT_EXPOSURE	BF_HEAT_EXPOSURE	const	7	6	__defines/body_factors.dm	Constants	renamed	STAT_HEAT_EXPOSURE	1 (E3)	3	codemod	no
BF_LUNG_MECHANICS	BF_LUNG_MECHANICS	const	7	5	__defines/body_factors.dm	Constants	renamed	STAT_LUNG_MECHANICS	1 (E3)	3	codemod	no
CHANGE_NEIGHBOURS	CHANGE_NEIGHBOURS	const	7	6	__defines/om.dm	Constants	deleted	setters, stats and relation writes publish; producer keys use PUBLISH_CHANGE(E, key)	1 (E1)	3	delete	no
DAMAGE_ENTRY_EXPLOSION	DAMAGE_ENTRY_EXPLOSION	const	7	6	__defines/sys_damage_reactions.dm	Constants	replaced	hit action subtypes /datum/act/hit/<entry>; DAMAGE_REACTION_BLOCK is instead()	1 (E4)	3	codemod	no
DISPOSAL_PIPE_SORTER_FLIPPED	DISPOSAL_PIPE_SORTER_FLIPPED	const	7	1	__defines/construction.dm	Constants	kept	kept	n/a	n/a	none	no
EVENT_VETO	EVENT_VETO	const	7	5	__defines/om.dm	Constants	deleted	handlers are ordinary x(datum/act/A) procs; a veto is extend(/datum/act/x, needs(...))	1 (E4)	3	delete	no
GAME_STATE_FINISHED	GAME_STATE_FINISHED	const	7	2	__defines/subsystems.dm	Constants	kept	kept	n/a	n/a	none	no
GC_QUEUE_FILTER	GC_QUEUE_FILTER	const	7	1	__defines/qdel.dm	Constants	kept	kept	n/a	n/a	none	no
INITIALIZATION_INNEW_REGULAR	INITIALIZATION_INNEW_REGULAR	const	7	4	__defines/subsystems.dm	Constants	kept	kept	n/a	n/a	none	no
INITIALIZATION_INSSATOMS	INITIALIZATION_INSSATOMS	const	7	4	__defines/subsystems.dm	Constants	kept	kept	n/a	n/a	none	no
INITSTAGE_MAX	INITSTAGE_MAX	const	7	2	__defines/MC.dm	Constants	deleted	a system's phase, lane, latency_class and needs =	1 (E6)	1 (E6)	delete	no
INPUT_ACTION_ALTERNATE_SECONDARY	INPUT_ACTION_ALTERNATE_SECONDARY	const	7	6	__defines/input_actions.dm	Constants	kept	kept	n/a	n/a	none	no
KEYBIND_CAT_CLIENT	KEYBIND_CAT_CLIENT	const	7	1	__defines/input_actions.dm	Constants	kept	kept	n/a	n/a	none	no
KEYBIND_CAT_TARGETING	KEYBIND_CAT_TARGETING	const	7	1	__defines/input_actions.dm	Constants	kept	kept	n/a	n/a	none	no
LEDGER_E_SLOT	LEDGER_E_SLOT	const	7	5	__defines/containment.dm	Constants	kept	kept	n/a	n/a	none	no
MECHA_CELL_OPEN	MECHA_CELL_OPEN	const	7	2	__defines/construction.dm	Constants	kept	kept	n/a	n/a	none	no
NETWORK_MEDICAL	NETWORK_MEDICAL	const	7	5	__defines/machinery.dm	Constants	kept	kept	n/a	n/a	none	no
OM_LANE_COUNT	OM_LANE_COUNT	const	7	2	__defines/om.dm	Constants	internal	deleted with the OM layer	n/a	7	deleted with its layer	no
OM_WORLD	OM_WORLD	const	7	4	__defines/om.dm	Constants	replaced	world_owner()	1 (E4)	3	codemod	no
PRED_CMP_EQ	PRED_CMP_EQ	const	7	1	__defines/predicates.dm	Constants	replaced	req_is(KEY, value) / req_at_least(KEY, n)	1 (E2)	3	codemod	no
PRED_CMP_NE	PRED_CMP_NE	const	7	1	__defines/predicates.dm	Constants	replaced	req_is(KEY, value) / req_at_least(KEY, n)	1 (E2)	3	codemod	no
PROMPT_CONSCIOUS	PROMPT_CONSCIOUS	const	7	4	__defines/om.dm	Constants	replaced	requirement parts on the asking op (req_capable(), req_conscious(), req_adjacent(), carried() or in_hand()); an open prompt closes with the reason when one stops holding	2	3	codemod	no
PROMPT_IN_HAND	PROMPT_IN_HAND	const	7	6	__defines/om.dm	Constants	replaced	requirement parts on the asking op (req_capable(), req_conscious(), req_adjacent(), carried() or in_hand()); an open prompt closes with the reason when one stops holding	2	3	codemod	no
PROP_AGG_MAX	PROP_AGG_MAX	const	7	3	__defines/properties.dm	Constants	kept	kept	n/a	n/a	none	no
REGISTRY_ACTIVE_EVENTS	REGISTRY_ACTIVE_EVENTS	const	7	4	__defines/registries.dm	Constants	kept	kept	n/a	n/a	none	no
REGISTRY_AI_SHELLS	REGISTRY_AI_SHELLS	const	7	4	__defines/registries.dm	Constants	kept	kept	n/a	n/a	none	no
REGISTRY_BEACONS	REGISTRY_BEACONS	const	7	6	__defines/registries.dm	Constants	kept	kept	n/a	n/a	none	no
REGISTRY_ENTOPIC_USERS	REGISTRY_ENTOPIC_USERS	const	7	4	__defines/registries.dm	Constants	kept	kept	n/a	n/a	none	no
REGISTRY_MAPPING_BEACONS	REGISTRY_MAPPING_BEACONS	const	7	2	__defines/registries.dm	Constants	kept	kept	n/a	n/a	none	no
REGISTRY_NEW_PLAYERS	REGISTRY_NEW_PLAYERS	const	7	5	__defines/registries.dm	Constants	kept	kept	n/a	n/a	none	no
REGISTRY_OBSERVERS	REGISTRY_OBSERVERS	const	7	6	__defines/registries.dm	Constants	kept	kept	n/a	n/a	none	no
REGISTRY_RADIOVOLTAIC_ITEMS	REGISTRY_RADIOVOLTAIC_ITEMS	const	7	3	__defines/registries.dm	Constants	kept	kept	n/a	n/a	none	no
REGISTRY_TECHNOMANCER_BELONGINGS	REGISTRY_TECHNOMANCER_BELONGINGS	const	7	4	__defines/registries.dm	Constants	kept	kept	n/a	n/a	none	no
REQ_ANCHORED	REQ_ANCHORED	const	7	6	__defines/sys_requirements.dm	Constants	replaced	requirement constructors (req_conscious(), req_capable(), req_tag(), ...)	2	3	codemod	no
SFX_EFFECTS_REFILL	SFX_EFFECTS_REFILL	const	7	6	__defines/sfx.dm	Constants	kept	kept	n/a	n/a	none	no
SFX_EFFECTS_SPRAY3	SFX_EFFECTS_SPRAY3	const	7	5	__defines/sfx.dm	Constants	kept	kept	n/a	n/a	none	no
SFX_ITEMS_DRILL_USE_2	SFX_ITEMS_DRILL_USE_2	const	7	6	__defines/sfx.dm	Constants	kept	kept	n/a	n/a	none	no
SFX_ITEMS_DROP_AXE	SFX_ITEMS_DROP_AXE	const	7	7	__defines/sfx.dm	Constants	kept	kept	n/a	n/a	none	no
SFX_ITEMS_DROP_BACKPACK	SFX_ITEMS_DROP_BACKPACK	const	7	7	__defines/sfx.dm	Constants	kept	kept	n/a	n/a	none	no
SFX_ITEMS_DROP_GASCAN	SFX_ITEMS_DROP_GASCAN	const	7	6	__defines/sfx.dm	Constants	kept	kept	n/a	n/a	none	no
SFX_ITEMS_DROP_HELM	SFX_ITEMS_DROP_HELM	const	7	7	__defines/sfx.dm	Constants	kept	kept	n/a	n/a	none	no
SFX_ITEMS_JAWS_PRY	SFX_ITEMS_JAWS_PRY	const	7	6	__defines/sfx.dm	Constants	kept	kept	n/a	n/a	none	no
SFX_ITEMS_PICKUP_BACKPACK	SFX_ITEMS_PICKUP_BACKPACK	const	7	7	__defines/sfx.dm	Constants	kept	kept	n/a	n/a	none	no
SFX_ITEMS_PICKUP_WRAPPER	SFX_ITEMS_PICKUP_WRAPPER	const	7	6	__defines/sfx.dm	Constants	kept	kept	n/a	n/a	none	no
SFX_ITEMS_POLAROID1	SFX_ITEMS_POLAROID1	const	7	3	__defines/sfx.dm	Constants	kept	kept	n/a	n/a	none	no
SFX_MACHINES_BUZZBEEP	SFX_MACHINES_BUZZBEEP	const	7	7	__defines/sfx.dm	Constants	kept	kept	n/a	n/a	none	no
SFX_MACHINES_COPIER	SFX_MACHINES_COPIER	const	7	2	__defines/sfx.dm	Constants	kept	kept	n/a	n/a	none	no
SFX_MACHINES_DEFIB_SUCCESS	SFX_MACHINES_DEFIB_SUCCESS	const	7	6	__defines/sfx.dm	Constants	kept	kept	n/a	n/a	none	no
SFX_VOICE_BORK	SFX_VOICE_BORK	const	7	5	__defines/sfx.dm	Constants	kept	kept	n/a	n/a	none	no
SFX_WEAPONS_GUNSHOT_GENERIC_RIFLE	SFX_WEAPONS_GUNSHOT_GENERIC_RIFLE	const	7	4	__defines/sfx.dm	Constants	kept	kept	n/a	n/a	none	no
SFX_WEAPONS_GUNSHOT_LIGHT	SFX_WEAPONS_GUNSHOT_LIGHT	const	7	6	__defines/sfx.dm	Constants	kept	kept	n/a	n/a	none	no
SFX_WEAPONS_LASERCANNONFIRE	SFX_WEAPONS_LASERCANNONFIRE	const	7	7	__defines/sfx.dm	Constants	kept	kept	n/a	n/a	none	no
SFX_WEAPONS_PULSE3	SFX_WEAPONS_PULSE3	const	7	6	__defines/sfx.dm	Constants	kept	kept	n/a	n/a	none	no
SFX_WEAPONS_SPARKLE	SFX_WEAPONS_SPARKLE	const	7	5	__defines/sfx.dm	Constants	kept	kept	n/a	n/a	none	no
SMESRATE	SMESRATE	const	7	3	__defines/machinery.dm	Constants	kept	kept	n/a	n/a	none	no
SS_KERNEL_HOSTED	SS_KERNEL_HOSTED	const	7	7	__defines/MC.dm	Constants	deleted	a system's phase, lane, latency_class and needs =	1 (E6)	1 (E6)	delete	no
SS_NO_INIT	SS_NO_INIT	const	7	7	__defines/MC.dm	Constants	deleted	a system's phase, lane, latency_class and needs =	1 (E6)	1 (E6)	delete	no
STAGE_FOUR	STAGE_FOUR	const	7	3	__defines/machinery.dm	Constants	kept	kept	n/a	n/a	none	no
STAGE_ONE	STAGE_ONE	const	7	3	__defines/machinery.dm	Constants	kept	kept	n/a	n/a	none	no
VERB_SOURCE_CONFIG	VERB_SOURCE_CONFIG	const	7	6	__defines/om.dm	Constants	replaced	SRC_CONFIG, SRC_ADMIN (SOURCE_DEF sources)	2	3	codemod	no
ADMIN_CATEGORY_HIDDEN	ADMIN_CATEGORY_HIDDEN	const	6	3	__defines/admin_verb.dm	Constants	kept	kept	n/a	n/a	none	no
ADMIN_CATEGORY_MAPPING	ADMIN_CATEGORY_MAPPING	const	6	2	__defines/admin_verb.dm	Constants	kept	kept	n/a	n/a	none	no
ADMIN_VERB_NO_DESCRIPTION	ADMIN_VERB_NO_DESCRIPTION	const	6	3	__defines/admin_verb.dm	Constants	kept	kept	n/a	n/a	none	no
ATMOS_DEFAULT_VOLUME_FILTER	ATMOS_DEFAULT_VOLUME_FILTER	const	6	3	__defines/machinery.dm	Constants	kept	kept	n/a	n/a	none	no
ATMOS_DEFAULT_VOLUME_MIXER	ATMOS_DEFAULT_VOLUME_MIXER	const	6	2	__defines/machinery.dm	Constants	kept	kept	n/a	n/a	none	no
BF_BLOOD_REGEN	BF_BLOOD_REGEN	const	6	5	__defines/body_factors.dm	Constants	renamed	STAT_BLOOD_REGEN	1 (E3)	3	codemod	no
BF_NEURAL_REPAIR	BF_NEURAL_REPAIR	const	6	3	__defines/body_factors.dm	Constants	renamed	STAT_NEURAL_REPAIR	1 (E3)	3	codemod	no
BF_RULE_MAX	BF_RULE_MAX	const	6	1	__defines/body_factors.dm	Constants	replaced	the stat rule table (section 5): MULT is PRODUCT, ADD is SUM, MAX and MIN stay, FLAGS is MASK_OR	1 (E3)	3	codemod	no
CONSTRAINT_FIT	CONSTRAINT_FIT	const	6	3	__defines/constraints.dm	Constants	replaced	the slot's accepts = (hold); a requirement on /datum/act/equip (fit, equip, suit storage)	1 (E2)	3	codemod	no
DAMAGE_THROWN	DAMAGE_THROWN	const	6	6	__defines/sys_damage_reactions.dm	Constants	replaced	hit action subtypes /datum/act/hit/<entry>; DAMAGE_REACTION_BLOCK is instead()	1 (E4)	3	codemod	no
DATA_ANTAG	DATA_ANTAG	const	6	1	__defines/machinery.dm	Constants	kept	kept	n/a	n/a	none	no
DECISECONDS	DECISECONDS	const	6	4	__defines/time.dm	Constants	kept	kept	n/a	n/a	none	no
EMAG_DECLINED	EMAG_DECLINED	const	6	5	__defines/sys_emag.dm	Constants	deleted	a repeat emag is a plain emag(); a refusal is a requirement (needs(...)), never a return value	2	3	delete	no
GAME_STATE_SETTING_UP	GAME_STATE_SETTING_UP	const	6	4	__defines/subsystems.dm	Constants	kept	kept	n/a	n/a	none	no
GRANT_TRAIT	GRANT_TRAIT	const	6	1	__defines/om.dm	Constants	deleted	grant() takes a typed value instead: granted_verb(path), hidden_verb(path), granted_trait(T), granted_language(L), granted_access(A), or a capability path	1 (E3)	3	delete	no
INITIALIZE_HINT_NORMAL	INITIALIZE_HINT_NORMAL	const	6	3	__defines/subsystems.dm	Constants	kept	kept	n/a	n/a	none	no
INTERACTION_CAT_LOCK	INTERACTION_CAT_LOCK	const	6	5	__defines/input_actions.dm	Constants	kept	kept	n/a	n/a	none	no
KEYBIND_CAT_COMBAT	KEYBIND_CAT_COMBAT	const	6	1	__defines/input_actions.dm	Constants	kept	kept	n/a	n/a	none	no
KEYBIND_CAT_COMMS	KEYBIND_CAT_COMMS	const	6	1	__defines/input_actions.dm	Constants	kept	kept	n/a	n/a	none	no
KM_DEPTH_BINS	KM_DEPTH_BINS	const	6	1	__defines/kernel_measure.dm	Constants	internal	kernel measurement and work engine internals	n/a	7	deleted with its layer	no
LANE_BACKGROUND	LANE_BACKGROUND	const	6	6	__defines/om.dm	Constants	kept	kept	n/a	n/a	none	no
MECHA_PANEL_LOOSE	MECHA_PANEL_LOOSE	const	6	1	__defines/construction.dm	Constants	kept	kept	n/a	n/a	none	no
NETWORK_COMMAND	NETWORK_COMMAND	const	6	3	__defines/machinery.dm	Constants	kept	kept	n/a	n/a	none	no
NETWORK_DEFAULT	NETWORK_DEFAULT	const	6	5	__defines/machinery.dm	Constants	kept	kept	n/a	n/a	none	no
NETWORK_ERT	NETWORK_ERT	const	6	5	__defines/machinery.dm	Constants	kept	kept	n/a	n/a	none	no
NETWORK_RESEARCH	NETWORK_RESEARCH	const	6	4	__defines/machinery.dm	Constants	kept	kept	n/a	n/a	none	no
NETWORK_THUNDER	NETWORK_THUNDER	const	6	4	__defines/machinery.dm	Constants	kept	kept	n/a	n/a	none	no
OCCUPANT_SLOT_IMPLANT_CHAIR	OCCUPANT_SLOT_IMPLANT_CHAIR	const	6	2	__defines/containment.dm	Constants	kept	kept	n/a	n/a	none	no
OCCUPANT_SLOT_SUIT_CYCLER	OCCUPANT_SLOT_SUIT_CYCLER	const	6	1	__defines/containment.dm	Constants	kept	kept	n/a	n/a	none	no
OCCUPANT_SLOT_TRANSPORTPOD	OCCUPANT_SLOT_TRANSPORTPOD	const	6	1	__defines/containment.dm	Constants	kept	kept	n/a	n/a	none	no
OM_STAT_MS	OM_STAT_MS	const	6	6	__defines/om.dm	Constants	internal	deleted with the OM layer	n/a	7	deleted with its layer	no
PROP_AGG_SUM	PROP_AGG_SUM	const	6	2	__defines/properties.dm	Constants	kept	kept	n/a	n/a	none	no
PROP_KIND_TAG	PROP_KIND_TAG	const	6	3	__defines/properties.dm	Constants	kept	kept	n/a	n/a	none	no
PROP_SIZE_CLASS	PROP_SIZE_CLASS	const	6	3	__defines/properties.dm	Constants	kept	kept	n/a	n/a	none	no
PROP_SOURCE_TYPE	PROP_SOURCE_TYPE	const	6	3	__defines/properties.dm	Constants	kept	kept	n/a	n/a	none	no
PROP_TAG_WORD_BITS	PROP_TAG_WORD_BITS	const	6	2	__defines/properties.dm	Constants	kept	kept	n/a	n/a	none	no
REGISTRY_ACTIVE_DISEASES	REGISTRY_ACTIVE_DISEASES	const	6	3	__defines/registries.dm	Constants	kept	kept	n/a	n/a	none	no
REGISTRY_CASTERS	REGISTRY_CASTERS	const	6	3	__defines/registries.dm	Constants	kept	kept	n/a	n/a	none	no
REGISTRY_COMMUNICATORS	REGISTRY_COMMUNICATORS	const	6	5	__defines/registries.dm	Constants	kept	kept	n/a	n/a	none	no
REGISTRY_ENGINE_SETUP_MARKERS	REGISTRY_ENGINE_SETUP_MARKERS	const	6	2	__defines/registries.dm	Constants	kept	kept	n/a	n/a	none	no
REGISTRY_FORCED_AMBIANCE	REGISTRY_FORCED_AMBIANCE	const	6	3	__defines/registries.dm	Constants	kept	kept	n/a	n/a	none	no
REGISTRY_MAPPING_UNITS	REGISTRY_MAPPING_UNITS	const	6	2	__defines/registries.dm	Constants	kept	kept	n/a	n/a	none	no
REGISTRY_RANDOM_MAPS	REGISTRY_RANDOM_MAPS	const	6	3	__defines/registries.dm	Constants	kept	kept	n/a	n/a	none	no
REGISTRY_SINGULARITIES	REGISTRY_SINGULARITIES	const	6	5	__defines/registries.dm	Constants	kept	kept	n/a	n/a	none	no
ROBOT_USE_HAND	ROBOT_USE_HAND	const	6	6	__defines/interactions.dm	Constants	replaced	an op with a remote() binding (a hand op for the AI, the interface() open op for UI use)	2	3	codemod	no
SFX_ARCADE_STEAL	SFX_ARCADE_STEAL	const	6	3	__defines/sfx.dm	Constants	kept	kept	n/a	n/a	none	no
SFX_BUREAUCRACY_PEN	SFX_BUREAUCRACY_PEN	const	6	3	__defines/sfx.dm	Constants	kept	kept	n/a	n/a	none	no
SFX_CLASSIC_DEATH_SOUNDS	SFX_CLASSIC_DEATH_SOUNDS	const	6	4	__defines/sfx.dm	Constants	kept	kept	n/a	n/a	none	no
SFX_EFFECTS_GLASS_STEP	SFX_EFFECTS_GLASS_STEP	const	6	4	__defines/sfx.dm	Constants	kept	kept	n/a	n/a	none	no
SFX_EFFECTS_ROLL	SFX_EFFECTS_ROLL	const	6	6	__defines/sfx.dm	Constants	kept	kept	n/a	n/a	none	no
SFX_EFFECTS_SPRAY2	SFX_EFFECTS_SPRAY2	const	6	5	__defines/sfx.dm	Constants	kept	kept	n/a	n/a	none	no
SFX_EFFECTS_TELEPORT	SFX_EFFECTS_TELEPORT	const	6	6	__defines/sfx.dm	Constants	kept	kept	n/a	n/a	none	no
SFX_EXPLOSION	SFX_EXPLOSION	const	6	6	__defines/sfx.dm	Constants	kept	kept	n/a	n/a	none	no
SFX_FRACTURE	SFX_FRACTURE	const	6	4	__defines/sfx.dm	Constants	kept	kept	n/a	n/a	none	no
SFX_ITEMS_CIGS_LIGHTERS_CIG_SNUFF	SFX_ITEMS_CIGS_LIGHTERS_CIG_SNUFF	const	6	2	__defines/sfx.dm	Constants	kept	kept	n/a	n/a	none	no
SFX_ITEMS_DROP_BASKETBALL	SFX_ITEMS_DROP_BASKETBALL	const	6	3	__defines/sfx.dm	Constants	kept	kept	n/a	n/a	none	no
SFX_ITEMS_DROP_BOTTLE	SFX_ITEMS_DROP_BOTTLE	const	6	5	__defines/sfx.dm	Constants	kept	kept	n/a	n/a	none	no
SFX_ITEMS_DROP_CARD	SFX_ITEMS_DROP_CARD	const	6	5	__defines/sfx.dm	Constants	kept	kept	n/a	n/a	none	no
SFX_ITEMS_DROP_CLOTH	SFX_ITEMS_DROP_CLOTH	const	6	6	__defines/sfx.dm	Constants	kept	kept	n/a	n/a	none	no
SFX_ITEMS_DROP_FLESH	SFX_ITEMS_DROP_FLESH	const	6	5	__defines/sfx.dm	Constants	kept	kept	n/a	n/a	none	no
SFX_ITEMS_DROP_HAT	SFX_ITEMS_DROP_HAT	const	6	5	__defines/sfx.dm	Constants	kept	kept	n/a	n/a	none	no
SFX_ITEMS_DROP_KNIFE	SFX_ITEMS_DROP_KNIFE	const	6	5	__defines/sfx.dm	Constants	kept	kept	n/a	n/a	none	no
SFX_ITEMS_DROP_METALBOOTS	SFX_ITEMS_DROP_METALBOOTS	const	6	6	__defines/sfx.dm	Constants	kept	kept	n/a	n/a	none	no
SFX_ITEMS_DROP_METALWEAPON	SFX_ITEMS_DROP_METALWEAPON	const	6	6	__defines/sfx.dm	Constants	kept	kept	n/a	n/a	none	no
SFX_ITEMS_DROP_PLUSHIE	SFX_ITEMS_DROP_PLUSHIE	const	6	4	__defines/sfx.dm	Constants	kept	kept	n/a	n/a	none	no
SFX_ITEMS_DROP_SCRAP	SFX_ITEMS_DROP_SCRAP	const	6	2	__defines/sfx.dm	Constants	kept	kept	n/a	n/a	none	no
SFX_ITEMS_HOOH	SFX_ITEMS_HOOH	const	6	6	__defines/sfx.dm	Constants	kept	kept	n/a	n/a	none	no
SFX_ITEMS_MAIL_MAILDENIED	SFX_ITEMS_MAIL_MAILDENIED	const	6	2	__defines/sfx.dm	Constants	kept	kept	n/a	n/a	none	no
SFX_ITEMS_PICKUP_CLOTH	SFX_ITEMS_PICKUP_CLOTH	const	6	6	__defines/sfx.dm	Constants	kept	kept	n/a	n/a	none	no
SFX_ITEMS_PICKUP_GASCAN	SFX_ITEMS_PICKUP_GASCAN	const	6	6	__defines/sfx.dm	Constants	kept	kept	n/a	n/a	none	no
SFX_ITEMS_PICKUP_HAT	SFX_ITEMS_PICKUP_HAT	const	6	5	__defines/sfx.dm	Constants	kept	kept	n/a	n/a	none	no
SFX_ITEMS_PICKUP_HELM	SFX_ITEMS_PICKUP_HELM	const	6	6	__defines/sfx.dm	Constants	kept	kept	n/a	n/a	none	no
SFX_ITEMS_PICKUP_TOOLBOX	SFX_ITEMS_PICKUP_TOOLBOX	const	6	6	__defines/sfx.dm	Constants	kept	kept	n/a	n/a	none	no
SFX_ITEMS_POSTER_RIPPED	SFX_ITEMS_POSTER_RIPPED	const	6	6	__defines/sfx.dm	Constants	kept	kept	n/a	n/a	none	no
SFX_ITEMS_SMOLESMALLBUILD	SFX_ITEMS_SMOLESMALLBUILD	const	6	3	__defines/sfx.dm	Constants	kept	kept	n/a	n/a	none	no
SFX_MACHINES_DEFIB_ZAP	SFX_MACHINES_DEFIB_ZAP	const	6	4	__defines/sfx.dm	Constants	kept	kept	n/a	n/a	none	no
SFX_MACHINES_HATCH_OPEN	SFX_MACHINES_HATCH_OPEN	const	6	3	__defines/sfx.dm	Constants	kept	kept	n/a	n/a	none	no
SFX_MACHINES_LOCKRESET	SFX_MACHINES_LOCKRESET	const	6	5	__defines/sfx.dm	Constants	kept	kept	n/a	n/a	none	no
SFX_MACHINES_MEDBAYSCANNER1	SFX_MACHINES_MEDBAYSCANNER1	const	6	5	__defines/sfx.dm	Constants	kept	kept	n/a	n/a	none	no
SFX_MECHA_MECHSTEP	SFX_MECHA_MECHSTEP	const	6	2	__defines/sfx.dm	Constants	kept	kept	n/a	n/a	none	no
SFX_MISC_SLIP	SFX_MISC_SLIP	const	6	6	__defines/sfx.dm	Constants	kept	kept	n/a	n/a	none	no
SFX_VORE_SCHLORP	SFX_VORE_SCHLORP	const	6	4	__defines/sfx.dm	Constants	kept	kept	n/a	n/a	none	no
SFX_WEAPONS_ARMBOMB	SFX_WEAPONS_ARMBOMB	const	6	5	__defines/sfx.dm	Constants	kept	kept	n/a	n/a	none	no
SFX_WEAPONS_HANDCUFFS	SFX_WEAPONS_HANDCUFFS	const	6	5	__defines/sfx.dm	Constants	kept	kept	n/a	n/a	none	no
SFX_WEAPONS_RAILGUN	SFX_WEAPONS_RAILGUN	const	6	6	__defines/sfx.dm	Constants	kept	kept	n/a	n/a	none	no
SFX_WEAPONS_RPG	SFX_WEAPONS_RPG	const	6	6	__defines/sfx.dm	Constants	kept	kept	n/a	n/a	none	no
SFX_WEAPONS_SHOTGUNPUMP	SFX_WEAPONS_SHOTGUNPUMP	const	6	5	__defines/sfx.dm	Constants	kept	kept	n/a	n/a	none	no
SFX_WEAPONS_SLASH	SFX_WEAPONS_SLASH	const	6	4	__defines/sfx.dm	Constants	kept	kept	n/a	n/a	none	no
SFX_WEAPONS_SONIC_JACKHAMMER	SFX_WEAPONS_SONIC_JACKHAMMER	const	6	5	__defines/sfx.dm	Constants	kept	kept	n/a	n/a	none	no
SFX_WEAPONS_ZAPBANG	SFX_WEAPONS_ZAPBANG	const	6	5	__defines/sfx.dm	Constants	kept	kept	n/a	n/a	none	no
SLOT_CAPACITY_NONE	SLOT_CAPACITY_NONE	const	6	5	__defines/containment.dm	Constants	kept	kept	n/a	n/a	none	no
SLOT_DROP_SPILL	SLOT_DROP_SPILL	const	6	5	__defines/containment.dm	Constants	kept	kept	n/a	n/a	none	no
SS_RUNNING	SS_RUNNING	const	6	3	__defines/MC.dm	Constants	deleted	a system's phase, lane, latency_class and needs =	1 (E6)	1 (E6)	delete	no
STEP_NEXT	STEP_NEXT	const	6	1	__defines/om.dm	Constants	replaced	job step results: JOB_DONE and JOB_MORE	1 (E6)	6	codemod	no
TRANSMISSION_SUBSPACE	TRANSMISSION_SUBSPACE	const	6	3	__defines/machinery.dm	Constants	kept	kept	n/a	n/a	none	no
ADMIN_CATEGORY_DEBUG_DANGEROUS	ADMIN_CATEGORY_DEBUG_DANGEROUS	const	5	4	__defines/admin_verb.dm	Constants	kept	kept	n/a	n/a	none	no
ADMIN_CATEGORY_SILICON	ADMIN_CATEGORY_SILICON	const	5	3	__defines/admin_verb.dm	Constants	kept	kept	n/a	n/a	none	no
ATMOS_FILTER_EFFICIENCY	ATMOS_FILTER_EFFICIENCY	const	5	5	__defines/machinery.dm	Constants	kept	kept	n/a	n/a	none	no
BF_ENDURANCE_FLAT	BF_ENDURANCE_FLAT	const	5	5	__defines/body_factors.dm	Constants	renamed	STAT_ENDURANCE_FLAT	1 (E3)	3	codemod	no
BF_EXPLOSION_SHIFT	BF_EXPLOSION_SHIFT	const	5	5	__defines/body_factors.dm	Constants	renamed	STAT_EXPLOSION_SHIFT	1 (E3)	3	codemod	no
BF_HEALING	BF_HEALING	const	5	4	__defines/body_factors.dm	Constants	renamed	STAT_HEALING	1 (E3)	3	codemod	no
BF_IMMUNE_SUPPRESSION	BF_IMMUNE_SUPPRESSION	const	5	2	__defines/body_factors.dm	Constants	renamed	STAT_IMMUNE_SUPPRESSION	1 (E3)	3	codemod	no
BF_O2_CARRIAGE	BF_O2_CARRIAGE	const	5	4	__defines/body_factors.dm	Constants	renamed	STAT_O2_CARRIAGE	1 (E3)	3	codemod	no
BF_PULSE_SHIFT	BF_PULSE_SHIFT	const	5	4	__defines/body_factors.dm	Constants	renamed	STAT_PULSE_SHIFT	1 (E3)	3	codemod	no
CHANGE_MACHINE_GAS	CHANGE_MACHINE_GAS	const	5	3	__defines/om.dm	Constants	deleted	setters and stats publish; the build-time shim raises the legacy channel until the machine pipeline goes (phase 4)	1 (E1)	4	delete	no
CHANGE_MOB_CLIENT	CHANGE_MOB_CLIENT	const	5	2	__defines/om.dm	Constants	deleted	setters and stats publish; the build-time shim raises the legacy channel until the Life pipeline goes (phase 5)	1 (E1)	5	delete	no
CHANGE_POWER_GRID_STATE	CHANGE_POWER_GRID_STATE	const	5	3	__defines/om.dm	Constants	deleted	setters, stats and relation writes publish; producer keys use PUBLISH_CHANGE(E, key)	1 (E1)	3	delete	no
CHANGE_SHUTTLE_SCHEDULE	CHANGE_SHUTTLE_SCHEDULE	const	5	3	__defines/om.dm	Constants	deleted	setters, stats and relation writes publish; producer keys use PUBLISH_CHANGE(E, key)	1 (E1)	3	delete	no
CONTAINER_SLOT_PAGES	CONTAINER_SLOT_PAGES	const	5	1	__defines/containment.dm	Constants	kept	kept	n/a	n/a	none	no
CURRENT_CHANNEL	CURRENT_CHANNEL	const	5	1	__defines/machinery.dm	Constants	kept	kept	n/a	n/a	none	no
DISPOSAL_PIPE_JUNCTION	DISPOSAL_PIPE_JUNCTION	const	5	2	__defines/construction.dm	Constants	kept	kept	n/a	n/a	none	no
DISPOSAL_PIPE_TAGGER	DISPOSAL_PIPE_TAGGER	const	5	2	__defines/construction.dm	Constants	kept	kept	n/a	n/a	none	no
DISPOSAL_PIPE_TAGGER_PARTIAL	DISPOSAL_PIPE_TAGGER_PARTIAL	const	5	2	__defines/construction.dm	Constants	kept	kept	n/a	n/a	none	no
DISPOSAL_SORT_BODIES	DISPOSAL_SORT_BODIES	const	5	3	__defines/construction.dm	Constants	kept	kept	n/a	n/a	none	no
DISPOSAL_SORT_UNTAGGED	DISPOSAL_SORT_UNTAGGED	const	5	3	__defines/construction.dm	Constants	kept	kept	n/a	n/a	none	no
DISPOSAL_SORT_WILDCARD	DISPOSAL_SORT_WILDCARD	const	5	3	__defines/construction.dm	Constants	kept	kept	n/a	n/a	none	no
DQAI_TRIGGER_LOW_HEALTH	DQAI_TRIGGER_LOW_HEALTH	const	5	5	modules/combat_ai	Constants	replaced	notice types in a behaviour's eval_triggers (DQAI_TRIGGER_DAMAGE_TAKEN is /datum/notice/injured); ai() hooks each with on_notice	2	6	codemod	no
EFFECT_BODY_EFFECTS	EFFECT_BODY_EFFECTS	const	5	1	__defines/om.dm	Constants	renamed	STAT_BODY_EFFECTS	1 (E3)	3	codemod	no
EFFECT_IMMUNE_WEAKEN	EFFECT_IMMUNE_WEAKEN	const	5	1	__defines/om.dm	Constants	replaced	immune_to(STATUS_WEAKENED): a contribution that zeroes the status	1 (E3)	3	codemod	no
FRAME_PANELED	FRAME_PANELED	const	5	2	__defines/construction.dm	Constants	kept	kept	n/a	n/a	none	no
GC_QUEUE_COUNT	GC_QUEUE_COUNT	const	5	1	__defines/qdel.dm	Constants	kept	kept	n/a	n/a	none	no
INITIALIZATION_INNEW_MAPLOAD	INITIALIZATION_INNEW_MAPLOAD	const	5	3	__defines/subsystems.dm	Constants	kept	kept	n/a	n/a	none	no
INITSTAGE_EARLY	INITSTAGE_EARLY	const	5	5	__defines/MC.dm	Constants	deleted	a system's phase, lane, latency_class and needs =	1 (E6)	1 (E6)	delete	no
INPUT_ACTION_PULL	INPUT_ACTION_PULL	const	5	3	__defines/input_actions.dm	Constants	kept	kept	n/a	n/a	none	no
INTERACTION_ENTRY_HAND	INTERACTION_ENTRY_HAND	const	5	4	__defines/interactions.dm	Constants	deleted	the legacy entry procs (attackby, attack_hand, ...) go; ops are entered by input parts	2	3	delete	no
KEYBIND_CAT_ROBOT	KEYBIND_CAT_ROBOT	const	5	1	__defines/input_actions.dm	Constants	kept	kept	n/a	n/a	none	no
KM_KIND_OM	KM_KIND_OM	const	5	4	__defines/kernel_measure.dm	Constants	internal	kernel measurement and work engine internals	n/a	7	deleted with its layer	no
KM_KIND_PSEUDO	KM_KIND_PSEUDO	const	5	1	__defines/kernel_measure.dm	Constants	internal	kernel measurement and work engine internals	n/a	7	deleted with its layer	no
KM_SYS_OTHER	KM_SYS_OTHER	const	5	3	__defines/kernel_measure.dm	Constants	internal	kernel measurement and work engine internals	n/a	7	deleted with its layer	no
MACHINE_SERVICE_INTERVAL	MACHINE_SERVICE_INTERVAL	const	5	4	__defines/machinery.dm	Constants	kept	kept	n/a	n/a	none	no
NETWORK_COMMUNICATORS	NETWORK_COMMUNICATORS	const	5	4	__defines/machinery.dm	Constants	kept	kept	n/a	n/a	none	no
OM_MAX_STAT_TYPES	OM_MAX_STAT_TYPES	const	5	2	__defines/om.dm	Constants	internal	deleted with the OM layer	n/a	7	deleted with its layer	no
OWNK_OWN	OWNK_OWN	const	5	2	__defines/ownership.dm	Constants	internal	relation table kinds (internal)	n/a	7	deleted with its layer	no
PIPE_ONEDIR	PIPE_ONEDIR	const	5	2	__defines/construction.dm	Constants	kept	kept	n/a	n/a	none	no
PIPE_STRAIGHT	PIPE_STRAIGHT	const	5	2	__defines/construction.dm	Constants	kept	kept	n/a	n/a	none	no
PRED_CMP_LT	PRED_CMP_LT	const	5	1	__defines/predicates.dm	Constants	replaced	req_is(KEY, value) / req_at_least(KEY, n)	1 (E2)	3	codemod	no
PRED_CMP_LTE	PRED_CMP_LTE	const	5	1	__defines/predicates.dm	Constants	replaced	req_is(KEY, value) / req_at_least(KEY, n)	1 (E2)	3	codemod	no
PROP_AGG_PRODUCT	PROP_AGG_PRODUCT	const	5	1	__defines/properties.dm	Constants	kept	kept	n/a	n/a	none	no
QDEL_HINT_HARDDEL_NOW	QDEL_HINT_HARDDEL_NOW	const	5	5	__defines/qdel.dm	Constants	kept	kept	n/a	n/a	none	no
REGISTRY_AIS	REGISTRY_AIS	const	5	4	__defines/registries.dm	Constants	kept	kept	n/a	n/a	none	no
REGISTRY_ALARM_CONSOLES	REGISTRY_ALARM_CONSOLES	const	5	3	__defines/registries.dm	Constants	kept	kept	n/a	n/a	none	no
REGISTRY_ALT_FARMANIMALS	REGISTRY_ALT_FARMANIMALS	const	5	3	__defines/registries.dm	Constants	kept	kept	n/a	n/a	none	no
REGISTRY_BODYCAMERA_SCREENS	REGISTRY_BODYCAMERA_SCREENS	const	5	3	__defines/registries.dm	Constants	kept	kept	n/a	n/a	none	no
REGISTRY_DEMAND_EVENTS	REGISTRY_DEMAND_EVENTS	const	5	2	__defines/registries.dm	Constants	kept	kept	n/a	n/a	none	no
REGISTRY_ENTERTAINMENT_SCREENS	REGISTRY_ENTERTAINMENT_SCREENS	const	5	3	__defines/registries.dm	Constants	kept	kept	n/a	n/a	none	no
REGISTRY_EVENT_COLLECTOR_BLOCKERS	REGISTRY_EVENT_COLLECTOR_BLOCKERS	const	5	4	__defines/registries.dm	Constants	kept	kept	n/a	n/a	none	no
REGISTRY_GROWING_PLANTS	REGISTRY_GROWING_PLANTS	const	5	3	__defines/registries.dm	Constants	kept	kept	n/a	n/a	none	no
REGISTRY_ITEM_TF_SPAWNPOINTS	REGISTRY_ITEM_TF_SPAWNPOINTS	const	5	3	__defines/registries.dm	Constants	kept	kept	n/a	n/a	none	no
REGISTRY_NAVBEACONS	REGISTRY_NAVBEACONS	const	5	4	__defines/registries.dm	Constants	kept	kept	n/a	n/a	none	no
REGISTRY_OBJECTIVES	REGISTRY_OBJECTIVES	const	5	5	__defines/registries.dm	Constants	kept	kept	n/a	n/a	none	no
REGISTRY_PERSISTENT_CLIENTS	REGISTRY_PERSISTENT_CLIENTS	const	5	2	__defines/registries.dm	Constants	kept	kept	n/a	n/a	none	no
REGISTRY_POINTDEFENSE_CONTROLLERS	REGISTRY_POINTDEFENSE_CONTROLLERS	const	5	2	__defines/registries.dm	Constants	kept	kept	n/a	n/a	none	no
REGISTRY_RADIO_JAMMERS	REGISTRY_RADIO_JAMMERS	const	5	2	__defines/registries.dm	Constants	kept	kept	n/a	n/a	none	no
REGISTRY_TRACKING_IMPLANTS	REGISTRY_TRACKING_IMPLANTS	const	5	5	__defines/registries.dm	Constants	kept	kept	n/a	n/a	none	no
REGISTRY_TRANSACTION_DEVICES	REGISTRY_TRANSACTION_DEVICES	const	5	4	__defines/registries.dm	Constants	kept	kept	n/a	n/a	none	no
SFX_ARCADE_HEAL	SFX_ARCADE_HEAL	const	5	3	__defines/sfx.dm	Constants	kept	kept	n/a	n/a	none	no
SFX_ARCADE_HIT	SFX_ARCADE_HIT	const	5	3	__defines/sfx.dm	Constants	kept	kept	n/a	n/a	none	no
SFX_ARCADE_LOSE	SFX_ARCADE_LOSE	const	5	5	__defines/sfx.dm	Constants	kept	kept	n/a	n/a	none	no
SFX_ARCADE_WIN	SFX_ARCADE_WIN	const	5	5	__defines/sfx.dm	Constants	kept	kept	n/a	n/a	none	no
SFX_BODYFALL	SFX_BODYFALL	const	5	4	__defines/sfx.dm	Constants	kept	kept	n/a	n/a	none	no
SFX_EFFECTS_CAPTURE_CRYSTAL_PROBLEM	SFX_EFFECTS_CAPTURE_CRYSTAL_PROBLEM	const	5	2	__defines/sfx.dm	Constants	kept	kept	n/a	n/a	none	no
SFX_EFFECTS_CLANG	SFX_EFFECTS_CLANG	const	5	4	__defines/sfx.dm	Constants	kept	kept	n/a	n/a	none	no
SFX_EFFECTS_CLANG2	SFX_EFFECTS_CLANG2	const	5	5	__defines/sfx.dm	Constants	kept	kept	n/a	n/a	none	no
SFX_EFFECTS_COSMIC_ENERGY	SFX_EFFECTS_COSMIC_ENERGY	const	5	5	__defines/sfx.dm	Constants	kept	kept	n/a	n/a	none	no
SFX_EFFECTS_EXTINGUISH	SFX_EFFECTS_EXTINGUISH	const	5	5	__defines/sfx.dm	Constants	kept	kept	n/a	n/a	none	no
SFX_EFFECTS_HIT_ON_SHATTERED_GLASS	SFX_EFFECTS_HIT_ON_SHATTERED_GLASS	const	5	3	__defines/sfx.dm	Constants	kept	kept	n/a	n/a	none	no
SFX_EFFECTS_HOUNDSTEP	SFX_EFFECTS_HOUNDSTEP	const	5	3	__defines/sfx.dm	Constants	kept	kept	n/a	n/a	none	no
SFX_EFFECTS_LIGHT_FLICKER	SFX_EFFECTS_LIGHT_FLICKER	const	5	4	__defines/sfx.dm	Constants	kept	kept	n/a	n/a	none	no
SFX_EFFECTS_OINTMENT	SFX_EFFECTS_OINTMENT	const	5	4	__defines/sfx.dm	Constants	kept	kept	n/a	n/a	none	no
SFX_EFFECTS_SERVOSTEP	SFX_EFFECTS_SERVOSTEP	const	5	4	__defines/sfx.dm	Constants	kept	kept	n/a	n/a	none	no
SFX_EFFECTS_SPRAY	SFX_EFFECTS_SPRAY	const	5	5	__defines/sfx.dm	Constants	kept	kept	n/a	n/a	none	no
SFX_EFFECTS_WEATHER_SNOWSTORM_SNOWSTORM_START	SFX_EFFECTS_WEATHER_SNOWSTORM_SNOWSTORM_START	const	5	2	__defines/sfx.dm	Constants	kept	kept	n/a	n/a	none	no
SFX_ITEMS_CHANGE_DRILL	SFX_ITEMS_CHANGE_DRILL	const	5	4	__defines/sfx.dm	Constants	kept	kept	n/a	n/a	none	no
SFX_ITEMS_DROP_CROWBAR	SFX_ITEMS_DROP_CROWBAR	const	5	4	__defines/sfx.dm	Constants	kept	kept	n/a	n/a	none	no
SFX_ITEMS_DROP_GUN	SFX_ITEMS_DROP_GUN	const	5	5	__defines/sfx.dm	Constants	kept	kept	n/a	n/a	none	no
SFX_ITEMS_ELECTRONIC_ASSEMBLY_EMPTYING	SFX_ITEMS_ELECTRONIC_ASSEMBLY_EMPTYING	const	5	4	__defines/sfx.dm	Constants	kept	kept	n/a	n/a	none	no
SFX_ITEMS_JAWS_CUT	SFX_ITEMS_JAWS_CUT	const	5	5	__defines/sfx.dm	Constants	kept	kept	n/a	n/a	none	no
SFX_ITEMS_PICKUP_CARD	SFX_ITEMS_PICKUP_CARD	const	5	4	__defines/sfx.dm	Constants	kept	kept	n/a	n/a	none	no
SFX_ITEMS_PICKUP_METALWEAPON	SFX_ITEMS_PICKUP_METALWEAPON	const	5	5	__defines/sfx.dm	Constants	kept	kept	n/a	n/a	none	no
SFX_ITEMS_ZIP	SFX_ITEMS_ZIP	const	5	4	__defines/sfx.dm	Constants	kept	kept	n/a	n/a	none	no
SFX_MACHINES_BEEP	SFX_MACHINES_BEEP	const	5	4	__defines/sfx.dm	Constants	kept	kept	n/a	n/a	none	no
SFX_MACHINES_RIG_RIGSERVO	SFX_MACHINES_RIG_RIGSERVO	const	5	3	__defines/sfx.dm	Constants	kept	kept	n/a	n/a	none	no
SFX_MACHINES_SLOTMACHINE	SFX_MACHINES_SLOTMACHINE	const	5	3	__defines/sfx.dm	Constants	kept	kept	n/a	n/a	none	no
SFX_MACHINES_SYNTH_YES	SFX_MACHINES_SYNTH_YES	const	5	5	__defines/sfx.dm	Constants	kept	kept	n/a	n/a	none	no
SFX_MACHINES_TERMINAL_OFF	SFX_MACHINES_TERMINAL_OFF	const	5	5	__defines/sfx.dm	Constants	kept	kept	n/a	n/a	none	no
SFX_MACHINES_VENDING_VENDING_DROP	SFX_MACHINES_VENDING_VENDING_DROP	const	5	3	__defines/sfx.dm	Constants	kept	kept	n/a	n/a	none	no
SFX_MISC_NYMPHCHIRP	SFX_MISC_NYMPHCHIRP	const	5	5	__defines/sfx.dm	Constants	kept	kept	n/a	n/a	none	no
SFX_SWITCH	SFX_SWITCH	const	5	5	__defines/sfx.dm	Constants	kept	kept	n/a	n/a	none	no
SFX_VOICE_BINSULT	SFX_VOICE_BINSULT	const	5	5	__defines/sfx.dm	Constants	kept	kept	n/a	n/a	none	no
SFX_VOICE_QUACK	SFX_VOICE_QUACK	const	5	3	__defines/sfx.dm	Constants	kept	kept	n/a	n/a	none	no
SFX_WEAPONS_45PISTOL_VR	SFX_WEAPONS_45PISTOL_VR	const	5	2	__defines/sfx.dm	Constants	kept	kept	n/a	n/a	none	no
SFX_WEAPONS_BALLISTICS_A545	SFX_WEAPONS_BALLISTICS_A545	const	5	3	__defines/sfx.dm	Constants	kept	kept	n/a	n/a	none	no
SFX_WEAPONS_EFFECTS_ALIEN_SPIT_WALL	SFX_WEAPONS_EFFECTS_ALIEN_SPIT_WALL	const	5	2	__defines/sfx.dm	Constants	kept	kept	n/a	n/a	none	no
SFX_WEAPONS_GUNSHOT_HEAVY	SFX_WEAPONS_GUNSHOT_HEAVY	const	5	3	__defines/sfx.dm	Constants	kept	kept	n/a	n/a	none	no
SFX_WEAPONS_GUNSHOT_OLD	SFX_WEAPONS_GUNSHOT_OLD	const	5	5	__defines/sfx.dm	Constants	kept	kept	n/a	n/a	none	no
SFX_WEAPONS_GUNSHOT_PATHETIC	SFX_WEAPONS_GUNSHOT_PATHETIC	const	5	4	__defines/sfx.dm	Constants	kept	kept	n/a	n/a	none	no
SFX_WEAPONS_LASER3	SFX_WEAPONS_LASER3	const	5	5	__defines/sfx.dm	Constants	kept	kept	n/a	n/a	none	no
SFX_WEAPONS_MANDALORIAN	SFX_WEAPONS_MANDALORIAN	const	5	5	__defines/sfx.dm	Constants	kept	kept	n/a	n/a	none	no
SFX_WEAPONS_MEDIUMLASER	SFX_WEAPONS_MEDIUMLASER	const	5	4	__defines/sfx.dm	Constants	kept	kept	n/a	n/a	none	no
SFX_WEAPONS_RIFLEBOLT	SFX_WEAPONS_RIFLEBOLT	const	5	3	__defines/sfx.dm	Constants	kept	kept	n/a	n/a	none	no
SFX_WEAPONS_SERDY_AK74	SFX_WEAPONS_SERDY_AK74	const	5	2	__defines/sfx.dm	Constants	kept	kept	n/a	n/a	none	no
SFX_WEAPONS_SERDY_STRELA	SFX_WEAPONS_SERDY_STRELA	const	5	4	__defines/sfx.dm	Constants	kept	kept	n/a	n/a	none	no
SFX_WEAPONS_SLICE	SFX_WEAPONS_SLICE	const	5	5	__defines/sfx.dm	Constants	kept	kept	n/a	n/a	none	no
SFX_WEAPONS_TAP	SFX_WEAPONS_TAP	const	5	4	__defines/sfx.dm	Constants	kept	kept	n/a	n/a	none	no
SFX_WEAPONS_TOWELWIPE	SFX_WEAPONS_TOWELWIPE	const	5	5	__defines/sfx.dm	Constants	kept	kept	n/a	n/a	none	no
SFX_WEAPONS_WEAPONSOUNDS_LASERSTRONG	SFX_WEAPONS_WEAPONSOUNDS_LASERSTRONG	const	5	4	__defines/sfx.dm	Constants	kept	kept	n/a	n/a	none	no
SFX_WEAPONS_WEAPONSOUNDS_SHOTGUNSHOT	SFX_WEAPONS_WEAPONSOUNDS_SHOTGUNSHOT	const	5	3	__defines/sfx.dm	Constants	kept	kept	n/a	n/a	none	no
SLOT_DROP_HOLDER	SLOT_DROP_HOLDER	const	5	4	__defines/containment.dm	Constants	kept	kept	n/a	n/a	none	no
SS_IDLE	SS_IDLE	const	5	2	__defines/MC.dm	Constants	deleted	a system's phase, lane, latency_class and needs =	1 (E6)	1 (E6)	delete	no
SS_PAUSED	SS_PAUSED	const	5	3	__defines/MC.dm	Constants	deleted	a system's phase, lane, latency_class and needs =	1 (E6)	1 (E6)	delete	no
SS_TICKER	SS_TICKER	const	5	4	__defines/MC.dm	Constants	deleted	a system's phase, lane, latency_class and needs =	1 (E6)	1 (E6)	delete	no
TAG_HOLSTERABLE	TAG_HOLSTERABLE	const	5	3	__defines/properties.dm	Constants	kept	kept	n/a	n/a	none	no
TGUI_MODAL_INPUT_MAX_LENGTH	TGUI_MODAL_INPUT_MAX_LENGTH	const	5	1	__defines/tgui.dm	Constants	kept	kept	n/a	n/a	none	no
TGUI_WINDOW_LOADING	TGUI_WINDOW_LOADING	const	5	3	__defines/tgui.dm	Constants	kept	kept	n/a	n/a	none	no
UI_AUTOUPDATE	UI_AUTOUPDATE	const	5	5	__defines/sys_ui.dm	Constants	kept	kept	n/a	n/a	none	no
VERB_SOURCE_ADMIN	VERB_SOURCE_ADMIN	const	5	2	__defines/om.dm	Constants	replaced	SRC_CONFIG, SRC_ADMIN (SOURCE_DEF sources)	2	3	codemod	no
ABILITY_ID_ROBOT_RECOLOUR	ABILITY_ID_ROBOT_RECOLOUR	const	4	3	__defines/abilities.dm	Constants	replaced	"op keys on the actor's ability capability; menu(button =, bind =) puts them under ""Abilities"""	2	3	codemod	no
ABILITY_ID_ROBOT_SENSOR_MODE	ABILITY_ID_ROBOT_SENSOR_MODE	const	4	3	__defines/abilities.dm	Constants	replaced	"op keys on the actor's ability capability; menu(button =, bind =) puts them under ""Abilities"""	2	3	codemod	no
ABILITY_ID_ROBOT_TOGGLE_MODULE_1	ABILITY_ID_ROBOT_TOGGLE_MODULE_1	const	4	3	__defines/abilities.dm	Constants	replaced	"op keys on the actor's ability capability; menu(button =, bind =) puts them under ""Abilities"""	2	3	codemod	no
ABILITY_ID_ROBOT_TOGGLE_MODULE_2	ABILITY_ID_ROBOT_TOGGLE_MODULE_2	const	4	3	__defines/abilities.dm	Constants	replaced	"op keys on the actor's ability capability; menu(button =, bind =) puts them under ""Abilities"""	2	3	codemod	no
ABILITY_ID_ROBOT_TOGGLE_MODULE_3	ABILITY_ID_ROBOT_TOGGLE_MODULE_3	const	4	3	__defines/abilities.dm	Constants	replaced	"op keys on the actor's ability capability; menu(button =, bind =) puts them under ""Abilities"""	2	3	codemod	no
ABILITY_ID_ROBOT_TOGGLE_VTEC	ABILITY_ID_ROBOT_TOGGLE_VTEC	const	4	3	__defines/abilities.dm	Constants	replaced	"op keys on the actor's ability capability; menu(button =, bind =) puts them under ""Abilities"""	2	3	codemod	no
ACTION_BLOCK_SPEECH	ACTION_BLOCK_SPEECH	const	4	4	__defines/body_factors.dm	Constants	kept	kept	n/a	n/a	none	no
ADMIN_CATEGORY_DEBUG_MISC	ADMIN_CATEGORY_DEBUG_MISC	const	4	4	__defines/admin_verb.dm	Constants	kept	kept	n/a	n/a	none	no
ADMIN_CATEGORY_FUN_DROP_POD	ADMIN_CATEGORY_FUN_DROP_POD	const	4	3	__defines/admin_verb.dm	Constants	kept	kept	n/a	n/a	none	no
ADMIN_CATEGORY_LOGS	ADMIN_CATEGORY_LOGS	const	4	3	__defines/admin_verb.dm	Constants	kept	kept	n/a	n/a	none	no
ADMIN_CATEGORY_MAPPING_TESTS	ADMIN_CATEGORY_MAPPING_TESTS	const	4	2	__defines/admin_verb.dm	Constants	kept	kept	n/a	n/a	none	no
ADMIN_CATEGORY_MISC	ADMIN_CATEGORY_MISC	const	4	3	__defines/admin_verb.dm	Constants	kept	kept	n/a	n/a	none	no
ADMIN_CATEGORY_SERVER_CHAT	ADMIN_CATEGORY_SERVER_CHAT	const	4	1	__defines/admin_verb.dm	Constants	kept	kept	n/a	n/a	none	no
ADMIN_VERB_VISIBLITY_FLAG_MAPPING_DEBUG	ADMIN_VERB_VISIBLITY_FLAG_MAPPING_DEBUG	const	4	2	__defines/admin_verb.dm	Constants	kept	kept	n/a	n/a	none	no
BAY_HATCH	BAY_HATCH	const	4	1	__defines/operations.dm	Constants	kept	kept	n/a	n/a	none	no
BF_CARDIAC_IRRITABILITY	BF_CARDIAC_IRRITABILITY	const	4	3	__defines/body_factors.dm	Constants	renamed	STAT_CARDIAC_IRRITABILITY	1 (E3)	3	codemod	no
BF_HASTE	BF_HASTE	const	4	4	__defines/body_factors.dm	Constants	renamed	STAT_HASTE	1 (E3)	3	codemod	no
BF_INTOXICATION	BF_INTOXICATION	const	4	4	__defines/body_factors.dm	Constants	renamed	STAT_INTOXICATION	1 (E3)	3	codemod	no
BF_PROGRESSION	BF_PROGRESSION	const	4	4	__defines/body_factors.dm	Constants	renamed	STAT_PROGRESSION	1 (E3)	3	codemod	no
BF_SIGHT_FLAGS	BF_SIGHT_FLAGS	const	4	4	__defines/body_factors.dm	Constants	renamed	STAT_SIGHT_FLAGS	1 (E3)	3	codemod	no
CHANGE_AREA_POWER	CHANGE_AREA_POWER	const	4	2	__defines/om.dm	Constants	deleted	setters, stats and relation writes publish; producer keys use PUBLISH_CHANGE(E, key)	1 (E1)	3	delete	no
CHANGE_METEORS	CHANGE_METEORS	const	4	2	__defines/om.dm	Constants	deleted	setters, stats and relation writes publish; producer keys use PUBLISH_CHANGE(E, key)	1 (E1)	3	delete	no
CHANGE_MOB_HANDS	CHANGE_MOB_HANDS	const	4	3	__defines/om.dm	Constants	deleted	setters and stats publish; the build-time shim raises the legacy channel until the Life pipeline goes (phase 5)	1 (E1)	5	delete	no
CHANGE_PIPE_LEAKS	CHANGE_PIPE_LEAKS	const	4	1	__defines/om.dm	Constants	deleted	setters, stats and relation writes publish; producer keys use PUBLISH_CHANGE(E, key)	1 (E1)	3	delete	no
CHANGE_RELATION_ADDED	CHANGE_RELATION_ADDED	const	4	4	__defines/om.dm	Constants	deleted	setters, stats and relation writes publish; producer keys use PUBLISH_CHANGE(E, key)	1 (E1)	3	delete	no
CHANGE_RELATION_REMOVED	CHANGE_RELATION_REMOVED	const	4	4	__defines/om.dm	Constants	deleted	setters, stats and relation writes publish; producer keys use PUBLISH_CHANGE(E, key)	1 (E1)	3	delete	no
CONTAINER_SLOT_INTERIOR	CONTAINER_SLOT_INTERIOR	const	4	2	__defines/containment.dm	Constants	kept	kept	n/a	n/a	none	no
DAMAGE_ENTRY_PROJECTILE	DAMAGE_ENTRY_PROJECTILE	const	4	2	__defines/sys_damage_reactions.dm	Constants	replaced	hit action subtypes /datum/act/hit/<entry>; DAMAGE_REACTION_BLOCK is instead()	1 (E4)	3	codemod	no
DATA_NORMAL	DATA_NORMAL	const	4	1	__defines/machinery.dm	Constants	kept	kept	n/a	n/a	none	no
DISPOSAL_PIPE_CORNER	DISPOSAL_PIPE_CORNER	const	4	2	__defines/construction.dm	Constants	kept	kept	n/a	n/a	none	no
DISPOSAL_PIPE_DOWNWARD	DISPOSAL_PIPE_DOWNWARD	const	4	2	__defines/construction.dm	Constants	kept	kept	n/a	n/a	none	no
DISPOSAL_PIPE_JUNCTION_FLIPPED	DISPOSAL_PIPE_JUNCTION_FLIPPED	const	4	1	__defines/construction.dm	Constants	kept	kept	n/a	n/a	none	no
DISPOSAL_PIPE_STRAIGHT	DISPOSAL_PIPE_STRAIGHT	const	4	2	__defines/construction.dm	Constants	kept	kept	n/a	n/a	none	no
DISPOSAL_PIPE_UPWARD	DISPOSAL_PIPE_UPWARD	const	4	2	__defines/construction.dm	Constants	kept	kept	n/a	n/a	none	no
DISPOSAL_SORT_NORMAL	DISPOSAL_SORT_NORMAL	const	4	2	__defines/construction.dm	Constants	kept	kept	n/a	n/a	none	no
EFFECT_CLOCK_BIO_INHIBIT	EFFECT_CLOCK_BIO_INHIBIT	const	4	1	__defines/om.dm	Constants	renamed	STAT_CLOCK_RATE_BIO (a MIN stat; a stasis source holds a fraction, or 0)	1 (E3)	3	codemod	no
EFFECT_IMMUNE_PARALYZE	EFFECT_IMMUNE_PARALYZE	const	4	1	__defines/om.dm	Constants	replaced	immune_to(STATUS_PARALYZED): a contribution that zeroes the status	1 (E3)	3	codemod	no
EFFECT_IMMUNE_STUN	EFFECT_IMMUNE_STUN	const	4	1	__defines/om.dm	Constants	replaced	immune_to(STATUS_STUNNED): a contribution that zeroes the status	1 (E3)	3	codemod	no
EMPTY_HAND	EMPTY_HAND	const	4	3	__defines/operations.dm	Constants	kept	kept	n/a	n/a	none	no
GC_QUEUE_CHECK	GC_QUEUE_CHECK	const	4	1	__defines/qdel.dm	Constants	kept	kept	n/a	n/a	none	no
GC_QUEUE_HARDDELETE	GC_QUEUE_HARDDELETE	const	4	1	__defines/qdel.dm	Constants	kept	kept	n/a	n/a	none	no
INTERACTION_ENTRY_ITEM	INTERACTION_ENTRY_ITEM	const	4	3	__defines/interactions.dm	Constants	deleted	the legacy entry procs (attackby, attack_hand, ...) go; ops are entered by input parts	2	3	delete	no
KEYBIND_MAX_KEYS	KEYBIND_MAX_KEYS	const	4	2	__defines/input_actions.dm	Constants	kept	kept	n/a	n/a	none	no
KM_OVERRUN_USAGE	KM_OVERRUN_USAGE	const	4	2	__defines/kernel_measure.dm	Constants	internal	kernel measurement and work engine internals	n/a	7	deleted with its layer	no
LEDGER_MOVE_FORCED	LEDGER_MOVE_FORCED	const	4	3	__defines/containment.dm	Constants	kept	kept	n/a	n/a	none	no
LOGIN_TYPE_AI	LOGIN_TYPE_AI	const	4	4	__defines/machinery.dm	Constants	kept	kept	n/a	n/a	none	no
LOGIN_TYPE_NORMAL	LOGIN_TYPE_NORMAL	const	4	4	__defines/machinery.dm	Constants	kept	kept	n/a	n/a	none	no
LOGIN_TYPE_ROBOT	LOGIN_TYPE_ROBOT	const	4	4	__defines/machinery.dm	Constants	kept	kept	n/a	n/a	none	no
MC_SPLIT_TICK	MC_SPLIT_TICK	const	4	1	__defines/MC.dm	Constants	deleted	chunked work is job(owner, PROC_REF(step), budget =, then =)	1 (E6)	1 (E6)	delete	no
MECHA_OPERATING	MECHA_OPERATING	const	4	2	__defines/construction.dm	Constants	kept	kept	n/a	n/a	none	no
NETWORK_ENGINE	NETWORK_ENGINE	const	4	3	__defines/machinery.dm	Constants	kept	kept	n/a	n/a	none	no
NETWORK_EXPLORATION	NETWORK_EXPLORATION	const	4	3	__defines/machinery.dm	Constants	kept	kept	n/a	n/a	none	no
PIPE_BENDABLE	PIPE_BENDABLE	const	4	3	__defines/construction.dm	Constants	kept	kept	n/a	n/a	none	no
PIPING_LAYER_REGULAR	PIPING_LAYER_REGULAR	const	4	3	__defines/construction.dm	Constants	kept	kept	n/a	n/a	none	no
PRED_CMP_GT	PRED_CMP_GT	const	4	1	__defines/predicates.dm	Constants	replaced	req_is(KEY, value) / req_at_least(KEY, n)	1 (E2)	3	codemod	no
PRED_CMP_GTE	PRED_CMP_GTE	const	4	1	__defines/predicates.dm	Constants	replaced	req_is(KEY, value) / req_at_least(KEY, n)	1 (E2)	3	codemod	no
PROP_AGG_NONE	PROP_AGG_NONE	const	4	3	__defines/properties.dm	Constants	kept	kept	n/a	n/a	none	no
PROP_SOURCE_DOMAIN	PROP_SOURCE_DOMAIN	const	4	4	__defines/properties.dm	Constants	kept	kept	n/a	n/a	none	no
PROP_UNIT_KILOGRAMS	PROP_UNIT_KILOGRAMS	const	4	2	__defines/properties.dm	Constants	kept	kept	n/a	n/a	none	no
PROP_UNIT_SIZE_CLASS	PROP_UNIT_SIZE_CLASS	const	4	3	__defines/properties.dm	Constants	kept	kept	n/a	n/a	none	no
QDEL_HINT_IWILLGC	QDEL_HINT_IWILLGC	const	4	4	__defines/qdel.dm	Constants	kept	kept	n/a	n/a	none	no
REGISTRY_BRAIN_ORGANS	REGISTRY_BRAIN_ORGANS	const	4	4	__defines/registries.dm	Constants	kept	kept	n/a	n/a	none	no
REGISTRY_CABLES	REGISTRY_CABLES	const	4	4	__defines/registries.dm	Constants	kept	kept	n/a	n/a	none	no
REGISTRY_DEBUGGING_EFFECTS	REGISTRY_DEBUGGING_EFFECTS	const	4	2	__defines/registries.dm	Constants	kept	kept	n/a	n/a	none	no
REGISTRY_DRONE_FABRICATORS	REGISTRY_DRONE_FABRICATORS	const	4	4	__defines/registries.dm	Constants	kept	kept	n/a	n/a	none	no
REGISTRY_FAXES	REGISTRY_FAXES	const	4	3	__defines/registries.dm	Constants	kept	kept	n/a	n/a	none	no
REGISTRY_FUEL_INJECTORS	REGISTRY_FUEL_INJECTORS	const	4	3	__defines/registries.dm	Constants	kept	kept	n/a	n/a	none	no
REGISTRY_FUSION_CORES	REGISTRY_FUSION_CORES	const	4	3	__defines/registries.dm	Constants	kept	kept	n/a	n/a	none	no
REGISTRY_GENERATED_STATION_RUNTIMES	REGISTRY_GENERATED_STATION_RUNTIMES	const	4	2	__defines/registries.dm	Constants	kept	kept	n/a	n/a	none	no
REGISTRY_GPS	REGISTRY_GPS	const	4	3	__defines/registries.dm	Constants	kept	kept	n/a	n/a	none	no
REGISTRY_GYROTRONS	REGISTRY_GYROTRONS	const	4	3	__defines/registries.dm	Constants	kept	kept	n/a	n/a	none	no
REGISTRY_JANITORIAL_CARTS	REGISTRY_JANITORIAL_CARTS	const	4	4	__defines/registries.dm	Constants	kept	kept	n/a	n/a	none	no
REGISTRY_MOPS	REGISTRY_MOPS	const	4	4	__defines/registries.dm	Constants	kept	kept	n/a	n/a	none	no
REGISTRY_MOP_BUCKETS	REGISTRY_MOP_BUCKETS	const	4	4	__defines/registries.dm	Constants	kept	kept	n/a	n/a	none	no
REGISTRY_OVERMAP_VISITABLES	REGISTRY_OVERMAP_VISITABLES	const	4	3	__defines/registries.dm	Constants	kept	kept	n/a	n/a	none	no
REGISTRY_POINTDEFENSE_TURRETS	REGISTRY_POINTDEFENSE_TURRETS	const	4	2	__defines/registries.dm	Constants	kept	kept	n/a	n/a	none	no
REGISTRY_PRISONWARPED	REGISTRY_PRISONWARPED	const	4	3	__defines/registries.dm	Constants	kept	kept	n/a	n/a	none	no
REGISTRY_RAD_COLLECTORS	REGISTRY_RAD_COLLECTORS	const	4	4	__defines/registries.dm	Constants	kept	kept	n/a	n/a	none	no
REGISTRY_SOLARGRUBS	REGISTRY_SOLARGRUBS	const	4	4	__defines/registries.dm	Constants	kept	kept	n/a	n/a	none	no
REGISTRY_SONGS	REGISTRY_SONGS	const	4	3	__defines/registries.dm	Constants	kept	kept	n/a	n/a	none	no
RELEVANCE_NEAR	RELEVANCE_NEAR	const	4	2	__defines/om.dm	Constants	kept	kept	n/a	n/a	none	no
SFX_ARCADE_EXPLO	SFX_ARCADE_EXPLO	const	4	2	__defines/sfx.dm	Constants	kept	kept	n/a	n/a	none	no
SFX_ARCADE_GET_FUEL	SFX_ARCADE_GET_FUEL	const	4	2	__defines/sfx.dm	Constants	kept	kept	n/a	n/a	none	no
SFX_ARCADE_MANA	SFX_ARCADE_MANA	const	4	4	__defines/sfx.dm	Constants	kept	kept	n/a	n/a	none	no
SFX_CLASSIC_DIGESTION_SOUNDS	SFX_CLASSIC_DIGESTION_SOUNDS	const	4	3	__defines/sfx.dm	Constants	kept	kept	n/a	n/a	none	no
SFX_EFFECTS_BASSCANNON	SFX_EFFECTS_BASSCANNON	const	4	4	__defines/sfx.dm	Constants	kept	kept	n/a	n/a	none	no
SFX_EFFECTS_BREAK_STONE	SFX_EFFECTS_BREAK_STONE	const	4	4	__defines/sfx.dm	Constants	kept	kept	n/a	n/a	none	no
SFX_EFFECTS_EXPLOSIONFAR	SFX_EFFECTS_EXPLOSIONFAR	const	4	4	__defines/sfx.dm	Constants	kept	kept	n/a	n/a	none	no
SFX_EFFECTS_GHOST	SFX_EFFECTS_GHOST	const	4	3	__defines/sfx.dm	Constants	kept	kept	n/a	n/a	none	no
SFX_EFFECTS_GHOST2	SFX_EFFECTS_GHOST2	const	4	3	__defines/sfx.dm	Constants	kept	kept	n/a	n/a	none	no
SFX_EFFECTS_GLASSBR3	SFX_EFFECTS_GLASSBR3	const	4	4	__defines/sfx.dm	Constants	kept	kept	n/a	n/a	none	no
SFX_EFFECTS_METALSCRAPE2	SFX_EFFECTS_METALSCRAPE2	const	4	4	__defines/sfx.dm	Constants	kept	kept	n/a	n/a	none	no
SFX_EFFECTS_METAL_CLOSE	SFX_EFFECTS_METAL_CLOSE	const	4	3	__defines/sfx.dm	Constants	kept	kept	n/a	n/a	none	no
SFX_EFFECTS_MOUSE_SQUEAK	SFX_EFFECTS_MOUSE_SQUEAK	const	4	4	__defines/sfx.dm	Constants	kept	kept	n/a	n/a	none	no
SFX_EFFECTS_MOUSE_SQUEAK_LOUD	SFX_EFFECTS_MOUSE_SQUEAK_LOUD	const	4	4	__defines/sfx.dm	Constants	kept	kept	n/a	n/a	none	no
SFX_EFFECTS_REMOVE_ID_CARD	SFX_EFFECTS_REMOVE_ID_CARD	const	4	2	__defines/sfx.dm	Constants	kept	kept	n/a	n/a	none	no
SFX_EFFECTS_REPULSE	SFX_EFFECTS_REPULSE	const	4	2	__defines/sfx.dm	Constants	kept	kept	n/a	n/a	none	no
SFX_EFFECTS_RIP_MIX	SFX_EFFECTS_RIP_MIX	const	4	3	__defines/sfx.dm	Constants	kept	kept	n/a	n/a	none	no
SFX_EFFECTS_RUSTLE1	SFX_EFFECTS_RUSTLE1	const	4	4	__defines/sfx.dm	Constants	kept	kept	n/a	n/a	none	no
SFX_EFFECTS_SHIELDBASH	SFX_EFFECTS_SHIELDBASH	const	4	3	__defines/sfx.dm	Constants	kept	kept	n/a	n/a	none	no
SFX_EFFECTS_SPARKS1	SFX_EFFECTS_SPARKS1	const	4	4	__defines/sfx.dm	Constants	kept	kept	n/a	n/a	none	no
SFX_EFFECTS_SPARKS7	SFX_EFFECTS_SPARKS7	const	4	4	__defines/sfx.dm	Constants	kept	kept	n/a	n/a	none	no
SFX_H_SOUNDS_SHITTY_TIM	SFX_H_SOUNDS_SHITTY_TIM	const	4	4	__defines/sfx.dm	Constants	kept	kept	n/a	n/a	none	no
SFX_ITEMS_AIRHORN	SFX_ITEMS_AIRHORN	const	4	4	__defines/sfx.dm	Constants	kept	kept	n/a	n/a	none	no
SFX_ITEMS_CARDSHUFFLE	SFX_ITEMS_CARDSHUFFLE	const	4	3	__defines/sfx.dm	Constants	kept	kept	n/a	n/a	none	no
SFX_ITEMS_CHANGE_JAWS	SFX_ITEMS_CHANGE_JAWS	const	4	3	__defines/sfx.dm	Constants	kept	kept	n/a	n/a	none	no
SFX_ITEMS_CONFETTI	SFX_ITEMS_CONFETTI	const	4	2	__defines/sfx.dm	Constants	kept	kept	n/a	n/a	none	no
SFX_ITEMS_COUNTDOWN	SFX_ITEMS_COUNTDOWN	const	4	3	__defines/sfx.dm	Constants	kept	kept	n/a	n/a	none	no
SFX_ITEMS_DRILL_HIT	SFX_ITEMS_DRILL_HIT	const	4	4	__defines/sfx.dm	Constants	kept	kept	n/a	n/a	none	no
SFX_ITEMS_DROP_DISK	SFX_ITEMS_DROP_DISK	const	4	4	__defines/sfx.dm	Constants	kept	kept	n/a	n/a	none	no
SFX_ITEMS_DROP_SHOES	SFX_ITEMS_DROP_SHOES	const	4	4	__defines/sfx.dm	Constants	kept	kept	n/a	n/a	none	no
SFX_ITEMS_DROP_WELDINGTOOL	SFX_ITEMS_DROP_WELDINGTOOL	const	4	4	__defines/sfx.dm	Constants	kept	kept	n/a	n/a	none	no
SFX_ITEMS_GOGGLES_CHARGE	SFX_ITEMS_GOGGLES_CHARGE	const	4	4	__defines/sfx.dm	Constants	kept	kept	n/a	n/a	none	no
SFX_ITEMS_PACKAGE_WRAP	SFX_ITEMS_PACKAGE_WRAP	const	4	2	__defines/sfx.dm	Constants	kept	kept	n/a	n/a	none	no
SFX_ITEMS_PENCLICK	SFX_ITEMS_PENCLICK	const	4	3	__defines/sfx.dm	Constants	kept	kept	n/a	n/a	none	no
SFX_ITEMS_PICKUP_BOTTLE	SFX_ITEMS_PICKUP_BOTTLE	const	4	4	__defines/sfx.dm	Constants	kept	kept	n/a	n/a	none	no
SFX_ITEMS_PICKUP_CROWBAR	SFX_ITEMS_PICKUP_CROWBAR	const	4	3	__defines/sfx.dm	Constants	kept	kept	n/a	n/a	none	no
SFX_ITEMS_PICKUP_DISK	SFX_ITEMS_PICKUP_DISK	const	4	4	__defines/sfx.dm	Constants	kept	kept	n/a	n/a	none	no
SFX_ITEMS_PICKUP_FLESH	SFX_ITEMS_PICKUP_FLESH	const	4	3	__defines/sfx.dm	Constants	kept	kept	n/a	n/a	none	no
SFX_ITEMS_PICKUP_GUN	SFX_ITEMS_PICKUP_GUN	const	4	4	__defines/sfx.dm	Constants	kept	kept	n/a	n/a	none	no
SFX_ITEMS_PICKUP_KNIFE	SFX_ITEMS_PICKUP_KNIFE	const	4	4	__defines/sfx.dm	Constants	kept	kept	n/a	n/a	none	no
SFX_ITEMS_PICKUP_WELDINGTOOL	SFX_ITEMS_PICKUP_WELDINGTOOL	const	4	4	__defines/sfx.dm	Constants	kept	kept	n/a	n/a	none	no
SFX_ITEMS_PSHOOM	SFX_ITEMS_PSHOOM	const	4	3	__defines/sfx.dm	Constants	kept	kept	n/a	n/a	none	no
SFX_ITEMS_TICKET_PRINTER	SFX_ITEMS_TICKET_PRINTER	const	4	3	__defines/sfx.dm	Constants	kept	kept	n/a	n/a	none	no
SFX_ITEMS_TOOLBELT_EQUIP	SFX_ITEMS_TOOLBELT_EQUIP	const	4	4	__defines/sfx.dm	Constants	kept	kept	n/a	n/a	none	no
SFX_ITEMS_ZIPPO_OFF	SFX_ITEMS_ZIPPO_OFF	const	4	2	__defines/sfx.dm	Constants	kept	kept	n/a	n/a	none	no
SFX_MACHINES_BLENDER	SFX_MACHINES_BLENDER	const	4	4	__defines/sfx.dm	Constants	kept	kept	n/a	n/a	none	no
SFX_MACHINES_DEFIB_CHARGE	SFX_MACHINES_DEFIB_CHARGE	const	4	3	__defines/sfx.dm	Constants	kept	kept	n/a	n/a	none	no
SFX_MACHINES_DEFIB_SAFETYOFF	SFX_MACHINES_DEFIB_SAFETYOFF	const	4	4	__defines/sfx.dm	Constants	kept	kept	n/a	n/a	none	no
SFX_MACHINES_DOOR_WINDOWDOOR	SFX_MACHINES_DOOR_WINDOWDOOR	const	4	3	__defines/sfx.dm	Constants	kept	kept	n/a	n/a	none	no
SFX_MACHINES_JUICER	SFX_MACHINES_JUICER	const	4	3	__defines/sfx.dm	Constants	kept	kept	n/a	n/a	none	no
SFX_MACHINES_KITCHEN_FRIDGE_CLOSE_FRIDGE	SFX_MACHINES_KITCHEN_FRIDGE_CLOSE_FRIDGE	const	4	2	__defines/sfx.dm	Constants	kept	kept	n/a	n/a	none	no
SFX_MACHINES_KITCHEN_FRIDGE_OPEN_FRIDGE	SFX_MACHINES_KITCHEN_FRIDGE_OPEN_FRIDGE	const	4	2	__defines/sfx.dm	Constants	kept	kept	n/a	n/a	none	no
SFX_MACHINES_QUIET_BEEP	SFX_MACHINES_QUIET_BEEP	const	4	3	__defines/sfx.dm	Constants	kept	kept	n/a	n/a	none	no
SFX_MACHINES_RIG_RIGERROR	SFX_MACHINES_RIG_RIGERROR	const	4	2	__defines/sfx.dm	Constants	kept	kept	n/a	n/a	none	no
SFX_MACHINES_SYNTH_NO	SFX_MACHINES_SYNTH_NO	const	4	4	__defines/sfx.dm	Constants	kept	kept	n/a	n/a	none	no
SFX_MACHINES_VENTCRAWL	SFX_MACHINES_VENTCRAWL	const	4	3	__defines/sfx.dm	Constants	kept	kept	n/a	n/a	none	no
SFX_MAGIC_FIREBALL	SFX_MAGIC_FIREBALL	const	4	3	__defines/sfx.dm	Constants	kept	kept	n/a	n/a	none	no
SFX_MECHA_MECHMOVE01	SFX_MECHA_MECHMOVE01	const	4	4	__defines/sfx.dm	Constants	kept	kept	n/a	n/a	none	no
SFX_MECHA_MECHMOVE04	SFX_MECHA_MECHMOVE04	const	4	3	__defines/sfx.dm	Constants	kept	kept	n/a	n/a	none	no
SFX_METROID_METROIDSEE	SFX_METROID_METROIDSEE	const	4	2	__defines/sfx.dm	Constants	kept	kept	n/a	n/a	none	no
SFX_MISC_DEMONLAUGH	SFX_MISC_DEMONLAUGH	const	4	3	__defines/sfx.dm	Constants	kept	kept	n/a	n/a	none	no
SFX_TALKSOUNDS_EMOTE	SFX_TALKSOUNDS_EMOTE	const	4	3	__defines/sfx.dm	Constants	kept	kept	n/a	n/a	none	no
SFX_VOICE_MOTH_SCREAM_MOTH	SFX_VOICE_MOTH_SCREAM_MOTH	const	4	4	__defines/sfx.dm	Constants	kept	kept	n/a	n/a	none	no
SFX_VOICE_PEEP	SFX_VOICE_PEEP	const	4	4	__defines/sfx.dm	Constants	kept	kept	n/a	n/a	none	no
SFX_VOICE_ROARBARK	SFX_VOICE_ROARBARK	const	4	4	__defines/sfx.dm	Constants	kept	kept	n/a	n/a	none	no
SFX_VOICE_SHRIEK1	SFX_VOICE_SHRIEK1	const	4	4	__defines/sfx.dm	Constants	kept	kept	n/a	n/a	none	no
SFX_VOICE_TEPPI_WHINE1	SFX_VOICE_TEPPI_WHINE1	const	4	3	__defines/sfx.dm	Constants	kept	kept	n/a	n/a	none	no
SFX_VOICE_WEH	SFX_VOICE_WEH	const	4	3	__defines/sfx.dm	Constants	kept	kept	n/a	n/a	none	no
SFX_VORE_GULP	SFX_VORE_GULP	const	4	4	__defines/sfx.dm	Constants	kept	kept	n/a	n/a	none	no
SFX_WEAPONS_BALLISTICS_BOLTACTIONCLOSE	SFX_WEAPONS_BALLISTICS_BOLTACTIONCLOSE	const	4	2	__defines/sfx.dm	Constants	kept	kept	n/a	n/a	none	no
SFX_WEAPONS_BALLISTICS_BOLTACTIONOPEN	SFX_WEAPONS_BALLISTICS_BOLTACTIONOPEN	const	4	2	__defines/sfx.dm	Constants	kept	kept	n/a	n/a	none	no
SFX_WEAPONS_BALLISTICS_RIFLE_CHAMBER	SFX_WEAPONS_BALLISTICS_RIFLE_CHAMBER	const	4	2	__defines/sfx.dm	Constants	kept	kept	n/a	n/a	none	no
SFX_WEAPONS_BALLISTICS_RIFLE_EJECT	SFX_WEAPONS_BALLISTICS_RIFLE_EJECT	const	4	2	__defines/sfx.dm	Constants	kept	kept	n/a	n/a	none	no
SFX_WEAPONS_BALLISTICS_RIFLE_EJECTCHAMBER	SFX_WEAPONS_BALLISTICS_RIFLE_EJECTCHAMBER	const	4	2	__defines/sfx.dm	Constants	kept	kept	n/a	n/a	none	no
SFX_WEAPONS_GRENADE_LAUNCHER	SFX_WEAPONS_GRENADE_LAUNCHER	const	4	4	__defines/sfx.dm	Constants	kept	kept	n/a	n/a	none	no
SFX_WEAPONS_GUNSHOT_DEAGLE	SFX_WEAPONS_GUNSHOT_DEAGLE	const	4	4	__defines/sfx.dm	Constants	kept	kept	n/a	n/a	none	no
SFX_WEAPONS_GUNSHOT_MACHINEGUN	SFX_WEAPONS_GUNSHOT_MACHINEGUN	const	4	4	__defines/sfx.dm	Constants	kept	kept	n/a	n/a	none	no
SFX_WEAPONS_KENETIC_RELOAD	SFX_WEAPONS_KENETIC_RELOAD	const	4	4	__defines/sfx.dm	Constants	kept	kept	n/a	n/a	none	no
SFX_WEAPONS_REVOLVER_SPIN	SFX_WEAPONS_REVOLVER_SPIN	const	4	3	__defines/sfx.dm	Constants	kept	kept	n/a	n/a	none	no
SLOT_CAPACITY_COUNT	SLOT_CAPACITY_COUNT	const	4	2	__defines/containment.dm	Constants	kept	kept	n/a	n/a	none	no
SLOT_DROP_DELETE	SLOT_DROP_DELETE	const	4	4	__defines/containment.dm	Constants	kept	kept	n/a	n/a	none	no
SS_SLEEPING	SS_SLEEPING	const	4	1	__defines/MC.dm	Constants	deleted	a system's phase, lane, latency_class and needs =	1 (E6)	1 (E6)	delete	no
TAG_PAPERWORK	TAG_PAPERWORK	const	4	2	__defines/properties.dm	Constants	kept	kept	n/a	n/a	none	no
TAG_WEAR_EYES	TAG_WEAR_EYES	const	4	2	__defines/properties.dm	Constants	kept	kept	n/a	n/a	none	no
TAG_WEAR_FEET	TAG_WEAR_FEET	const	4	2	__defines/properties.dm	Constants	kept	kept	n/a	n/a	none	no
TAG_WEAR_GLOVES	TAG_WEAR_GLOVES	const	4	2	__defines/properties.dm	Constants	kept	kept	n/a	n/a	none	no
TAG_WEAR_HEAD	TAG_WEAR_HEAD	const	4	2	__defines/properties.dm	Constants	kept	kept	n/a	n/a	none	no
TAG_WEAR_ID	TAG_WEAR_ID	const	4	2	__defines/properties.dm	Constants	kept	kept	n/a	n/a	none	no
TAG_WEAR_MASK	TAG_WEAR_MASK	const	4	2	__defines/properties.dm	Constants	kept	kept	n/a	n/a	none	no
TAG_WEAR_SUIT	TAG_WEAR_SUIT	const	4	2	__defines/properties.dm	Constants	kept	kept	n/a	n/a	none	no
TAG_WEAR_TIE	TAG_WEAR_TIE	const	4	2	__defines/properties.dm	Constants	kept	kept	n/a	n/a	none	no
TAG_WEAR_UNIFORM	TAG_WEAR_UNIFORM	const	4	2	__defines/properties.dm	Constants	kept	kept	n/a	n/a	none	no
ABILITY_ID_ROBOT_EJECT_CARGO	ABILITY_ID_ROBOT_EJECT_CARGO	const	3	2	__defines/abilities.dm	Constants	replaced	"op keys on the actor's ability capability; menu(button =, bind =) puts them under ""Abilities"""	2	3	codemod	no
ABILITY_ID_ROBOT_MOUNT	ABILITY_ID_ROBOT_MOUNT	const	3	2	__defines/abilities.dm	Constants	replaced	"op keys on the actor's ability capability; menu(button =, bind =) puts them under ""Abilities"""	2	3	codemod	no
ABILITY_ID_ROBOT_PICK_NAME	ABILITY_ID_ROBOT_PICK_NAME	const	3	3	__defines/abilities.dm	Constants	replaced	"op keys on the actor's ability capability; menu(button =, bind =) puts them under ""Abilities"""	2	3	codemod	no
ABILITY_ID_ROBOT_SPARK_PLUG	ABILITY_ID_ROBOT_SPARK_PLUG	const	3	3	__defines/abilities.dm	Constants	replaced	"op keys on the actor's ability capability; menu(button =, bind =) puts them under ""Abilities"""	2	3	codemod	no
ABILITY_ID_ROBOT_TOGGLE_LIGHTS	ABILITY_ID_ROBOT_TOGGLE_LIGHTS	const	3	3	__defines/abilities.dm	Constants	replaced	"op keys on the actor's ability capability; menu(button =, bind =) puts them under ""Abilities"""	2	3	codemod	no
ACTION_BLOCK_SURGERY	ACTION_BLOCK_SURGERY	const	3	3	__defines/body_factors.dm	Constants	kept	kept	n/a	n/a	none	no
ACT_NONE	ACT_NONE	const	3	1	__defines/operations.dm	Constants	renamed	INTENT_NONE	2	3	codemod	no
ADMIN_CATEGORY_SECRETS	ADMIN_CATEGORY_SECRETS	const	3	3	__defines/admin_verb.dm	Constants	kept	kept	n/a	n/a	none	no
ADMIN_CATEGORY_SERVER_ADMIN	ADMIN_CATEGORY_SERVER_ADMIN	const	3	3	__defines/admin_verb.dm	Constants	kept	kept	n/a	n/a	none	no
AI_CAMERA_LUMINOSITY	AI_CAMERA_LUMINOSITY	const	3	1	__defines/machinery.dm	Constants	kept	kept	n/a	n/a	none	no
ASK_STOP	ASK_STOP	const	3	2	__defines/om.dm	Constants	replaced	requirement parts on the asking op (req_capable(), req_conscious(), req_adjacent(), carried() or in_hand()); an open prompt closes with the reason when one stops holding	2	3	codemod	no
ATMOS_DEFAULT_VOLUME_PIPE	ATMOS_DEFAULT_VOLUME_PIPE	const	3	3	__defines/machinery.dm	Constants	kept	kept	n/a	n/a	none	no
ATMOS_PUMP_EFFICIENCY	ATMOS_PUMP_EFFICIENCY	const	3	2	__defines/machinery.dm	Constants	kept	kept	n/a	n/a	none	no
BATCH_WORK_CABLE_BINDS	BATCH_WORK_CABLE_BINDS	const	3	2	__defines/subsystems.dm	Constants	kept	kept	n/a	n/a	none	no
BATCH_WORK_WALL_SMOOTHING	BATCH_WORK_WALL_SMOOTHING	const	3	3	__defines/subsystems.dm	Constants	kept	kept	n/a	n/a	none	no
BF_ANTIEMETIC	BF_ANTIEMETIC	const	3	3	__defines/body_factors.dm	Constants	renamed	STAT_ANTIEMETIC	1 (E3)	3	codemod	no
BF_INCOMING_GENETIC	BF_INCOMING_GENETIC	const	3	3	__defines/body_factors.dm	Constants	renamed	STAT_INCOMING_GENETIC	1 (E3)	3	codemod	no
BF_RULE_FLAGS	BF_RULE_FLAGS	const	3	1	__defines/body_factors.dm	Constants	replaced	the stat rule table (section 5): MULT is PRODUCT, ADD is SUM, MAX and MIN stay, FLAGS is MASK_OR	1 (E3)	3	codemod	no
BF_SEDATION	BF_SEDATION	const	3	3	__defines/body_factors.dm	Constants	renamed	STAT_SEDATION	1 (E3)	3	codemod	no
BF_SEVERITY_BAND	BF_SEVERITY_BAND	const	3	3	__defines/body_factors.dm	Constants	renamed	STAT_SEVERITY_BAND	1 (E3)	3	codemod	no
BF_TISSUE_UPTAKE	BF_TISSUE_UPTAKE	const	3	3	__defines/body_factors.dm	Constants	renamed	STAT_TISSUE_UPTAKE	1 (E3)	3	codemod	no
CHANGE_ITEM_LOC	CHANGE_ITEM_LOC	const	3	3	__defines/om.dm	Constants	deleted	setters, stats and relation writes publish; producer keys use PUBLISH_CHANGE(E, key)	1 (E1)	3	delete	no
CHANGE_POWER_GRID_RATE	CHANGE_POWER_GRID_RATE	const	3	2	__defines/om.dm	Constants	deleted	setters, stats and relation writes publish; producer keys use PUBLISH_CHANGE(E, key)	1 (E1)	3	delete	no
CHANGE_POWER_GRID_TOPOLOGY	CHANGE_POWER_GRID_TOPOLOGY	const	3	2	__defines/om.dm	Constants	deleted	setters, stats and relation writes publish; producer keys use PUBLISH_CHANGE(E, key)	1 (E1)	3	delete	no
CONNECT_TYPE_HE	CONNECT_TYPE_HE	const	3	2	__defines/construction.dm	Constants	kept	kept	n/a	n/a	none	no
CONSTRAINT_SUIT_STORAGE	CONSTRAINT_SUIT_STORAGE	const	3	3	__defines/constraints.dm	Constants	replaced	the slot's accepts = (hold); a requirement on /datum/act/equip (fit, equip, suit storage)	1 (E2)	3	codemod	no
CONSTRUCTION_ITEM_INSERT	CONSTRUCTION_ITEM_INSERT	const	3	1	__defines/construction.dm	Constants	kept	kept	n/a	n/a	none	no
CONTAINER_SLOT_STOCK	CONTAINER_SLOT_STOCK	const	3	3	__defines/containment.dm	Constants	kept	kept	n/a	n/a	none	no
CONTAINER_SLOT_VEHICLE_CAGE	CONTAINER_SLOT_VEHICLE_CAGE	const	3	1	__defines/containment.dm	Constants	kept	kept	n/a	n/a	none	no
DAMAGE_ENTRY_BLOB	DAMAGE_ENTRY_BLOB	const	3	2	__defines/sys_damage_reactions.dm	Constants	replaced	hit action subtypes /datum/act/hit/<entry>; DAMAGE_REACTION_BLOCK is instead()	1 (E4)	3	codemod	no
DAMAGE_ENTRY_EMP	DAMAGE_ENTRY_EMP	const	3	3	__defines/sys_damage_reactions.dm	Constants	replaced	hit action subtypes /datum/act/hit/<entry>; DAMAGE_REACTION_BLOCK is instead()	1 (E4)	3	codemod	no
DAMAGE_ENTRY_GENERIC	DAMAGE_ENTRY_GENERIC	const	3	3	__defines/sys_damage_reactions.dm	Constants	replaced	hit action subtypes /datum/act/hit/<entry>; DAMAGE_REACTION_BLOCK is instead()	1 (E4)	3	codemod	no
DATA_INTERCOM	DATA_INTERCOM	const	3	2	__defines/machinery.dm	Constants	kept	kept	n/a	n/a	none	no
DATA_LOCAL	DATA_LOCAL	const	3	2	__defines/machinery.dm	Constants	kept	kept	n/a	n/a	none	no
DISPOSAL_PIPE_JUNCTION_Y	DISPOSAL_PIPE_JUNCTION_Y	const	3	2	__defines/construction.dm	Constants	kept	kept	n/a	n/a	none	no
DISPOSAL_PIPE_TRUNK	DISPOSAL_PIPE_TRUNK	const	3	2	__defines/construction.dm	Constants	kept	kept	n/a	n/a	none	no
EFFECT_ALPHA_MULT	EFFECT_ALPHA_MULT	const	3	1	__defines/om.dm	Constants	renamed	STAT_ALPHA_MULT	1 (E3)	3	codemod	no
EFFECT_UNPUSHABLE	EFFECT_UNPUSHABLE	const	3	1	__defines/om.dm	Constants	renamed	STAT_UNPUSHABLE	1 (E3)	3	codemod	no
FIREDOOR_CLOSED	FIREDOOR_CLOSED	const	3	2	__defines/machinery.dm	Constants	kept	kept	n/a	n/a	none	no
INITSTAGE_FIRST	INITSTAGE_FIRST	const	3	3	__defines/MC.dm	Constants	deleted	a system's phase, lane, latency_class and needs =	1 (E6)	1 (E6)	delete	no
INPUT_ACTION_NONE	INPUT_ACTION_NONE	const	3	1	__defines/input_actions.dm	Constants	kept	kept	n/a	n/a	none	no
INPUT_ACTION_QUICK	INPUT_ACTION_QUICK	const	3	2	__defines/input_actions.dm	Constants	kept	kept	n/a	n/a	none	no
INPUT_ACTION_RIGHT_CLICK_BINDING	INPUT_ACTION_RIGHT_CLICK_BINDING	const	3	2	__defines/input_actions.dm	Constants	kept	kept	n/a	n/a	none	no
INTERACTION_TAG_OBSERVER	INTERACTION_TAG_OBSERVER	const	3	1	__defines/interactions.dm	Constants	replaced	hostile(); a ghost op needs AFF_OBSERVE, telekinesis is a provider, a remote op is remote(); any other tag is a tag(TAG_X) part	2	3	codemod	no
INTERACTION_TAG_TELEKINESIS	INTERACTION_TAG_TELEKINESIS	const	3	1	__defines/interactions.dm	Constants	replaced	hostile(); a ghost op needs AFF_OBSERVE, telekinesis is a provider, a remote op is remote(); any other tag is a tag(TAG_X) part	2	3	codemod	no
KEYBIND_CAT_INTERACTION	KEYBIND_CAT_INTERACTION	const	3	2	__defines/input_actions.dm	Constants	kept	kept	n/a	n/a	none	no
KEYBIND_CAT_ITEMS	KEYBIND_CAT_ITEMS	const	3	1	__defines/input_actions.dm	Constants	kept	kept	n/a	n/a	none	no
KM_DEPTH_BIN_WIDTH	KM_DEPTH_BIN_WIDTH	const	3	1	__defines/kernel_measure.dm	Constants	internal	kernel measurement and work engine internals	n/a	7	deleted with its layer	no
KM_FLUSH_MS	KM_FLUSH_MS	const	3	1	__defines/kernel_measure.dm	Constants	internal	kernel measurement and work engine internals	n/a	7	deleted with its layer	no
KM_KEY_OM_CORE	KM_KEY_OM_CORE	const	3	1	__defines/kernel_measure.dm	Constants	internal	kernel measurement and work engine internals	n/a	7	deleted with its layer	no
KM_KEY_OTHER	KM_KEY_OTHER	const	3	1	__defines/kernel_measure.dm	Constants	internal	kernel measurement and work engine internals	n/a	7	deleted with its layer	no
KM_KIND_MC	KM_KIND_MC	const	3	2	__defines/kernel_measure.dm	Constants	internal	kernel measurement and work engine internals	n/a	7	deleted with its layer	no
KM_RING_LEN	KM_RING_LEN	const	3	2	__defines/kernel_measure.dm	Constants	internal	kernel measurement and work engine internals	n/a	7	deleted with its layer	no
KM_SYS_INPUT	KM_SYS_INPUT	const	3	2	__defines/kernel_measure.dm	Constants	internal	kernel measurement and work engine internals	n/a	7	deleted with its layer	no
LIFECYCLE_PHASE_COUNT	LIFECYCLE_PHASE_COUNT	const	3	1	__defines/lifecycle.dm	Constants	kept	kept	n/a	n/a	none	no
MECHA_SLOT_CARGO	MECHA_SLOT_CARGO	const	3	2	__defines/containment.dm	Constants	kept	kept	n/a	n/a	none	no
NATIVE_SRC_GAS_EVENT	NATIVE_SRC_GAS_EVENT	const	3	1	__defines/om.dm	Constants	kept	kept	n/a	n/a	none	no
NETWORK_BODYCAM	NETWORK_BODYCAM	const	3	3	__defines/machinery.dm	Constants	kept	kept	n/a	n/a	none	no
NETWORK_CARGO	NETWORK_CARGO	const	3	3	__defines/machinery.dm	Constants	kept	kept	n/a	n/a	none	no
NETWORK_CIRCUITS	NETWORK_CIRCUITS	const	3	3	__defines/machinery.dm	Constants	kept	kept	n/a	n/a	none	no
NETWORK_CIVILIAN	NETWORK_CIVILIAN	const	3	3	__defines/machinery.dm	Constants	kept	kept	n/a	n/a	none	no
NETWORK_CRESCENT	NETWORK_CRESCENT	const	3	2	__defines/machinery.dm	Constants	kept	kept	n/a	n/a	none	no
NETWORK_ROBOTS	NETWORK_ROBOTS	const	3	3	__defines/machinery.dm	Constants	kept	kept	n/a	n/a	none	no
NETWORK_TALON_SHIP	NETWORK_TALON_SHIP	const	3	3	__defines/machinery.dm	Constants	kept	kept	n/a	n/a	none	no
NETWORK_XENOBIO	NETWORK_XENOBIO	const	3	3	__defines/machinery.dm	Constants	kept	kept	n/a	n/a	none	no
OCCUPANT_SLOT_DNA_SCANNER	OCCUPANT_SLOT_DNA_SCANNER	const	3	1	__defines/containment.dm	Constants	kept	kept	n/a	n/a	none	no
OWNE_KIND	OWNE_KIND	const	3	2	__defines/ownership.dm	Constants	internal	relation table kinds (internal)	n/a	7	deleted with its layer	no
OWNK_PROTO	OWNK_PROTO	const	3	2	__defines/ownership.dm	Constants	internal	relation table kinds (internal)	n/a	7	deleted with its layer	no
OWNK_REL	OWNK_REL	const	3	2	__defines/ownership.dm	Constants	internal	relation table kinds (internal)	n/a	7	deleted with its layer	no
PIPE_DIRECTIONAL	PIPE_DIRECTIONAL	const	3	2	__defines/construction.dm	Constants	kept	kept	n/a	n/a	none	no
PROP_FRACTURE_TOUGHNESS	PROP_FRACTURE_TOUGHNESS	const	3	2	__defines/properties.dm	Constants	kept	kept	n/a	n/a	none	no
PROP_HARDNESS	PROP_HARDNESS	const	3	2	__defines/properties.dm	Constants	kept	kept	n/a	n/a	none	no
PROP_HEAT_CAPACITY	PROP_HEAT_CAPACITY	const	3	2	__defines/properties.dm	Constants	kept	kept	n/a	n/a	none	no
PROP_IGNITION_POINT	PROP_IGNITION_POINT	const	3	2	__defines/properties.dm	Constants	kept	kept	n/a	n/a	none	no
PROP_KIND_MEASURE	PROP_KIND_MEASURE	const	3	3	__defines/properties.dm	Constants	kept	kept	n/a	n/a	none	no
PROP_MASS	PROP_MASS	const	3	1	__defines/properties.dm	Constants	kept	kept	n/a	n/a	none	no
PROP_SOURCE_BEHAVIOUR	PROP_SOURCE_BEHAVIOUR	const	3	2	__defines/properties.dm	Constants	kept	kept	n/a	n/a	none	no
PROP_SOURCE_MATERIAL	PROP_SOURCE_MATERIAL	const	3	2	__defines/properties.dm	Constants	kept	kept	n/a	n/a	none	no
PROP_UNIT_HEAT_CAPACITY	PROP_UNIT_HEAT_CAPACITY	const	3	2	__defines/properties.dm	Constants	kept	kept	n/a	n/a	none	no
PROP_YIELD_STRENGTH	PROP_YIELD_STRENGTH	const	3	2	__defines/properties.dm	Constants	kept	kept	n/a	n/a	none	no
QDEL_ITEM_SUSPENDED_FOR_LAG	QDEL_ITEM_SUSPENDED_FOR_LAG	const	3	1	__defines/qdel.dm	Constants	kept	kept	n/a	n/a	none	no
RCON_AUTO	RCON_AUTO	const	3	2	__defines/machinery.dm	Constants	kept	kept	n/a	n/a	none	no
RCON_YES	RCON_YES	const	3	2	__defines/machinery.dm	Constants	kept	kept	n/a	n/a	none	no
REGISTRY_AI_CORES_DEACTIVATED	REGISTRY_AI_CORES_DEACTIVATED	const	3	2	__defines/registries.dm	Constants	kept	kept	n/a	n/a	none	no
REGISTRY_AUTORESLEEVERS	REGISTRY_AUTORESLEEVERS	const	3	3	__defines/registries.dm	Constants	kept	kept	n/a	n/a	none	no
REGISTRY_BEAM_POINTS	REGISTRY_BEAM_POINTS	const	3	2	__defines/registries.dm	Constants	kept	kept	n/a	n/a	none	no
REGISTRY_BRIG_CLOSETS	REGISTRY_BRIG_CLOSETS	const	3	3	__defines/registries.dm	Constants	kept	kept	n/a	n/a	none	no
REGISTRY_BUILDMODE_HOLDERS	REGISTRY_BUILDMODE_HOLDERS	const	3	2	__defines/registries.dm	Constants	kept	kept	n/a	n/a	none	no
REGISTRY_BUMP_TELEPORTERS	REGISTRY_BUMP_TELEPORTERS	const	3	2	__defines/registries.dm	Constants	kept	kept	n/a	n/a	none	no
REGISTRY_CHEM_IMPLANTS	REGISTRY_CHEM_IMPLANTS	const	3	3	__defines/registries.dm	Constants	kept	kept	n/a	n/a	none	no
REGISTRY_COMM_MESSAGE_LISTENERS	REGISTRY_COMM_MESSAGE_LISTENERS	const	3	2	__defines/registries.dm	Constants	kept	kept	n/a	n/a	none	no
REGISTRY_CREMATORIUMS	REGISTRY_CREMATORIUMS	const	3	2	__defines/registries.dm	Constants	kept	kept	n/a	n/a	none	no
REGISTRY_DOCKING_CODE_PAPERS	REGISTRY_DOCKING_CODE_PAPERS	const	3	3	__defines/registries.dm	Constants	kept	kept	n/a	n/a	none	no
REGISTRY_ENV_MESSAGES	REGISTRY_ENV_MESSAGES	const	3	2	__defines/registries.dm	Constants	kept	kept	n/a	n/a	none	no
REGISTRY_EVENT_COLLECTORS	REGISTRY_EVENT_COLLECTORS	const	3	3	__defines/registries.dm	Constants	kept	kept	n/a	n/a	none	no
REGISTRY_EXPERIMENT_HANDLERS	REGISTRY_EXPERIMENT_HANDLERS	const	3	2	__defines/registries.dm	Constants	kept	kept	n/a	n/a	none	no
REGISTRY_EXTRACTION_BEACONS	REGISTRY_EXTRACTION_BEACONS	const	3	2	__defines/registries.dm	Constants	kept	kept	n/a	n/a	none	no
REGISTRY_GEIGER_COUNTERS	REGISTRY_GEIGER_COUNTERS	const	3	3	__defines/registries.dm	Constants	kept	kept	n/a	n/a	none	no
REGISTRY_HOLOPOSTERS	REGISTRY_HOLOPOSTERS	const	3	3	__defines/registries.dm	Constants	kept	kept	n/a	n/a	none	no
REGISTRY_MECHAS	REGISTRY_MECHAS	const	3	3	__defines/registries.dm	Constants	kept	kept	n/a	n/a	none	no
REGISTRY_MICRO_TUNNELS	REGISTRY_MICRO_TUNNELS	const	3	2	__defines/registries.dm	Constants	kept	kept	n/a	n/a	none	no
REGISTRY_NANITE_TURFS	REGISTRY_NANITE_TURFS	const	3	2	__defines/registries.dm	Constants	kept	kept	n/a	n/a	none	no
REGISTRY_PAI_CARDS	REGISTRY_PAI_CARDS	const	3	3	__defines/registries.dm	Constants	kept	kept	n/a	n/a	none	no
REGISTRY_PORTALS	REGISTRY_PORTALS	const	3	3	__defines/registries.dm	Constants	kept	kept	n/a	n/a	none	no
REGISTRY_PORTAL_MASTERS	REGISTRY_PORTAL_MASTERS	const	3	2	__defines/registries.dm	Constants	kept	kept	n/a	n/a	none	no
REGISTRY_POWER_MACHINES	REGISTRY_POWER_MACHINES	const	3	3	__defines/registries.dm	Constants	kept	kept	n/a	n/a	none	no
REGISTRY_SACRIFICED	REGISTRY_SACRIFICED	const	3	2	__defines/registries.dm	Constants	kept	kept	n/a	n/a	none	no
REGISTRY_SEED_PACKS	REGISTRY_SEED_PACKS	const	3	3	__defines/registries.dm	Constants	kept	kept	n/a	n/a	none	no
REGISTRY_SHIP_ENGINES	REGISTRY_SHIP_ENGINES	const	3	3	__defines/registries.dm	Constants	kept	kept	n/a	n/a	none	no
REGISTRY_SHUTOFF_VALVES	REGISTRY_SHUTOFF_VALVES	const	3	3	__defines/registries.dm	Constants	kept	kept	n/a	n/a	none	no
REGISTRY_SIMPLE_PORTALS	REGISTRY_SIMPLE_PORTALS	const	3	2	__defines/registries.dm	Constants	kept	kept	n/a	n/a	none	no
REGISTRY_TELE_BEACONS_PREMADE	REGISTRY_TELE_BEACONS_PREMADE	const	3	2	__defines/registries.dm	Constants	kept	kept	n/a	n/a	none	no
REGISTRY_TELE_LANDMARKS	REGISTRY_TELE_LANDMARKS	const	3	2	__defines/registries.dm	Constants	kept	kept	n/a	n/a	none	no
REGISTRY_VISUAL_NETS	REGISTRY_VISUAL_NETS	const	3	3	__defines/registries.dm	Constants	kept	kept	n/a	n/a	none	no
REQ_CONSCIOUS	REQ_CONSCIOUS	const	3	1	__defines/abilities.dm	Constants	replaced	requirement constructors (req_conscious(), req_capable(), req_tag(), ...)	2	3	codemod	no
RIGHT_CLICK_BINDINGS	RIGHT_CLICK_BINDINGS	const	3	3	__defines/input_actions.dm	Constants	kept	kept	n/a	n/a	none	no
RUNLEVEL_SETUP	RUNLEVEL_SETUP	const	3	1	__defines/subsystems.dm	Constants	kept	kept	n/a	n/a	none	no
SC_INT_KEYS	SC_INT_KEYS	const	3	2	__defines/shared_cache.dm	Constants	kept	kept	n/a	n/a	none	no
SFX_ARCADE_ORI_FAIL	SFX_ARCADE_ORI_FAIL	const	3	3	__defines/sfx.dm	Constants	kept	kept	n/a	n/a	none	no
SFX_ARCADE_ORI_WIN	SFX_ARCADE_ORI_WIN	const	3	2	__defines/sfx.dm	Constants	kept	kept	n/a	n/a	none	no
SFX_BUREAUCRACY_BOOKCLOSE	SFX_BUREAUCRACY_BOOKCLOSE	const	3	3	__defines/sfx.dm	Constants	kept	kept	n/a	n/a	none	no
SFX_BUREAUCRACY_BOOKOPEN	SFX_BUREAUCRACY_BOOKOPEN	const	3	3	__defines/sfx.dm	Constants	kept	kept	n/a	n/a	none	no
SFX_BUREAUCRACY_PAPERCRUMPLE	SFX_BUREAUCRACY_PAPERCRUMPLE	const	3	3	__defines/sfx.dm	Constants	kept	kept	n/a	n/a	none	no
SFX_BUREAUCRACY_STAMP	SFX_BUREAUCRACY_STAMP	const	3	3	__defines/sfx.dm	Constants	kept	kept	n/a	n/a	none	no
SFX_CASING_SOUND	SFX_CASING_SOUND	const	3	3	__defines/sfx.dm	Constants	kept	kept	n/a	n/a	none	no
SFX_CLOWNSTEP	SFX_CLOWNSTEP	const	3	3	__defines/sfx.dm	Constants	kept	kept	n/a	n/a	none	no
SFX_EFFECTS_CAPTURE_CRYSTAL_OUT	SFX_EFFECTS_CAPTURE_CRYSTAL_OUT	const	3	2	__defines/sfx.dm	Constants	kept	kept	n/a	n/a	none	no
SFX_EFFECTS_CHOP	SFX_EFFECTS_CHOP	const	3	2	__defines/sfx.dm	Constants	kept	kept	n/a	n/a	none	no
SFX_EFFECTS_COMP_ALERT_CLEAR	SFX_EFFECTS_COMP_ALERT_CLEAR	const	3	3	__defines/sfx.dm	Constants	kept	kept	n/a	n/a	none	no
SFX_EFFECTS_COMP_ALERT_MAJOR	SFX_EFFECTS_COMP_ALERT_MAJOR	const	3	3	__defines/sfx.dm	Constants	kept	kept	n/a	n/a	none	no
SFX_EFFECTS_DESKBELL	SFX_EFFECTS_DESKBELL	const	3	2	__defines/sfx.dm	Constants	kept	kept	n/a	n/a	none	no
SFX_EFFECTS_GLASSKNOCK	SFX_EFFECTS_GLASSKNOCK	const	3	2	__defines/sfx.dm	Constants	kept	kept	n/a	n/a	none	no
SFX_EFFECTS_HYPOSPRAY	SFX_EFFECTS_HYPOSPRAY	const	3	3	__defines/sfx.dm	Constants	kept	kept	n/a	n/a	none	no
SFX_EFFECTS_INSERT_ID_CARD	SFX_EFFECTS_INSERT_ID_CARD	const	3	2	__defines/sfx.dm	Constants	kept	kept	n/a	n/a	none	no
SFX_EFFECTS_LIGHTNING_CHARGEUP	SFX_EFFECTS_LIGHTNING_CHARGEUP	const	3	3	__defines/sfx.dm	Constants	kept	kept	n/a	n/a	none	no
SFX_EFFECTS_MAGNETCLAMP	SFX_EFFECTS_MAGNETCLAMP	const	3	3	__defines/sfx.dm	Constants	kept	kept	n/a	n/a	none	no
SFX_EFFECTS_METALSCRAPE	SFX_EFFECTS_METALSCRAPE	const	3	3	__defines/sfx.dm	Constants	kept	kept	n/a	n/a	none	no
SFX_EFFECTS_MOB_EFFECTS_SUIT_BREATHE_IN	SFX_EFFECTS_MOB_EFFECTS_SUIT_BREATHE_IN	const	3	3	__defines/sfx.dm	Constants	kept	kept	n/a	n/a	none	no
SFX_EFFECTS_MOB_EFFECTS_SUIT_BREATHE_OUT	SFX_EFFECTS_MOB_EFFECTS_SUIT_BREATHE_OUT	const	3	3	__defines/sfx.dm	Constants	kept	kept	n/a	n/a	none	no
SFX_EFFECTS_OMINOUS_HUM_2	SFX_EFFECTS_OMINOUS_HUM_2	const	3	2	__defines/sfx.dm	Constants	kept	kept	n/a	n/a	none	no
SFX_EFFECTS_RADIO_COMMON	SFX_EFFECTS_RADIO_COMMON	const	3	2	__defines/sfx.dm	Constants	kept	kept	n/a	n/a	none	no
SFX_EFFECTS_SEATBELT	SFX_EFFECTS_SEATBELT	const	3	2	__defines/sfx.dm	Constants	kept	kept	n/a	n/a	none	no
SFX_EFFECTS_STONEDOOR_OPENCLOSE	SFX_EFFECTS_STONEDOOR_OPENCLOSE	const	3	3	__defines/sfx.dm	Constants	kept	kept	n/a	n/a	none	no
SFX_EFFECTS_WHISTLE	SFX_EFFECTS_WHISTLE	const	3	3	__defines/sfx.dm	Constants	kept	kept	n/a	n/a	none	no
SFX_EFFECTS_WOODHIT	SFX_EFFECTS_WOODHIT	const	3	3	__defines/sfx.dm	Constants	kept	kept	n/a	n/a	none	no
SFX_FANCY_DEATH_PREY	SFX_FANCY_DEATH_PREY	const	3	3	__defines/sfx.dm	Constants	kept	kept	n/a	n/a	none	no
SFX_GENERIC_DROP	SFX_GENERIC_DROP	const	3	3	__defines/sfx.dm	Constants	kept	kept	n/a	n/a	none	no
SFX_GENERIC_PICKUP	SFX_GENERIC_PICKUP	const	3	3	__defines/sfx.dm	Constants	kept	kept	n/a	n/a	none	no
SFX_HALLUCINATIONS_GROWL	SFX_HALLUCINATIONS_GROWL	const	3	3	__defines/sfx.dm	Constants	kept	kept	n/a	n/a	none	no
SFX_HALLUCINATIONS_WAIL	SFX_HALLUCINATIONS_WAIL	const	3	3	__defines/sfx.dm	Constants	kept	kept	n/a	n/a	none	no
SFX_H_SOUNDS_LYNX	SFX_H_SOUNDS_LYNX	const	3	3	__defines/sfx.dm	Constants	kept	kept	n/a	n/a	none	no
SFX_H_SOUNDS_MUMBLE	SFX_H_SOUNDS_MUMBLE	const	3	3	__defines/sfx.dm	Constants	kept	kept	n/a	n/a	none	no
SFX_H_SOUNDS_NEGATIVE	SFX_H_SOUNDS_NEGATIVE	const	3	3	__defines/sfx.dm	Constants	kept	kept	n/a	n/a	none	no
SFX_H_SOUNDS_SAMPLER	SFX_H_SOUNDS_SAMPLER	const	3	3	__defines/sfx.dm	Constants	kept	kept	n/a	n/a	none	no
SFX_H_SOUNDS_YOUKNOWWHOITIS	SFX_H_SOUNDS_YOUKNOWWHOITIS	const	3	3	__defines/sfx.dm	Constants	kept	kept	n/a	n/a	none	no
SFX_ITEMS_CIGS_LIGHTERS_CIG_LIGHT	SFX_ITEMS_CIGS_LIGHTERS_CIG_LIGHT	const	3	3	__defines/sfx.dm	Constants	kept	kept	n/a	n/a	none	no
SFX_ITEMS_DROP_BOX	SFX_ITEMS_DROP_BOX	const	3	3	__defines/sfx.dm	Constants	kept	kept	n/a	n/a	none	no
SFX_ITEMS_DROP_MATCHBOX	SFX_ITEMS_DROP_MATCHBOX	const	3	3	__defines/sfx.dm	Constants	kept	kept	n/a	n/a	none	no
SFX_ITEMS_DROP_SHOVEL	SFX_ITEMS_DROP_SHOVEL	const	3	3	__defines/sfx.dm	Constants	kept	kept	n/a	n/a	none	no
SFX_ITEMS_DROP_SMOLEMATERIAL	SFX_ITEMS_DROP_SMOLEMATERIAL	const	3	3	__defines/sfx.dm	Constants	kept	kept	n/a	n/a	none	no
SFX_ITEMS_DROP_TOOLBOX	SFX_ITEMS_DROP_TOOLBOX	const	3	3	__defines/sfx.dm	Constants	kept	kept	n/a	n/a	none	no
SFX_ITEMS_FULEXT_DEPLOY	SFX_ITEMS_FULEXT_DEPLOY	const	3	3	__defines/sfx.dm	Constants	kept	kept	n/a	n/a	none	no
SFX_ITEMS_HELMETDEPLOY	SFX_ITEMS_HELMETDEPLOY	const	3	3	__defines/sfx.dm	Constants	kept	kept	n/a	n/a	none	no
SFX_ITEMS_JUMPSUIT_EQUIP	SFX_ITEMS_JUMPSUIT_EQUIP	const	3	2	__defines/sfx.dm	Constants	kept	kept	n/a	n/a	none	no
SFX_ITEMS_PACKAGE_UNWRAP	SFX_ITEMS_PACKAGE_UNWRAP	const	3	3	__defines/sfx.dm	Constants	kept	kept	n/a	n/a	none	no
SFX_ITEMS_PICKUP_DRINKGLASS	SFX_ITEMS_PICKUP_DRINKGLASS	const	3	3	__defines/sfx.dm	Constants	kept	kept	n/a	n/a	none	no
SFX_ITEMS_PICKUP_MATCHBOX	SFX_ITEMS_PICKUP_MATCHBOX	const	3	3	__defines/sfx.dm	Constants	kept	kept	n/a	n/a	none	no
SFX_ITEMS_PICKUP_PILLBOTTLE	SFX_ITEMS_PICKUP_PILLBOTTLE	const	3	3	__defines/sfx.dm	Constants	kept	kept	n/a	n/a	none	no
SFX_ITEMS_POSTER_BEING_CREATED	SFX_ITEMS_POSTER_BEING_CREATED	const	3	3	__defines/sfx.dm	Constants	kept	kept	n/a	n/a	none	no
SFX_ITEMS_RPED	SFX_ITEMS_RPED	const	3	3	__defines/sfx.dm	Constants	kept	kept	n/a	n/a	none	no
SFX_ITEMS_SCREWDRIVER2	SFX_ITEMS_SCREWDRIVER2	const	3	2	__defines/sfx.dm	Constants	kept	kept	n/a	n/a	none	no
SFX_ITEMS_SMOLEBUILDINGDESTORYEDSHORT	SFX_ITEMS_SMOLEBUILDINGDESTORYEDSHORT	const	3	2	__defines/sfx.dm	Constants	kept	kept	n/a	n/a	none	no
SFX_ITEMS_STORAGE_BOX	SFX_ITEMS_STORAGE_BOX	const	3	3	__defines/sfx.dm	Constants	kept	kept	n/a	n/a	none	no
SFX_ITEMS_STORAGE_BRIEFCASE	SFX_ITEMS_STORAGE_BRIEFCASE	const	3	3	__defines/sfx.dm	Constants	kept	kept	n/a	n/a	none	no
SFX_ITEMS_STORAGE_PILLBOTTLE	SFX_ITEMS_STORAGE_PILLBOTTLE	const	3	3	__defines/sfx.dm	Constants	kept	kept	n/a	n/a	none	no
SFX_ITEMS_STORAGE_TOOLBOX	SFX_ITEMS_STORAGE_TOOLBOX	const	3	3	__defines/sfx.dm	Constants	kept	kept	n/a	n/a	none	no
SFX_ITEMS_TAPERECORDER_DROP	SFX_ITEMS_TAPERECORDER_DROP	const	3	2	__defines/sfx.dm	Constants	kept	kept	n/a	n/a	none	no
SFX_ITEMS_TINYTETHER	SFX_ITEMS_TINYTETHER	const	3	3	__defines/sfx.dm	Constants	kept	kept	n/a	n/a	none	no
SFX_ITEMS_TRAYHIT1	SFX_ITEMS_TRAYHIT1	const	3	3	__defines/sfx.dm	Constants	kept	kept	n/a	n/a	none	no
SFX_ITEMS_WELDERACTIVATE	SFX_ITEMS_WELDERACTIVATE	const	3	3	__defines/sfx.dm	Constants	kept	kept	n/a	n/a	none	no
SFX_ITEMS_WELDERDEACTIVATE	SFX_ITEMS_WELDERDEACTIVATE	const	3	3	__defines/sfx.dm	Constants	kept	kept	n/a	n/a	none	no
SFX_ITEMS_ZIPPO_ON_ALT	SFX_ITEMS_ZIPPO_ON_ALT	const	3	2	__defines/sfx.dm	Constants	kept	kept	n/a	n/a	none	no
SFX_MACHINES_AIRALARM	SFX_MACHINES_AIRALARM	const	3	3	__defines/sfx.dm	Constants	kept	kept	n/a	n/a	none	no
SFX_MACHINES_AIR_PUMP_AIRPUMPSTART	SFX_MACHINES_AIR_PUMP_AIRPUMPSTART	const	3	3	__defines/sfx.dm	Constants	kept	kept	n/a	n/a	none	no
SFX_MACHINES_BIOGENERATOR_END	SFX_MACHINES_BIOGENERATOR_END	const	3	3	__defines/sfx.dm	Constants	kept	kept	n/a	n/a	none	no
SFX_MACHINES_BOOBEEBEEP	SFX_MACHINES_BOOBEEBEEP	const	3	3	__defines/sfx.dm	Constants	kept	kept	n/a	n/a	none	no
SFX_MACHINES_CLICK2	SFX_MACHINES_CLICK2	const	3	2	__defines/sfx.dm	Constants	kept	kept	n/a	n/a	none	no
SFX_MACHINES_DEFIB_READY	SFX_MACHINES_DEFIB_READY	const	3	3	__defines/sfx.dm	Constants	kept	kept	n/a	n/a	none	no
SFX_MACHINES_DEFIB_SAFETYON	SFX_MACHINES_DEFIB_SAFETYON	const	3	3	__defines/sfx.dm	Constants	kept	kept	n/a	n/a	none	no
SFX_MACHINES_DOOR_KNOCK_GLASS	SFX_MACHINES_DOOR_KNOCK_GLASS	const	3	3	__defines/sfx.dm	Constants	kept	kept	n/a	n/a	none	no
SFX_MACHINES_FIREWIDE1C	SFX_MACHINES_FIREWIDE1C	const	3	2	__defines/sfx.dm	Constants	kept	kept	n/a	n/a	none	no
SFX_MACHINES_FIREWIDE1O	SFX_MACHINES_FIREWIDE1O	const	3	2	__defines/sfx.dm	Constants	kept	kept	n/a	n/a	none	no
SFX_MACHINES_MACHINE_DIE_SHORT	SFX_MACHINES_MACHINE_DIE_SHORT	const	3	3	__defines/sfx.dm	Constants	kept	kept	n/a	n/a	none	no
SFX_MACHINES_PRINTER	SFX_MACHINES_PRINTER	const	3	3	__defines/sfx.dm	Constants	kept	kept	n/a	n/a	none	no
SFX_MACHINES_SLOTMACHINE_PULL	SFX_MACHINES_SLOTMACHINE_PULL	const	3	2	__defines/sfx.dm	Constants	kept	kept	n/a	n/a	none	no
SFX_MACHINES_TCOMMS_TCOMMS_PULSE	SFX_MACHINES_TCOMMS_TCOMMS_PULSE	const	3	3	__defines/sfx.dm	Constants	kept	kept	n/a	n/a	none	no
SFX_MACHINES_TERMINAL_ON	SFX_MACHINES_TERMINAL_ON	const	3	3	__defines/sfx.dm	Constants	kept	kept	n/a	n/a	none	no
SFX_MECHA_GASCONNECTED	SFX_MECHA_GASCONNECTED	const	3	3	__defines/sfx.dm	Constants	kept	kept	n/a	n/a	none	no
SFX_MECHA_HEAVYLIGHTSWITCH	SFX_MECHA_HEAVYLIGHTSWITCH	const	3	2	__defines/sfx.dm	Constants	kept	kept	n/a	n/a	none	no
SFX_MECHA_MECHTURN	SFX_MECHA_MECHTURN	const	3	3	__defines/sfx.dm	Constants	kept	kept	n/a	n/a	none	no
SFX_MECHA_NOMINALSYNDI	SFX_MECHA_NOMINALSYNDI	const	3	3	__defines/sfx.dm	Constants	kept	kept	n/a	n/a	none	no
SFX_MECHSTEP	SFX_MECHSTEP	const	3	3	__defines/sfx.dm	Constants	kept	kept	n/a	n/a	none	no
SFX_METROID_METROIDATTACK	SFX_METROID_METROIDATTACK	const	3	3	__defines/sfx.dm	Constants	kept	kept	n/a	n/a	none	no
SFX_METROID_METROIDGROW	SFX_METROID_METROIDGROW	const	3	2	__defines/sfx.dm	Constants	kept	kept	n/a	n/a	none	no
SFX_MISC_BOATSWAIN	SFX_MISC_BOATSWAIN	const	3	3	__defines/sfx.dm	Constants	kept	kept	n/a	n/a	none	no
SFX_MISC_DEMONATTACK	SFX_MISC_DEMONATTACK	const	3	3	__defines/sfx.dm	Constants	kept	kept	n/a	n/a	none	no
SFX_MISC_LEGODEATH	SFX_MISC_LEGODEATH	const	3	2	__defines/sfx.dm	Constants	kept	kept	n/a	n/a	none	no
SFX_MISC_SADTROMBONE	SFX_MISC_SADTROMBONE	const	3	3	__defines/sfx.dm	Constants	kept	kept	n/a	n/a	none	no
SFX_PICKAXE	SFX_PICKAXE	const	3	3	__defines/sfx.dm	Constants	kept	kept	n/a	n/a	none	no
SFX_RAKSHASA_DECAY3	SFX_RAKSHASA_DECAY3	const	3	2	__defines/sfx.dm	Constants	kept	kept	n/a	n/a	none	no
SFX_RECYCLER_GENERALDENY	SFX_RECYCLER_GENERALDENY	const	3	3	__defines/sfx.dm	Constants	kept	kept	n/a	n/a	none	no
SFX_RECYCLER_INITIALBOOT	SFX_RECYCLER_INITIALBOOT	const	3	3	__defines/sfx.dm	Constants	kept	kept	n/a	n/a	none	no
SFX_RECYCLER_TYPING	SFX_RECYCLER_TYPING	const	3	3	__defines/sfx.dm	Constants	kept	kept	n/a	n/a	none	no
SFX_THUNDER	SFX_THUNDER	const	3	3	__defines/sfx.dm	Constants	kept	kept	n/a	n/a	none	no
SFX_VOICE_BAA	SFX_VOICE_BAA	const	3	3	__defines/sfx.dm	Constants	kept	kept	n/a	n/a	none	no
SFX_VOICE_BARK2	SFX_VOICE_BARK2	const	3	3	__defines/sfx.dm	Constants	kept	kept	n/a	n/a	none	no
SFX_VOICE_BIAMTHELAW	SFX_VOICE_BIAMTHELAW	const	3	3	__defines/sfx.dm	Constants	kept	kept	n/a	n/a	none	no
SFX_VOICE_EMOTES_GWAH	SFX_VOICE_EMOTES_GWAH	const	3	3	__defines/sfx.dm	Constants	kept	kept	n/a	n/a	none	no
SFX_VOICE_HALT	SFX_VOICE_HALT	const	3	3	__defines/sfx.dm	Constants	kept	kept	n/a	n/a	none	no
SFX_VOICE_HISS6	SFX_VOICE_HISS6	const	3	3	__defines/sfx.dm	Constants	kept	kept	n/a	n/a	none	no
SFX_VOICE_MEDBOT_MAPPLE	SFX_VOICE_MEDBOT_MAPPLE	const	3	3	__defines/sfx.dm	Constants	kept	kept	n/a	n/a	none	no
SFX_VOICE_MEDBOT_MCATCH	SFX_VOICE_MEDBOT_MCATCH	const	3	3	__defines/sfx.dm	Constants	kept	kept	n/a	n/a	none	no
SFX_VOICE_MEDBOT_MCOMING	SFX_VOICE_MEDBOT_MCOMING	const	3	3	__defines/sfx.dm	Constants	kept	kept	n/a	n/a	none	no
SFX_VOICE_MEDBOT_MDELICIOUS	SFX_VOICE_MEDBOT_MDELICIOUS	const	3	3	__defines/sfx.dm	Constants	kept	kept	n/a	n/a	none	no
SFX_VOICE_MEDBOT_MFEELBETTER	SFX_VOICE_MEDBOT_MFEELBETTER	const	3	3	__defines/sfx.dm	Constants	kept	kept	n/a	n/a	none	no
SFX_VOICE_MEDBOT_MFLIES	SFX_VOICE_MEDBOT_MFLIES	const	3	3	__defines/sfx.dm	Constants	kept	kept	n/a	n/a	none	no
SFX_VOICE_MEDBOT_MHELP	SFX_VOICE_MEDBOT_MHELP	const	3	3	__defines/sfx.dm	Constants	kept	kept	n/a	n/a	none	no
SFX_VOICE_MEDBOT_MINJURED	SFX_VOICE_MEDBOT_MINJURED	const	3	3	__defines/sfx.dm	Constants	kept	kept	n/a	n/a	none	no
SFX_VOICE_MEDBOT_MINSULT	SFX_VOICE_MEDBOT_MINSULT	const	3	3	__defines/sfx.dm	Constants	kept	kept	n/a	n/a	none	no
SFX_VOICE_MEDBOT_MLIVE	SFX_VOICE_MEDBOT_MLIVE	const	3	3	__defines/sfx.dm	Constants	kept	kept	n/a	n/a	none	no
SFX_VOICE_MEDBOT_MLOST	SFX_VOICE_MEDBOT_MLOST	const	3	3	__defines/sfx.dm	Constants	kept	kept	n/a	n/a	none	no
SFX_VOICE_MEDBOT_MNO	SFX_VOICE_MEDBOT_MNO	const	3	3	__defines/sfx.dm	Constants	kept	kept	n/a	n/a	none	no
SFX_VOICE_MEDBOT_MPATCHEDUP	SFX_VOICE_MEDBOT_MPATCHEDUP	const	3	3	__defines/sfx.dm	Constants	kept	kept	n/a	n/a	none	no
SFX_VOICE_MEDBOT_MRADAR	SFX_VOICE_MEDBOT_MRADAR	const	3	3	__defines/sfx.dm	Constants	kept	kept	n/a	n/a	none	no
SFX_VOICE_MEDBOT_MSURGEON	SFX_VOICE_MEDBOT_MSURGEON	const	3	3	__defines/sfx.dm	Constants	kept	kept	n/a	n/a	none	no
SFX_VOICE_MEDBOT_NOOO	SFX_VOICE_MEDBOT_NOOO	const	3	2	__defines/sfx.dm	Constants	kept	kept	n/a	n/a	none	no
SFX_VOICE_MERP	SFX_VOICE_MERP	const	3	3	__defines/sfx.dm	Constants	kept	kept	n/a	n/a	none	no
SFX_VOICE_MOTH_MOTH_CHITTER	SFX_VOICE_MOTH_MOTH_CHITTER	const	3	3	__defines/sfx.dm	Constants	kept	kept	n/a	n/a	none	no
SFX_VOICE_MROW	SFX_VOICE_MROW	const	3	2	__defines/sfx.dm	Constants	kept	kept	n/a	n/a	none	no
SFX_VOICE_PRBT	SFX_VOICE_PRBT	const	3	3	__defines/sfx.dm	Constants	kept	kept	n/a	n/a	none	no
SFX_VOICE_SCREAM_MOTH_MOTH_SCREAM	SFX_VOICE_SCREAM_MOTH_MOTH_SCREAM	const	3	2	__defines/sfx.dm	Constants	kept	kept	n/a	n/a	none	no
SFX_VOICE_TEPPI_ROAR	SFX_VOICE_TEPPI_ROAR	const	3	3	__defines/sfx.dm	Constants	kept	kept	n/a	n/a	none	no
SFX_VORE_INSERT	SFX_VORE_INSERT	const	3	2	__defines/sfx.dm	Constants	kept	kept	n/a	n/a	none	no
SFX_VORE_SUNESOUND_PRED_INSERTION_01	SFX_VORE_SUNESOUND_PRED_INSERTION_01	const	3	3	__defines/sfx.dm	Constants	kept	kept	n/a	n/a	none	no
SFX_WEAPONS_ALIEN_SPITACID	SFX_WEAPONS_ALIEN_SPITACID	const	3	3	__defines/sfx.dm	Constants	kept	kept	n/a	n/a	none	no
SFX_WEAPONS_BALLISTICS_A145	SFX_WEAPONS_BALLISTICS_A145	const	3	2	__defines/sfx.dm	Constants	kept	kept	n/a	n/a	none	no
SFX_WEAPONS_BALLISTICS_A762	SFX_WEAPONS_BALLISTICS_A762	const	3	2	__defines/sfx.dm	Constants	kept	kept	n/a	n/a	none	no
SFX_WEAPONS_BALLISTICS_A762X54	SFX_WEAPONS_BALLISTICS_A762X54	const	3	2	__defines/sfx.dm	Constants	kept	kept	n/a	n/a	none	no
SFX_WEAPONS_BLASTER	SFX_WEAPONS_BLASTER	const	3	3	__defines/sfx.dm	Constants	kept	kept	n/a	n/a	none	no
SFX_WEAPONS_CABLECUFF	SFX_WEAPONS_CABLECUFF	const	3	3	__defines/sfx.dm	Constants	kept	kept	n/a	n/a	none	no
SFX_WEAPONS_CHAINSAW_ATTACK	SFX_WEAPONS_CHAINSAW_ATTACK	const	3	3	__defines/sfx.dm	Constants	kept	kept	n/a	n/a	none	no
SFX_WEAPONS_CHAINSAW_STARTUP	SFX_WEAPONS_CHAINSAW_STARTUP	const	3	3	__defines/sfx.dm	Constants	kept	kept	n/a	n/a	none	no
SFX_WEAPONS_CHAINSAW_TURNOFF	SFX_WEAPONS_CHAINSAW_TURNOFF	const	3	2	__defines/sfx.dm	Constants	kept	kept	n/a	n/a	none	no
SFX_WEAPONS_CIRCSAWHIT	SFX_WEAPONS_CIRCSAWHIT	const	3	2	__defines/sfx.dm	Constants	kept	kept	n/a	n/a	none	no
SFX_WEAPONS_DOOMPISTOL	SFX_WEAPONS_DOOMPISTOL	const	3	3	__defines/sfx.dm	Constants	kept	kept	n/a	n/a	none	no
SFX_WEAPONS_EMITTER2	SFX_WEAPONS_EMITTER2	const	3	3	__defines/sfx.dm	Constants	kept	kept	n/a	n/a	none	no
SFX_WEAPONS_GENHIT3	SFX_WEAPONS_GENHIT3	const	3	3	__defines/sfx.dm	Constants	kept	kept	n/a	n/a	none	no
SFX_WEAPONS_GUNSHOT1	SFX_WEAPONS_GUNSHOT1	const	3	3	__defines/sfx.dm	Constants	kept	kept	n/a	n/a	none	no
SFX_WEAPONS_GUNSHOT3	SFX_WEAPONS_GUNSHOT3	const	3	2	__defines/sfx.dm	Constants	kept	kept	n/a	n/a	none	no
SFX_WEAPONS_GUNSHOT_SNIPER	SFX_WEAPONS_GUNSHOT_SNIPER	const	3	3	__defines/sfx.dm	Constants	kept	kept	n/a	n/a	none	no
SFX_WEAPONS_HOLSTER_SHEATHOUT	SFX_WEAPONS_HOLSTER_SHEATHOUT	const	3	3	__defines/sfx.dm	Constants	kept	kept	n/a	n/a	none	no
SFX_WEAPONS_KENETIC_ACCEL	SFX_WEAPONS_KENETIC_ACCEL	const	3	3	__defines/sfx.dm	Constants	kept	kept	n/a	n/a	none	no
SFX_WEAPONS_PUNCH1	SFX_WEAPONS_PUNCH1	const	3	3	__defines/sfx.dm	Constants	kept	kept	n/a	n/a	none	no
SFX_WEAPONS_RESONATOR_FIRE	SFX_WEAPONS_RESONATOR_FIRE	const	3	2	__defines/sfx.dm	Constants	kept	kept	n/a	n/a	none	no
SFX_WEAPONS_SEAR	SFX_WEAPONS_SEAR	const	3	3	__defines/sfx.dm	Constants	kept	kept	n/a	n/a	none	no
SFX_WEAPONS_SERDY_9MMPISTOL	SFX_WEAPONS_SERDY_9MMPISTOL	const	3	2	__defines/sfx.dm	Constants	kept	kept	n/a	n/a	none	no
SFX_WEAPONS_SERDY_SKS	SFX_WEAPONS_SERDY_SKS	const	3	2	__defines/sfx.dm	Constants	kept	kept	n/a	n/a	none	no
SFX_WEAPONS_SERDY_VITYAZ	SFX_WEAPONS_SERDY_VITYAZ	const	3	2	__defines/sfx.dm	Constants	kept	kept	n/a	n/a	none	no
SFX_WEAPONS_SLASHMISS	SFX_WEAPONS_SLASHMISS	const	3	2	__defines/sfx.dm	Constants	kept	kept	n/a	n/a	none	no
SFX_WEAPONS_STRINGSMASH	SFX_WEAPONS_STRINGSMASH	const	3	2	__defines/sfx.dm	Constants	kept	kept	n/a	n/a	none	no
SFX_WEAPONS_TARGETON	SFX_WEAPONS_TARGETON	const	3	3	__defines/sfx.dm	Constants	kept	kept	n/a	n/a	none	no
SFX_WEAPONS_TOWELWHIP	SFX_WEAPONS_TOWELWHIP	const	3	3	__defines/sfx.dm	Constants	kept	kept	n/a	n/a	none	no
SLOT_EXPOSURE_EXTERNAL	SLOT_EXPOSURE_EXTERNAL	const	3	2	__defines/containment.dm	Constants	kept	kept	n/a	n/a	none	no
SS_INIT_FAILURE	SS_INIT_FAILURE	const	3	1	__defines/subsystems.dm	Constants	deleted	a system's phase, lane, latency_class and needs =	1 (E6)	1 (E6)	delete	no
SS_INIT_NONE	SS_INIT_NONE	const	3	2	__defines/subsystems.dm	Constants	deleted	a system's phase, lane, latency_class and needs =	1 (E6)	1 (E6)	delete	no
SS_INIT_NO_MESSAGE	SS_INIT_NO_MESSAGE	const	3	1	__defines/subsystems.dm	Constants	deleted	a system's phase, lane, latency_class and needs =	1 (E6)	1 (E6)	delete	no
SS_PAUSING	SS_PAUSING	const	3	1	__defines/MC.dm	Constants	deleted	a system's phase, lane, latency_class and needs =	1 (E6)	1 (E6)	delete	no
SSverb_manager	SSverb_manager	const	3	3	controllers/subsystems/verb_manager.dm	Constants	replaced	the input inbox (one queue for every client entry point; not kept)	1 (E6)	1 (E6)	codemod	no
STATUS_EFFECT_MULTIPLE	STATUS_EFFECT_MULTIPLE	const	3	2	__defines/status_effects.dm	Constants	replaced	body effects: apply_body_effect(), kept as sugar over holds and granted capabilities (section 5)	1 (E3)	3	codemod	no
TAG_NO_POCKET	TAG_NO_POCKET	const	3	2	__defines/properties.dm	Constants	kept	kept	n/a	n/a	none	no
TAG_POCKETABLE	TAG_POCKETABLE	const	3	2	__defines/properties.dm	Constants	kept	kept	n/a	n/a	none	no
TAG_WEAR_OVER	TAG_WEAR_OVER	const	3	2	__defines/properties.dm	Constants	kept	kept	n/a	n/a	none	no
TGUI_WINDOW_HARD_LIMIT	TGUI_WINDOW_HARD_LIMIT	const	3	1	__defines/tgui.dm	Constants	kept	kept	n/a	n/a	none	no
TGUI_WINDOW_SOFT_LIMIT	TGUI_WINDOW_SOFT_LIMIT	const	3	2	__defines/tgui.dm	Constants	kept	kept	n/a	n/a	none	no
TICKS	TICKS	const	3	3	__defines/time.dm	Constants	kept	kept	n/a	n/a	none	no
TIMEZONE_UTC	TIMEZONE_UTC	const	3	2	__defines/time.dm	Constants	kept	kept	n/a	n/a	none	no
TOPIC_IN_CLIENTS	TOPIC_IN_CLIENTS	const	3	2	__defines/topic.dm	Constants	kept	kept	n/a	n/a	none	no
TOPIC_IN_WORLD	TOPIC_IN_WORLD	const	3	2	__defines/topic.dm	Constants	kept	kept	n/a	n/a	none	no
TRANSMISSION_BLUESPACE	TRANSMISSION_BLUESPACE	const	3	3	__defines/machinery.dm	Constants	kept	kept	n/a	n/a	none	no
UI_PINNED	UI_PINNED	const	3	3	__defines/sys_ui.dm	Constants	kept	kept	n/a	n/a	none	no
WORK_EVERY_TICK	WORK_EVERY_TICK	const	3	3	__defines/kernel.dm	Constants	internal	kernel measurement and work engine internals	n/a	7	deleted with its layer	no
ABILITY_ID_ROBOT_CUSTOMIZE_APPEARANCE	ABILITY_ID_ROBOT_CUSTOMIZE_APPEARANCE	const	2	2	__defines/abilities.dm	Constants	replaced	"op keys on the actor's ability capability; menu(button =, bind =) puts them under ""Abilities"""	2	3	codemod	no
ABILITY_ID_ROBOT_NOM	ABILITY_ID_ROBOT_NOM	const	2	2	__defines/abilities.dm	Constants	replaced	"op keys on the actor's ability capability; menu(button =, bind =) puts them under ""Abilities"""	2	3	codemod	no
ABILITY_ID_ROBOT_PICK_SHELL	ABILITY_ID_ROBOT_PICK_SHELL	const	2	1	__defines/abilities.dm	Constants	replaced	"op keys on the actor's ability capability; menu(button =, bind =) puts them under ""Abilities"""	2	3	codemod	no
ABILITY_ID_ROBOT_PURGE_NUTRITION	ABILITY_ID_ROBOT_PURGE_NUTRITION	const	2	2	__defines/abilities.dm	Constants	replaced	"op keys on the actor's ability capability; menu(button =, bind =) puts them under ""Abilities"""	2	3	codemod	no
ABILITY_ID_ROBOT_SET_MAIL_TAG	ABILITY_ID_ROBOT_SET_MAIL_TAG	const	2	2	__defines/abilities.dm	Constants	replaced	"op keys on the actor's ability capability; menu(button =, bind =) puts them under ""Abilities"""	2	3	codemod	no
ABILITY_ID_ROBOT_TOGGLE_DECALS	ABILITY_ID_ROBOT_TOGGLE_DECALS	const	2	2	__defines/abilities.dm	Constants	replaced	"op keys on the actor's ability capability; menu(button =, bind =) puts them under ""Abilities"""	2	3	codemod	no
ABILITY_ID_ROBOT_TOGGLE_GLOWY_STOMACH	ABILITY_ID_ROBOT_TOGGLE_GLOWY_STOMACH	const	2	2	__defines/abilities.dm	Constants	replaced	"op keys on the actor's ability capability; menu(button =, bind =) puts them under ""Abilities"""	2	3	codemod	no
ABILITY_ID_ROBOT_TOGGLE_GRABBABILITY	ABILITY_ID_ROBOT_TOGGLE_GRABBABILITY	const	2	2	__defines/abilities.dm	Constants	replaced	"op keys on the actor's ability capability; menu(button =, bind =) puts them under ""Abilities"""	2	3	codemod	no
ABILITY_ID_SHADEKIN_PHASE_SHIFT	ABILITY_ID_SHADEKIN_PHASE_SHIFT	const	2	1	__defines/abilities.dm	Constants	replaced	"op keys on the actor's ability capability; menu(button =, bind =) puts them under ""Abilities"""	2	3	codemod	no
ACTION_BLOCK_HOLD_LEFT	ACTION_BLOCK_HOLD_LEFT	const	2	2	__defines/body_factors.dm	Constants	kept	kept	n/a	n/a	none	no
ACTION_BLOCK_HOLD_RIGHT	ACTION_BLOCK_HOLD_RIGHT	const	2	2	__defines/body_factors.dm	Constants	kept	kept	n/a	n/a	none	no
ACT_ATTACK	ACT_ATTACK	const	2	1	__defines/operations.dm	Constants	renamed	INTENT_ATTACK	2	3	codemod	no
ADMIN_CATEGORY_DEBUG_ASSETS	ADMIN_CATEGORY_DEBUG_ASSETS	const	2	1	__defines/admin_verb.dm	Constants	kept	kept	n/a	n/a	none	no
ADMIN_CATEGORY_DEBUG_SERVER	ADMIN_CATEGORY_DEBUG_SERVER	const	2	2	__defines/admin_verb.dm	Constants	kept	kept	n/a	n/a	none	no
ADMIN_CATEGORY_FUN_SILICON	ADMIN_CATEGORY_FUN_SILICON	const	2	1	__defines/admin_verb.dm	Constants	kept	kept	n/a	n/a	none	no
ADMIN_CATEGORY_OBJECT	ADMIN_CATEGORY_OBJECT	const	2	1	__defines/admin_verb.dm	Constants	kept	kept	n/a	n/a	none	no
ADMIN_FORCE_END_ROUND	ADMIN_FORCE_END_ROUND	const	2	2	__defines/subsystems.dm	Constants	kept	kept	n/a	n/a	none	no
APPEARANCE_ICON	APPEARANCE_ICON	const	2	1	__defines/lifecycle_decl.dm	Constants	replaced	draw(look) output and look_layer() entries	2	3	codemod	no
APPEARANCE_PENDING_LATENT	APPEARANCE_PENDING_LATENT	const	2	1	__defines/sys_appearance.dm	Constants	kept	kept	n/a	n/a	none	no
BATCH_WORK_KINDS	BATCH_WORK_KINDS	const	2	1	__defines/subsystems.dm	Constants	kept	kept	n/a	n/a	none	no
CAP_EMAG	CAP_EMAG	const	2	1	__defines/operations.dm	Constants	kept	kept	n/a	n/a	none	no
CHANGE_CAPABILITY	CHANGE_CAPABILITY	const	2	1	__defines/capabilities.dm	Constants	deleted	setters, stats and relation writes publish; producer keys use PUBLISH_CHANGE(E, key)	1 (E1)	3	delete	no
CHANGE_INTEGRITY	CHANGE_INTEGRITY	const	2	2	__defines/om.dm	Constants	deleted	setters, stats and relation writes publish; producer keys use PUBLISH_CHANGE(E, key)	1 (E1)	3	delete	no
CHANGE_MACHINE_MODE	CHANGE_MACHINE_MODE	const	2	2	__defines/om.dm	Constants	deleted	setters and stats publish; the build-time shim raises the legacy channel until the machine pipeline goes (phase 4)	1 (E1)	4	delete	no
CHANGE_MOB_CAN_MOVE	CHANGE_MOB_CAN_MOVE	const	2	2	__defines/om.dm	Constants	deleted	setters and stats publish; the build-time shim raises the legacy channel until the Life pipeline goes (phase 5)	1 (E1)	5	delete	no
CONSTRAINT_EQUIP	CONSTRAINT_EQUIP	const	2	2	__defines/constraints.dm	Constants	replaced	the slot's accepts = (hold); a requirement on /datum/act/equip (fit, equip, suit storage)	1 (E2)	3	codemod	no
CONTAINER_SLOT_TRANSIT_POD	CONTAINER_SLOT_TRANSIT_POD	const	2	1	__defines/containment.dm	Constants	kept	kept	n/a	n/a	none	no
DAMAGE_ENTRY_THROWN	DAMAGE_ENTRY_THROWN	const	2	1	__defines/sys_damage_reactions.dm	Constants	replaced	hit action subtypes /datum/act/hit/<entry>; DAMAGE_REACTION_BLOCK is instead()	1 (E4)	3	codemod	no
DATA_FAKE	DATA_FAKE	const	2	2	__defines/machinery.dm	Constants	kept	kept	n/a	n/a	none	no
DAY	DAY	const	2	1	__defines/time.dm	Constants	kept	kept	n/a	n/a	none	no
EFFECT_NEARSIGHTED	EFFECT_NEARSIGHTED	const	2	2	__defines/om.dm	Constants	renamed	STATUS_NEARSIGHTED	1 (E3)	3	codemod	no
EMAG_REPEATABLE	EMAG_REPEATABLE	const	2	2	__defines/capabilities.dm	Constants	deleted	a repeat emag is a plain emag(); a refusal is a requirement (needs(...)), never a return value	2	3	delete	no
END_ROUND_AS_NORMAL	END_ROUND_AS_NORMAL	const	2	2	__defines/subsystems.dm	Constants	kept	kept	n/a	n/a	none	no
FIREDOOR_OPEN	FIREDOOR_OPEN	const	2	2	__defines/machinery.dm	Constants	kept	kept	n/a	n/a	none	no
GC_BATCH_DOOMED	GC_BATCH_DOOMED	const	2	1	__defines/qdel.dm	Constants	kept	kept	n/a	n/a	none	no
GUARD_THROWN_HIT	GUARD_THROWN_HIT	const	2	2	__defines/reactions.dm	Constants	replaced	world action types /datum/act/<x>	1 (E4)	3	codemod	no
INPUT_ACTION_LOOT	INPUT_ACTION_LOOT	const	2	2	__defines/input_actions.dm	Constants	kept	kept	n/a	n/a	none	no
INPUT_ACTION_POINT	INPUT_ACTION_POINT	const	2	2	__defines/input_actions.dm	Constants	kept	kept	n/a	n/a	none	no
INPUT_ACTION_TAG	INPUT_ACTION_TAG	const	2	2	__defines/input_actions.dm	Constants	kept	kept	n/a	n/a	none	no
INTERACTION_CATEGORIES	INTERACTION_CATEGORIES	const	2	2	__defines/input_actions.dm	Constants	kept	kept	n/a	n/a	none	no
INTERACTION_ENTRY_ALT	INTERACTION_ENTRY_ALT	const	2	2	__defines/interactions.dm	Constants	deleted	the legacy entry procs (attackby, attack_hand, ...) go; ops are entered by input parts	2	3	delete	no
INTERACTION_ENTRY_DRAG	INTERACTION_ENTRY_DRAG	const	2	2	__defines/interactions.dm	Constants	deleted	the legacy entry procs (attackby, attack_hand, ...) go; ops are entered by input parts	2	3	delete	no
INTERACTION_TRY_PASS	INTERACTION_TRY_PASS	const	2	2	__defines/interactions.dm	Constants	internal	resolver results (kernel)	n/a	7	deleted with its layer	no
INTERACTION_TRY_RAN	INTERACTION_TRY_RAN	const	2	2	__defines/interactions.dm	Constants	internal	resolver results (kernel)	n/a	7	deleted with its layer	no
KERNEL_PHASE_K	KERNEL_PHASE_K	const	2	2	__defines/kernel.dm	Constants	kept	kept	n/a	n/a	none	no
KEYBIND_MACRO_PREFIX	KEYBIND_MACRO_PREFIX	const	2	1	__defines/input_actions.dm	Constants	kept	kept	n/a	n/a	none	no
KEYBIND_MACRO_SET	KEYBIND_MACRO_SET	const	2	1	__defines/input_actions.dm	Constants	kept	kept	n/a	n/a	none	no
KEYBIND_PROFILES	KEYBIND_PROFILES	const	2	2	__defines/input_actions.dm	Constants	kept	kept	n/a	n/a	none	no
KM_INPUT_CLICK	KM_INPUT_CLICK	const	2	1	__defines/kernel_measure.dm	Constants	internal	kernel measurement and work engine internals	n/a	7	deleted with its layer	no
KM_KEY_INPUT	KM_KEY_INPUT	const	2	1	__defines/kernel_measure.dm	Constants	internal	kernel measurement and work engine internals	n/a	7	deleted with its layer	no
KM_KEY_OM_NATIVE	KM_KEY_OM_NATIVE	const	2	1	__defines/kernel_measure.dm	Constants	internal	kernel measurement and work engine internals	n/a	7	deleted with its layer	no
KM_MIN_CHARGE_MS	KM_MIN_CHARGE_MS	const	2	1	__defines/kernel_measure.dm	Constants	internal	kernel measurement and work engine internals	n/a	7	deleted with its layer	no
LANE_PRESENTATION	LANE_PRESENTATION	const	2	2	__defines/om.dm	Constants	kept	kept	n/a	n/a	none	no
MATERIALIZE_CHUNK_SIZE	MATERIALIZE_CHUNK_SIZE	const	2	1	__defines/subsystems.dm	Constants	kept	kept	n/a	n/a	none	no
MATTER_UNIT_KG	MATTER_UNIT_KG	const	2	1	__defines/properties.dm	Constants	kept	kept	n/a	n/a	none	no
MECHA_SLOT_EQUIPMENT	MECHA_SLOT_EQUIPMENT	const	2	2	__defines/containment.dm	Constants	kept	kept	n/a	n/a	none	no
MEGAWATTS	MEGAWATTS	const	2	2	__defines/machinery.dm	Constants	kept	kept	n/a	n/a	none	no
MINIMUM_MOLES_TO_FILTER	MINIMUM_MOLES_TO_FILTER	const	2	1	__defines/machinery.dm	Constants	kept	kept	n/a	n/a	none	no
NATIVE_SRC_POWER	NATIVE_SRC_POWER	const	2	2	__defines/om.dm	Constants	kept	kept	n/a	n/a	none	no
NETWORK_ALARM_ATMOS	NETWORK_ALARM_ATMOS	const	2	2	__defines/machinery.dm	Constants	kept	kept	n/a	n/a	none	no
NETWORK_ALARM_FIRE	NETWORK_ALARM_FIRE	const	2	2	__defines/machinery.dm	Constants	kept	kept	n/a	n/a	none	no
NETWORK_ALARM_POWER	NETWORK_ALARM_POWER	const	2	2	__defines/machinery.dm	Constants	kept	kept	n/a	n/a	none	no
NETWORK_ENGINEERING_OUTPOST	NETWORK_ENGINEERING_OUTPOST	const	2	1	__defines/machinery.dm	Constants	kept	kept	n/a	n/a	none	no
NETWORK_RESEARCH_OUTPOST	NETWORK_RESEARCH_OUTPOST	const	2	2	__defines/machinery.dm	Constants	kept	kept	n/a	n/a	none	no
NETWORK_SUBSTATIONS	NETWORK_SUBSTATIONS	const	2	1	__defines/machinery.dm	Constants	kept	kept	n/a	n/a	none	no
NETWORK_TCOMMS	NETWORK_TCOMMS	const	2	1	__defines/machinery.dm	Constants	kept	kept	n/a	n/a	none	no
OCCUPANT_SLOT_CLONEPOD	OCCUPANT_SLOT_CLONEPOD	const	2	1	__defines/containment.dm	Constants	kept	kept	n/a	n/a	none	no
OCCUPANT_SLOT_RESLEEVER	OCCUPANT_SLOT_RESLEEVER	const	2	1	__defines/containment.dm	Constants	kept	kept	n/a	n/a	none	no
OM_END_DELETE_OTHER	OM_END_DELETE_OTHER	const	2	2	__defines/om.dm	Constants	internal	deleted with the OM layer	n/a	7	deleted with its layer	no
OM_PARK	OM_PARK	const	2	2	__defines/om.dm	Constants	internal	deleted with the OM layer	n/a	7	deleted with its layer	no
OM_STAT_BREACHES	OM_STAT_BREACHES	const	2	2	__defines/om.dm	Constants	internal	deleted with the OM layer	n/a	7	deleted with its layer	no
OM_STAT_DEFERRALS	OM_STAT_DEFERRALS	const	2	2	__defines/om.dm	Constants	internal	deleted with the OM layer	n/a	7	deleted with its layer	no
OM_STAT_ERRORS	OM_STAT_ERRORS	const	2	2	__defines/om.dm	Constants	internal	deleted with the OM layer	n/a	7	deleted with its layer	no
OM_STAT_LATE_MAX	OM_STAT_LATE_MAX	const	2	2	__defines/om.dm	Constants	internal	deleted with the OM layer	n/a	7	deleted with its layer	no
OM_STAT_PARKS	OM_STAT_PARKS	const	2	2	__defines/om.dm	Constants	internal	deleted with the OM layer	n/a	7	deleted with its layer	no
OM_STAT_RUNS	OM_STAT_RUNS	const	2	2	__defines/om.dm	Constants	internal	deleted with the OM layer	n/a	7	deleted with its layer	no
OM_STAT_WAKES	OM_STAT_WAKES	const	2	2	__defines/om.dm	Constants	internal	deleted with the OM layer	n/a	7	deleted with its layer	no
OP_STRUCTURAL	OP_STRUCTURAL	const	2	1	__defines/operations.dm	Constants	kept	kept	n/a	n/a	none	no
ORGAN_SLOT_IMPLANTS	ORGAN_SLOT_IMPLANTS	const	2	2	__defines/containment.dm	Constants	kept	kept	n/a	n/a	none	no
PANEL	PANEL	const	2	1	__defines/capabilities.dm	Constants	kept	kept	n/a	n/a	none	no
PERIODIC_PROJECTILES	PERIODIC_PROJECTILES	const	2	2	__defines/om.dm	Constants	replaced	every(interval, ...); a shared interval is an ordinary #define	1 (E6)	3	codemod	no
PIPE_TRINARY	PIPE_TRINARY	const	2	2	__defines/construction.dm	Constants	kept	kept	n/a	n/a	none	no
PIPE_UNARY_FLIPPABLE	PIPE_UNARY_FLIPPABLE	const	2	1	__defines/construction.dm	Constants	kept	kept	n/a	n/a	none	no
POWERED_BY_AREA	POWERED_BY_AREA	const	2	2	__defines/capabilities.dm	Constants	kept	kept	n/a	n/a	none	no
POWER_CHANNEL_ENVIRON	POWER_CHANNEL_ENVIRON	const	2	1	__defines/capabilities.dm	Constants	kept	kept	n/a	n/a	none	no
POWER_CHANNEL_EQUIPMENT	POWER_CHANNEL_EQUIPMENT	const	2	1	__defines/capabilities.dm	Constants	kept	kept	n/a	n/a	none	no
POWER_CHANNEL_LIGHTING	POWER_CHANNEL_LIGHTING	const	2	1	__defines/capabilities.dm	Constants	kept	kept	n/a	n/a	none	no
POWER_ROLE_COMPUTER	POWER_ROLE_COMPUTER	const	2	2	__defines/capabilities.dm	Constants	kept	kept	n/a	n/a	none	no
POWER_ROLE_LIGHTING	POWER_ROLE_LIGHTING	const	2	2	__defines/capabilities.dm	Constants	kept	kept	n/a	n/a	none	no
PRED_GLOBAL	PRED_GLOBAL	const	2	1	__defines/predicates.dm	Constants	replaced	of = ON_TARGET | ON_ACTOR | ON_HELD	1 (E2)	3	codemod	no
PRED_OP_BECAUSE	PRED_OP_BECAUSE	const	2	2	__defines/predicates.dm	Constants	internal	requirement compiler tags (internal)	n/a	7	deleted with its layer	no
PRED_OP_CMP	PRED_OP_CMP	const	2	2	__defines/predicates.dm	Constants	internal	requirement compiler tags (internal)	n/a	7	deleted with its layer	no
PRED_OP_TYPE	PRED_OP_TYPE	const	2	2	__defines/constraints.dm	Constants	internal	requirement compiler tags (internal)	n/a	7	deleted with its layer	no
PROP_INSULATION	PROP_INSULATION	const	2	1	__defines/properties.dm	Constants	kept	kept	n/a	n/a	none	no
PROP_INTEGRITY_FAILURE	PROP_INTEGRITY_FAILURE	const	2	1	__defines/properties.dm	Constants	kept	kept	n/a	n/a	none	no
PROP_INTEGRITY_RATIO	PROP_INTEGRITY_RATIO	const	2	1	__defines/properties.dm	Constants	kept	kept	n/a	n/a	none	no
PROP_MAX_HEAT_PROTECTION	PROP_MAX_HEAT_PROTECTION	const	2	1	__defines/properties.dm	Constants	kept	kept	n/a	n/a	none	no
PROP_SOURCE_EQUIPMENT	PROP_SOURCE_EQUIPMENT	const	2	2	__defines/properties.dm	Constants	kept	kept	n/a	n/a	none	no
PROP_TEMPERATURE	PROP_TEMPERATURE	const	2	1	__defines/properties.dm	Constants	kept	kept	n/a	n/a	none	no
QDEL_HINT_FINDREFERENCE	QDEL_HINT_FINDREFERENCE	const	2	2	__defines/qdel.dm	Constants	kept	kept	n/a	n/a	none	no
QDEL_HINT_HARDDEL	QDEL_HINT_HARDDEL	const	2	2	__defines/qdel.dm	Constants	kept	kept	n/a	n/a	none	no
QDEL_HINT_IFFAIL_FINDREFERENCE	QDEL_HINT_IFFAIL_FINDREFERENCE	const	2	2	__defines/qdel.dm	Constants	kept	kept	n/a	n/a	none	no
QDEL_HINT_QUEUE	QDEL_HINT_QUEUE	const	2	2	__defines/qdel.dm	Constants	kept	kept	n/a	n/a	none	no
QDEL_ITEM_ADMINS_WARNED	QDEL_ITEM_ADMINS_WARNED	const	2	1	__defines/qdel.dm	Constants	kept	kept	n/a	n/a	none	no
RCON_NO	RCON_NO	const	2	1	__defines/machinery.dm	Constants	kept	kept	n/a	n/a	none	no
REGISTRY_BLOB_CORES	REGISTRY_BLOB_CORES	const	2	2	__defines/registries.dm	Constants	kept	kept	n/a	n/a	none	no
REGISTRY_BLOB_NODES	REGISTRY_BLOB_NODES	const	2	2	__defines/registries.dm	Constants	kept	kept	n/a	n/a	none	no
REGISTRY_CATALOGUERS	REGISTRY_CATALOGUERS	const	2	2	__defines/registries.dm	Constants	kept	kept	n/a	n/a	none	no
REGISTRY_MAP_REPORTS	REGISTRY_MAP_REPORTS	const	2	2	__defines/registries.dm	Constants	kept	kept	n/a	n/a	none	no
REGISTRY_NARSIE	REGISTRY_NARSIE	const	2	2	__defines/registries.dm	Constants	kept	kept	n/a	n/a	none	no
REGISTRY_OVERMINDS	REGISTRY_OVERMINDS	const	2	2	__defines/registries.dm	Constants	kept	kept	n/a	n/a	none	no
REGISTRY_TURBINES	REGISTRY_TURBINES	const	2	2	__defines/registries.dm	Constants	kept	kept	n/a	n/a	none	no
REGISTRY_WAYPOINTS	REGISTRY_WAYPOINTS	const	2	2	__defines/registries.dm	Constants	kept	kept	n/a	n/a	none	no
RELK_PAIRED	RELK_PAIRED	const	2	2	__defines/reactions.dm	Constants	replaced	owns_one / owns_many (owned), link() (paired), ref_one / ref_many (reference)	1 (E1)	3	codemod	no
REQ_NOT_SELF	REQ_NOT_SELF	const	2	2	__defines/predicates.dm	Constants	replaced	requirement constructors (req_conscious(), req_capable(), req_tag(), ...)	2	3	codemod	no
REQ_ON_TURF	REQ_ON_TURF	const	2	2	__defines/abilities.dm	Constants	replaced	requirement constructors (req_conscious(), req_capable(), req_tag(), ...)	2	3	codemod	no
SC_INTERN	SC_INTERN	const	2	1	__defines/shared_cache.dm	Constants	kept	kept	n/a	n/a	none	no
SFX_ARCADE_BOOM	SFX_ARCADE_BOOM	const	2	2	__defines/sfx.dm	Constants	kept	kept	n/a	n/a	none	no
SFX_ARCADE_KILL_CREW	SFX_ARCADE_KILL_CREW	const	2	2	__defines/sfx.dm	Constants	kept	kept	n/a	n/a	none	no
SFX_ARCADE_LOSE_FUEL	SFX_ARCADE_LOSE_FUEL	const	2	2	__defines/sfx.dm	Constants	kept	kept	n/a	n/a	none	no
SFX_ARCADE_ORI_BEGIN	SFX_ARCADE_ORI_BEGIN	const	2	2	__defines/sfx.dm	Constants	kept	kept	n/a	n/a	none	no
SFX_ARCADE_RAID	SFX_ARCADE_RAID	const	2	2	__defines/sfx.dm	Constants	kept	kept	n/a	n/a	none	no
SFX_BELCHES	SFX_BELCHES	const	2	2	__defines/sfx.dm	Constants	kept	kept	n/a	n/a	none	no
SFX_BULLET_MISS	SFX_BULLET_MISS	const	2	2	__defines/sfx.dm	Constants	kept	kept	n/a	n/a	none	no
SFX_BUREAUCRACY_FILINGCABINET	SFX_BUREAUCRACY_FILINGCABINET	const	2	2	__defines/sfx.dm	Constants	kept	kept	n/a	n/a	none	no
SFX_BUREAUCRACY_PAPERBURN	SFX_BUREAUCRACY_PAPERBURN	const	2	2	__defines/sfx.dm	Constants	kept	kept	n/a	n/a	none	no
SFX_CANOPEN	SFX_CANOPEN	const	2	2	__defines/sfx.dm	Constants	kept	kept	n/a	n/a	none	no
SFX_CLASSIC_STRUGGLE_SOUNDS	SFX_CLASSIC_STRUGGLE_SOUNDS	const	2	2	__defines/sfx.dm	Constants	kept	kept	n/a	n/a	none	no
SFX_EFFECTS_3	SFX_EFFECTS_3	const	2	2	__defines/sfx.dm	Constants	kept	kept	n/a	n/a	none	no
SFX_EFFECTS_ADMINHELP	SFX_EFFECTS_ADMINHELP	const	2	2	__defines/sfx.dm	Constants	kept	kept	n/a	n/a	none	no
SFX_EFFECTS_ALERT	SFX_EFFECTS_ALERT	const	2	2	__defines/sfx.dm	Constants	kept	kept	n/a	n/a	none	no
SFX_EFFECTS_BAMF	SFX_EFFECTS_BAMF	const	2	2	__defines/sfx.dm	Constants	kept	kept	n/a	n/a	none	no
SFX_EFFECTS_BLIND	SFX_EFFECTS_BLIND	const	2	2	__defines/sfx.dm	Constants	kept	kept	n/a	n/a	none	no
SFX_EFFECTS_BODYFALL1	SFX_EFFECTS_BODYFALL1	const	2	2	__defines/sfx.dm	Constants	kept	kept	n/a	n/a	none	no
SFX_EFFECTS_BODYFALL4	SFX_EFFECTS_BODYFALL4	const	2	2	__defines/sfx.dm	Constants	kept	kept	n/a	n/a	none	no
SFX_EFFECTS_BUBBLES2	SFX_EFFECTS_BUBBLES2	const	2	2	__defines/sfx.dm	Constants	kept	kept	n/a	n/a	none	no
SFX_EFFECTS_CAPTURE_CRYSTAL_IN	SFX_EFFECTS_CAPTURE_CRYSTAL_IN	const	2	2	__defines/sfx.dm	Constants	kept	kept	n/a	n/a	none	no
SFX_EFFECTS_CARREV	SFX_EFFECTS_CARREV	const	2	2	__defines/sfx.dm	Constants	kept	kept	n/a	n/a	none	no
SFX_EFFECTS_CLOSET_CLOSE	SFX_EFFECTS_CLOSET_CLOSE	const	2	2	__defines/sfx.dm	Constants	kept	kept	n/a	n/a	none	no
SFX_EFFECTS_CLOSET_OPEN	SFX_EFFECTS_CLOSET_OPEN	const	2	2	__defines/sfx.dm	Constants	kept	kept	n/a	n/a	none	no
SFX_EFFECTS_CLOWNSTEP2	SFX_EFFECTS_CLOWNSTEP2	const	2	2	__defines/sfx.dm	Constants	kept	kept	n/a	n/a	none	no
SFX_EFFECTS_COMP_ALERT_MINOR	SFX_EFFECTS_COMP_ALERT_MINOR	const	2	2	__defines/sfx.dm	Constants	kept	kept	n/a	n/a	none	no
SFX_EFFECTS_CONTACTOR_OFF	SFX_EFFECTS_CONTACTOR_OFF	const	2	2	__defines/sfx.dm	Constants	kept	kept	n/a	n/a	none	no
SFX_EFFECTS_CONTACTOR_ON	SFX_EFFECTS_CONTACTOR_ON	const	2	2	__defines/sfx.dm	Constants	kept	kept	n/a	n/a	none	no
SFX_EFFECTS_CRATE_CLOSE	SFX_EFFECTS_CRATE_CLOSE	const	2	2	__defines/sfx.dm	Constants	kept	kept	n/a	n/a	none	no
SFX_EFFECTS_CRATE_OPEN	SFX_EFFECTS_CRATE_OPEN	const	2	2	__defines/sfx.dm	Constants	kept	kept	n/a	n/a	none	no
SFX_EFFECTS_DESKBELL_RUDE	SFX_EFFECTS_DESKBELL_RUDE	const	2	2	__defines/sfx.dm	Constants	kept	kept	n/a	n/a	none	no
SFX_EFFECTS_DICEROLL_ROBOTIC	SFX_EFFECTS_DICEROLL_ROBOTIC	const	2	2	__defines/sfx.dm	Constants	kept	kept	n/a	n/a	none	no
SFX_EFFECTS_DOORCREAKY	SFX_EFFECTS_DOORCREAKY	const	2	2	__defines/sfx.dm	Constants	kept	kept	n/a	n/a	none	no
SFX_EFFECTS_DROPPOD	SFX_EFFECTS_DROPPOD	const	2	2	__defines/sfx.dm	Constants	kept	kept	n/a	n/a	none	no
SFX_EFFECTS_EAR_RING_EAR_DEAF_IN	SFX_EFFECTS_EAR_RING_EAR_DEAF_IN	const	2	2	__defines/sfx.dm	Constants	kept	kept	n/a	n/a	none	no
SFX_EFFECTS_EXPLOSION	SFX_EFFECTS_EXPLOSION	const	2	2	__defines/sfx.dm	Constants	kept	kept	n/a	n/a	none	no
SFX_EFFECTS_EXPLOSION1	SFX_EFFECTS_EXPLOSION1	const	2	2	__defines/sfx.dm	Constants	kept	kept	n/a	n/a	none	no
SFX_EFFECTS_EXPLOSIONS_VEHICLEEXPLOSION	SFX_EFFECTS_EXPLOSIONS_VEHICLEEXPLOSION	const	2	2	__defines/sfx.dm	Constants	kept	kept	n/a	n/a	none	no
SFX_EFFECTS_FINGERSNAP	SFX_EFFECTS_FINGERSNAP	const	2	2	__defines/sfx.dm	Constants	kept	kept	n/a	n/a	none	no
SFX_EFFECTS_FOOTSTEP_CATWALK	SFX_EFFECTS_FOOTSTEP_CATWALK	const	2	2	__defines/sfx.dm	Constants	kept	kept	n/a	n/a	none	no
SFX_EFFECTS_FOOTSTEP_FLOOR1	SFX_EFFECTS_FOOTSTEP_FLOOR1	const	2	2	__defines/sfx.dm	Constants	kept	kept	n/a	n/a	none	no
SFX_EFFECTS_GHOST_MIX	SFX_EFFECTS_GHOST_MIX	const	2	2	__defines/sfx.dm	Constants	kept	kept	n/a	n/a	none	no
SFX_EFFECTS_GLASSBR2	SFX_EFFECTS_GLASSBR2	const	2	2	__defines/sfx.dm	Constants	kept	kept	n/a	n/a	none	no
SFX_EFFECTS_LIGHTON	SFX_EFFECTS_LIGHTON	const	2	2	__defines/sfx.dm	Constants	kept	kept	n/a	n/a	none	no
SFX_EFFECTS_LOCKER_CLOSE	SFX_EFFECTS_LOCKER_CLOSE	const	2	2	__defines/sfx.dm	Constants	kept	kept	n/a	n/a	none	no
SFX_EFFECTS_LOCKER_OPEN	SFX_EFFECTS_LOCKER_OPEN	const	2	2	__defines/sfx.dm	Constants	kept	kept	n/a	n/a	none	no
SFX_EFFECTS_MONOLITH_DEATH	SFX_EFFECTS_MONOLITH_DEATH	const	2	2	__defines/sfx.dm	Constants	kept	kept	n/a	n/a	none	no
SFX_EFFECTS_PACKAGEDFOODOPEN	SFX_EFFECTS_PACKAGEDFOODOPEN	const	2	2	__defines/sfx.dm	Constants	kept	kept	n/a	n/a	none	no
SFX_EFFECTS_PAI_RESTORE	SFX_EFFECTS_PAI_RESTORE	const	2	2	__defines/sfx.dm	Constants	kept	kept	n/a	n/a	none	no
SFX_EFFECTS_PLOP	SFX_EFFECTS_PLOP	const	2	2	__defines/sfx.dm	Constants	kept	kept	n/a	n/a	none	no
SFX_EFFECTS_PORTAL_EFFECT	SFX_EFFECTS_PORTAL_EFFECT	const	2	2	__defines/sfx.dm	Constants	kept	kept	n/a	n/a	none	no
SFX_EFFECTS_RIP_MIX_2	SFX_EFFECTS_RIP_MIX_2	const	2	2	__defines/sfx.dm	Constants	kept	kept	n/a	n/a	none	no
SFX_EFFECTS_RUSTLE2	SFX_EFFECTS_RUSTLE2	const	2	2	__defines/sfx.dm	Constants	kept	kept	n/a	n/a	none	no
SFX_EFFECTS_RUSTLE3	SFX_EFFECTS_RUSTLE3	const	2	2	__defines/sfx.dm	Constants	kept	kept	n/a	n/a	none	no
SFX_EFFECTS_RUSTLE4	SFX_EFFECTS_RUSTLE4	const	2	2	__defines/sfx.dm	Constants	kept	kept	n/a	n/a	none	no
SFX_EFFECTS_SCREECH	SFX_EFFECTS_SCREECH	const	2	2	__defines/sfx.dm	Constants	kept	kept	n/a	n/a	none	no
SFX_EFFECTS_SHUTTLES_HYPERSPACE_BEGIN	SFX_EFFECTS_SHUTTLES_HYPERSPACE_BEGIN	const	2	2	__defines/sfx.dm	Constants	kept	kept	n/a	n/a	none	no
SFX_EFFECTS_SHUTTLES_HYPERSPACE_END	SFX_EFFECTS_SHUTTLES_HYPERSPACE_END	const	2	2	__defines/sfx.dm	Constants	kept	kept	n/a	n/a	none	no
SFX_EFFECTS_SHUTTLES_HYPERSPACE_PROGRESS	SFX_EFFECTS_SHUTTLES_HYPERSPACE_PROGRESS	const	2	2	__defines/sfx.dm	Constants	kept	kept	n/a	n/a	none	no
SFX_EFFECTS_SINGLEBEAT	SFX_EFFECTS_SINGLEBEAT	const	2	2	__defines/sfx.dm	Constants	kept	kept	n/a	n/a	none	no
SFX_EFFECTS_SINK	SFX_EFFECTS_SINK	const	2	2	__defines/sfx.dm	Constants	kept	kept	n/a	n/a	none	no
SFX_EFFECTS_SINK_LONG	SFX_EFFECTS_SINK_LONG	const	2	2	__defines/sfx.dm	Constants	kept	kept	n/a	n/a	none	no
SFX_EFFECTS_SKELETON_WALK	SFX_EFFECTS_SKELETON_WALK	const	2	2	__defines/sfx.dm	Constants	kept	kept	n/a	n/a	none	no
SFX_EFFECTS_SMOKE_MIX	SFX_EFFECTS_SMOKE_MIX	const	2	2	__defines/sfx.dm	Constants	kept	kept	n/a	n/a	none	no
SFX_EFFECTS_SNORT	SFX_EFFECTS_SNORT	const	2	2	__defines/sfx.dm	Constants	kept	kept	n/a	n/a	none	no
SFX_EFFECTS_SPARKS3	SFX_EFFECTS_SPARKS3	const	2	2	__defines/sfx.dm	Constants	kept	kept	n/a	n/a	none	no
SFX_EFFECTS_SPARKS6	SFX_EFFECTS_SPARKS6	const	2	2	__defines/sfx.dm	Constants	kept	kept	n/a	n/a	none	no
SFX_EFFECTS_SPIDER_LOOP	SFX_EFFECTS_SPIDER_LOOP	const	2	2	__defines/sfx.dm	Constants	kept	kept	n/a	n/a	none	no
SFX_EFFECTS_SPRAY_MIX	SFX_EFFECTS_SPRAY_MIX	const	2	2	__defines/sfx.dm	Constants	kept	kept	n/a	n/a	none	no
SFX_EFFECTS_TABLEHEADSMASH	SFX_EFFECTS_TABLEHEADSMASH	const	2	2	__defines/sfx.dm	Constants	kept	kept	n/a	n/a	none	no
SFX_EFFECTS_TINCANOPEN	SFX_EFFECTS_TINCANOPEN	const	2	2	__defines/sfx.dm	Constants	kept	kept	n/a	n/a	none	no
SFX_EFFECTS_TURRET_MOVE2	SFX_EFFECTS_TURRET_MOVE2	const	2	2	__defines/sfx.dm	Constants	kept	kept	n/a	n/a	none	no
SFX_EFFECTS_VEHICLE_ENGINE_OFF	SFX_EFFECTS_VEHICLE_ENGINE_OFF	const	2	2	__defines/sfx.dm	Constants	kept	kept	n/a	n/a	none	no
SFX_EFFECTS_VEHICLE_IGNITION_CAR	SFX_EFFECTS_VEHICLE_IGNITION_CAR	const	2	2	__defines/sfx.dm	Constants	kept	kept	n/a	n/a	none	no
SFX_EFFECTS_WARBLE	SFX_EFFECTS_WARBLE	const	2	2	__defines/sfx.dm	Constants	kept	kept	n/a	n/a	none	no
SFX_EFFECTS_WEATHER_RAIN_START_RAIN	SFX_EFFECTS_WEATHER_RAIN_START_RAIN	const	2	2	__defines/sfx.dm	Constants	kept	kept	n/a	n/a	none	no
SFX_EFFECTS_WEATHER_STORM_STORM_START_MIX	SFX_EFFECTS_WEATHER_STORM_STORM_START_MIX	const	2	2	__defines/sfx.dm	Constants	kept	kept	n/a	n/a	none	no
SFX_EFFECTS_WEATHER_WIND_WIND_START	SFX_EFFECTS_WEATHER_WIND_WIND_START	const	2	2	__defines/sfx.dm	Constants	kept	kept	n/a	n/a	none	no
SFX_EFFECTS_WEIGHTDROP	SFX_EFFECTS_WEIGHTDROP	const	2	2	__defines/sfx.dm	Constants	kept	kept	n/a	n/a	none	no
SFX_EFFECTS_WEIGHTLIFTER	SFX_EFFECTS_WEIGHTLIFTER	const	2	2	__defines/sfx.dm	Constants	kept	kept	n/a	n/a	none	no
SFX_EFFECTS_WHIPCRACK	SFX_EFFECTS_WHIPCRACK	const	2	2	__defines/sfx.dm	Constants	kept	kept	n/a	n/a	none	no
SFX_EFFECTS_XYLOPHONE_MIX	SFX_EFFECTS_XYLOPHONE_MIX	const	2	2	__defines/sfx.dm	Constants	kept	kept	n/a	n/a	none	no
SFX_EFFECTS_ZZZT	SFX_EFFECTS_ZZZT	const	2	2	__defines/sfx.dm	Constants	kept	kept	n/a	n/a	none	no
SFX_FANCY_DEATH_PRED	SFX_FANCY_DEATH_PRED	const	2	2	__defines/sfx.dm	Constants	kept	kept	n/a	n/a	none	no
SFX_FANCY_DIGEST_PRED	SFX_FANCY_DIGEST_PRED	const	2	2	__defines/sfx.dm	Constants	kept	kept	n/a	n/a	none	no
SFX_FANCY_DIGEST_PREY	SFX_FANCY_DIGEST_PREY	const	2	2	__defines/sfx.dm	Constants	kept	kept	n/a	n/a	none	no
SFX_FANCY_PREY_STRUGGLE	SFX_FANCY_PREY_STRUGGLE	const	2	2	__defines/sfx.dm	Constants	kept	kept	n/a	n/a	none	no
SFX_GOONSTATION_SPOOKY_CREEPYSHRIEK	SFX_GOONSTATION_SPOOKY_CREEPYSHRIEK	const	2	2	__defines/sfx.dm	Constants	kept	kept	n/a	n/a	none	no
SFX_HALLUCINATIONS_GROWL1	SFX_HALLUCINATIONS_GROWL1	const	2	2	__defines/sfx.dm	Constants	kept	kept	n/a	n/a	none	no
SFX_HALLUCINATIONS_GROWL_MIX	SFX_HALLUCINATIONS_GROWL_MIX	const	2	2	__defines/sfx.dm	Constants	kept	kept	n/a	n/a	none	no
SFX_HALLUCINATIONS_VOICES	SFX_HALLUCINATIONS_VOICES	const	2	2	__defines/sfx.dm	Constants	kept	kept	n/a	n/a	none	no
SFX_HISS	SFX_HISS	const	2	2	__defines/sfx.dm	Constants	kept	kept	n/a	n/a	none	no
SFX_HUNGER_SOUNDS	SFX_HUNGER_SOUNDS	const	2	2	__defines/sfx.dm	Constants	kept	kept	n/a	n/a	none	no
SFX_H_SOUNDS_BREATHING	SFX_H_SOUNDS_BREATHING	const	2	2	__defines/sfx.dm	Constants	kept	kept	n/a	n/a	none	no
SFX_H_SOUNDS_HEADCRAB	SFX_H_SOUNDS_HEADCRAB	const	2	2	__defines/sfx.dm	Constants	kept	kept	n/a	n/a	none	no
SFX_H_SOUNDS_HEADCRAB_2	SFX_H_SOUNDS_HEADCRAB_2	const	2	2	__defines/sfx.dm	Constants	kept	kept	n/a	n/a	none	no
SFX_H_SOUNDS_IMBECILES	SFX_H_SOUNDS_IMBECILES	const	2	2	__defines/sfx.dm	Constants	kept	kept	n/a	n/a	none	no
SFX_ITEMS_BUTTON_CLOSE	SFX_ITEMS_BUTTON_CLOSE	const	2	2	__defines/sfx.dm	Constants	kept	kept	n/a	n/a	none	no
SFX_ITEMS_BUTTON_OPEN	SFX_ITEMS_BUTTON_OPEN	const	2	2	__defines/sfx.dm	Constants	kept	kept	n/a	n/a	none	no
SFX_ITEMS_CIGS_LIGHTERS_INHALE	SFX_ITEMS_CIGS_LIGHTERS_INHALE	const	2	2	__defines/sfx.dm	Constants	kept	kept	n/a	n/a	none	no
SFX_ITEMS_CIGS_LIGHTERS_MATCHSTICK_HIT	SFX_ITEMS_CIGS_LIGHTERS_MATCHSTICK_HIT	const	2	2	__defines/sfx.dm	Constants	kept	kept	n/a	n/a	none	no
SFX_ITEMS_CIGS_LIGHTERS_MATCHSTICK_LIT	SFX_ITEMS_CIGS_LIGHTERS_MATCHSTICK_LIT	const	2	2	__defines/sfx.dm	Constants	kept	kept	n/a	n/a	none	no
SFX_ITEMS_DRILL_USE	SFX_ITEMS_DRILL_USE	const	2	2	__defines/sfx.dm	Constants	kept	kept	n/a	n/a	none	no
SFX_ITEMS_DROP_BOOK	SFX_ITEMS_DROP_BOOK	const	2	2	__defines/sfx.dm	Constants	kept	kept	n/a	n/a	none	no
SFX_ITEMS_DROP_DRINKGLASS	SFX_ITEMS_DROP_DRINKGLASS	const	2	2	__defines/sfx.dm	Constants	kept	kept	n/a	n/a	none	no
SFX_ITEMS_DROP_METALSHIELD	SFX_ITEMS_DROP_METALSHIELD	const	2	2	__defines/sfx.dm	Constants	kept	kept	n/a	n/a	none	no
SFX_ITEMS_DROP_MULTITOOL	SFX_ITEMS_DROP_MULTITOOL	const	2	2	__defines/sfx.dm	Constants	kept	kept	n/a	n/a	none	no
SFX_ITEMS_DROP_PILLBOTTLE	SFX_ITEMS_DROP_PILLBOTTLE	const	2	2	__defines/sfx.dm	Constants	kept	kept	n/a	n/a	none	no
SFX_ITEMS_DROP_SCREWDRIVER	SFX_ITEMS_DROP_SCREWDRIVER	const	2	2	__defines/sfx.dm	Constants	kept	kept	n/a	n/a	none	no
SFX_ITEMS_DROP_TOOLBELT	SFX_ITEMS_DROP_TOOLBELT	const	2	2	__defines/sfx.dm	Constants	kept	kept	n/a	n/a	none	no
SFX_ITEMS_DROP_WIRECUTTER	SFX_ITEMS_DROP_WIRECUTTER	const	2	2	__defines/sfx.dm	Constants	kept	kept	n/a	n/a	none	no
SFX_ITEMS_DROP_WRENCH	SFX_ITEMS_DROP_WRENCH	const	2	2	__defines/sfx.dm	Constants	kept	kept	n/a	n/a	none	no
SFX_ITEMS_FULTEXT_LAUNCH	SFX_ITEMS_FULTEXT_LAUNCH	const	2	2	__defines/sfx.dm	Constants	kept	kept	n/a	n/a	none	no
SFX_ITEMS_GEIGER_HIGH1	SFX_ITEMS_GEIGER_HIGH1	const	2	2	__defines/sfx.dm	Constants	kept	kept	n/a	n/a	none	no
SFX_ITEMS_HOLSTERIN	SFX_ITEMS_HOLSTERIN	const	2	2	__defines/sfx.dm	Constants	kept	kept	n/a	n/a	none	no
SFX_ITEMS_HOLSTEROUT	SFX_ITEMS_HOLSTEROUT	const	2	2	__defines/sfx.dm	Constants	kept	kept	n/a	n/a	none	no
SFX_ITEMS_LIGHTER_OFF	SFX_ITEMS_LIGHTER_OFF	const	2	2	__defines/sfx.dm	Constants	kept	kept	n/a	n/a	none	no
SFX_ITEMS_LIGHTER_ON	SFX_ITEMS_LIGHTER_ON	const	2	2	__defines/sfx.dm	Constants	kept	kept	n/a	n/a	none	no
SFX_ITEMS_MAIL_MAILAPPROVED	SFX_ITEMS_MAIL_MAILAPPROVED	const	2	2	__defines/sfx.dm	Constants	kept	kept	n/a	n/a	none	no
SFX_ITEMS_MAIL_MAILSCANNED	SFX_ITEMS_MAIL_MAILSCANNED	const	2	2	__defines/sfx.dm	Constants	kept	kept	n/a	n/a	none	no
SFX_ITEMS_NIF_CLICK	SFX_ITEMS_NIF_CLICK	const	2	2	__defines/sfx.dm	Constants	kept	kept	n/a	n/a	none	no
SFX_ITEMS_NIF_TONE_BAD	SFX_ITEMS_NIF_TONE_BAD	const	2	2	__defines/sfx.dm	Constants	kept	kept	n/a	n/a	none	no
SFX_ITEMS_NIF_TONE_GOOD	SFX_ITEMS_NIF_TONE_GOOD	const	2	2	__defines/sfx.dm	Constants	kept	kept	n/a	n/a	none	no
SFX_ITEMS_PICKUP_BASKETBALL	SFX_ITEMS_PICKUP_BASKETBALL	const	2	2	__defines/sfx.dm	Constants	kept	kept	n/a	n/a	none	no
SFX_ITEMS_PICKUP_BOOK	SFX_ITEMS_PICKUP_BOOK	const	2	2	__defines/sfx.dm	Constants	kept	kept	n/a	n/a	none	no
SFX_ITEMS_PICKUP_MULTITOOL	SFX_ITEMS_PICKUP_MULTITOOL	const	2	2	__defines/sfx.dm	Constants	kept	kept	n/a	n/a	none	no
SFX_ITEMS_PICKUP_SCREWDRIVER	SFX_ITEMS_PICKUP_SCREWDRIVER	const	2	2	__defines/sfx.dm	Constants	kept	kept	n/a	n/a	none	no
SFX_ITEMS_PICKUP_SHOES	SFX_ITEMS_PICKUP_SHOES	const	2	2	__defines/sfx.dm	Constants	kept	kept	n/a	n/a	none	no
SFX_ITEMS_PICKUP_SHOVEL	SFX_ITEMS_PICKUP_SHOVEL	const	2	2	__defines/sfx.dm	Constants	kept	kept	n/a	n/a	none	no
SFX_ITEMS_PICKUP_TOOLBELT	SFX_ITEMS_PICKUP_TOOLBELT	const	2	2	__defines/sfx.dm	Constants	kept	kept	n/a	n/a	none	no
SFX_ITEMS_PICKUP_WIRECUTTER	SFX_ITEMS_PICKUP_WIRECUTTER	const	2	2	__defines/sfx.dm	Constants	kept	kept	n/a	n/a	none	no
SFX_ITEMS_PICKUP_WOODWEAPON	SFX_ITEMS_PICKUP_WOODWEAPON	const	2	2	__defines/sfx.dm	Constants	kept	kept	n/a	n/a	none	no
SFX_ITEMS_PICKUP_WRENCH	SFX_ITEMS_PICKUP_WRENCH	const	2	2	__defines/sfx.dm	Constants	kept	kept	n/a	n/a	none	no
SFX_ITEMS_POLAROID	SFX_ITEMS_POLAROID	const	2	2	__defines/sfx.dm	Constants	kept	kept	n/a	n/a	none	no
SFX_ITEMS_PSHRED	SFX_ITEMS_PSHRED	const	2	2	__defines/sfx.dm	Constants	kept	kept	n/a	n/a	none	no
SFX_ITEMS_SALVAGE_SALVAGEDROP	SFX_ITEMS_SALVAGE_SALVAGEDROP	const	2	2	__defines/sfx.dm	Constants	kept	kept	n/a	n/a	none	no
SFX_ITEMS_SALVAGE_SALVAGEPICKUP	SFX_ITEMS_SALVAGE_SALVAGEPICKUP	const	2	2	__defines/sfx.dm	Constants	kept	kept	n/a	n/a	none	no
SFX_ITEMS_SMALL_MOTOR_MOTOR_PULL_ATTEMPT	SFX_ITEMS_SMALL_MOTOR_MOTOR_PULL_ATTEMPT	const	2	2	__defines/sfx.dm	Constants	kept	kept	n/a	n/a	none	no
SFX_ITEMS_SMALL_MOTOR_MOTOR_START_NOPULL	SFX_ITEMS_SMALL_MOTOR_MOTOR_START_NOPULL	const	2	2	__defines/sfx.dm	Constants	kept	kept	n/a	n/a	none	no
SFX_ITEMS_SMOLEBUILDINGDESTORYED	SFX_ITEMS_SMOLEBUILDINGDESTORYED	const	2	2	__defines/sfx.dm	Constants	kept	kept	n/a	n/a	none	no
SFX_ITEMS_SMOLEBUILDINGHIT2	SFX_ITEMS_SMOLEBUILDINGHIT2	const	2	2	__defines/sfx.dm	Constants	kept	kept	n/a	n/a	none	no
SFX_ITEMS_SMOLELARGEUNBUILD	SFX_ITEMS_SMOLELARGEUNBUILD	const	2	2	__defines/sfx.dm	Constants	kept	kept	n/a	n/a	none	no
SFX_ITEMS_SONIC_DRIVER	SFX_ITEMS_SONIC_DRIVER	const	2	2	__defines/sfx.dm	Constants	kept	kept	n/a	n/a	none	no
SFX_ITEMS_STORAGE_BOXFOLD	SFX_ITEMS_STORAGE_BOXFOLD	const	2	2	__defines/sfx.dm	Constants	kept	kept	n/a	n/a	none	no
SFX_ITEMS_STORAGE_SMOLECASE	SFX_ITEMS_STORAGE_SMOLECASE	const	2	2	__defines/sfx.dm	Constants	kept	kept	n/a	n/a	none	no
SFX_ITEMS_TAPERECORDER_PICKUP	SFX_ITEMS_TAPERECORDER_PICKUP	const	2	2	__defines/sfx.dm	Constants	kept	kept	n/a	n/a	none	no
SFX_ITEMS_TIMER	SFX_ITEMS_TIMER	const	2	2	__defines/sfx.dm	Constants	kept	kept	n/a	n/a	none	no
SFX_ITEMS_TOOLS_WELDER	SFX_ITEMS_TOOLS_WELDER	const	2	2	__defines/sfx.dm	Constants	kept	kept	n/a	n/a	none	no
SFX_ITEMS_TRAYHIT_MIX	SFX_ITEMS_TRAYHIT_MIX	const	2	2	__defines/sfx.dm	Constants	kept	kept	n/a	n/a	none	no
SFX_ITEMS_WASHINGMACHINE	SFX_ITEMS_WASHINGMACHINE	const	2	2	__defines/sfx.dm	Constants	kept	kept	n/a	n/a	none	no
SFX_ITEMS_WEAPONS_SMASH	SFX_ITEMS_WEAPONS_SMASH	const	2	2	__defines/sfx.dm	Constants	kept	kept	n/a	n/a	none	no
SFX_ITEMS_WEAPONS_TAP	SFX_ITEMS_WEAPONS_TAP	const	2	2	__defines/sfx.dm	Constants	kept	kept	n/a	n/a	none	no
SFX_ITEMS_ZIPPO_ON	SFX_ITEMS_ZIPPO_ON	const	2	2	__defines/sfx.dm	Constants	kept	kept	n/a	n/a	none	no
SFX_MACHINES_2BEEPHIGH	SFX_MACHINES_2BEEPHIGH	const	2	2	__defines/sfx.dm	Constants	kept	kept	n/a	n/a	none	no
SFX_MACHINES_2BEEPLOW	SFX_MACHINES_2BEEPLOW	const	2	2	__defines/sfx.dm	Constants	kept	kept	n/a	n/a	none	no
SFX_MACHINES_AIRPUMPIDLE	SFX_MACHINES_AIRPUMPIDLE	const	2	2	__defines/sfx.dm	Constants	kept	kept	n/a	n/a	none	no
SFX_MACHINES_AIR_PUMP_AIRPUMPSHUTDOWN	SFX_MACHINES_AIR_PUMP_AIRPUMPSHUTDOWN	const	2	2	__defines/sfx.dm	Constants	kept	kept	n/a	n/a	none	no
SFX_MACHINES_ALARM	SFX_MACHINES_ALARM	const	2	2	__defines/sfx.dm	Constants	kept	kept	n/a	n/a	none	no
SFX_MACHINES_APC_NOPOWER	SFX_MACHINES_APC_NOPOWER	const	2	2	__defines/sfx.dm	Constants	kept	kept	n/a	n/a	none	no
SFX_MACHINES_CLOCKCULT_STEAM_WHOOSH	SFX_MACHINES_CLOCKCULT_STEAM_WHOOSH	const	2	2	__defines/sfx.dm	Constants	kept	kept	n/a	n/a	none	no
SFX_MACHINES_CONSOLE_POWER_ON	SFX_MACHINES_CONSOLE_POWER_ON	const	2	2	__defines/sfx.dm	Constants	kept	kept	n/a	n/a	none	no
SFX_MACHINES_DESTRUCTIVE_ANALYZER	SFX_MACHINES_DESTRUCTIVE_ANALYZER	const	2	2	__defines/sfx.dm	Constants	kept	kept	n/a	n/a	none	no
SFX_MACHINES_DISPERSER_FIRE	SFX_MACHINES_DISPERSER_FIRE	const	2	2	__defines/sfx.dm	Constants	kept	kept	n/a	n/a	none	no
SFX_MACHINES_DISPOSALFLUSH	SFX_MACHINES_DISPOSALFLUSH	const	2	2	__defines/sfx.dm	Constants	kept	kept	n/a	n/a	none	no
SFX_MACHINES_DOORBELL	SFX_MACHINES_DOORBELL	const	2	2	__defines/sfx.dm	Constants	kept	kept	n/a	n/a	none	no
SFX_MACHINES_DOOR_AIRLOCK_TEAR_APART	SFX_MACHINES_DOOR_AIRLOCK_TEAR_APART	const	2	2	__defines/sfx.dm	Constants	kept	kept	n/a	n/a	none	no
SFX_MACHINES_DOOR_BLASTDOORCLOSE	SFX_MACHINES_DOOR_BLASTDOORCLOSE	const	2	2	__defines/sfx.dm	Constants	kept	kept	n/a	n/a	none	no
SFX_MACHINES_DOOR_BLASTDOOROPEN	SFX_MACHINES_DOOR_BLASTDOOROPEN	const	2	2	__defines/sfx.dm	Constants	kept	kept	n/a	n/a	none	no
SFX_MACHINES_DOOR_BOLTSDOWN	SFX_MACHINES_DOOR_BOLTSDOWN	const	2	2	__defines/sfx.dm	Constants	kept	kept	n/a	n/a	none	no
SFX_MACHINES_DOOR_BOLTSUP	SFX_MACHINES_DOOR_BOLTSUP	const	2	2	__defines/sfx.dm	Constants	kept	kept	n/a	n/a	none	no
SFX_MACHINES_DOOR_LOCKED	SFX_MACHINES_DOOR_LOCKED	const	2	2	__defines/sfx.dm	Constants	kept	kept	n/a	n/a	none	no
SFX_MACHINES_DOOR_OLD_AIRLOCK	SFX_MACHINES_DOOR_OLD_AIRLOCK	const	2	2	__defines/sfx.dm	Constants	kept	kept	n/a	n/a	none	no
SFX_MACHINES_DWOOP	SFX_MACHINES_DWOOP	const	2	2	__defines/sfx.dm	Constants	kept	kept	n/a	n/a	none	no
SFX_MACHINES_FIRELOCKCLOSE	SFX_MACHINES_FIRELOCKCLOSE	const	2	2	__defines/sfx.dm	Constants	kept	kept	n/a	n/a	none	no
SFX_MACHINES_FIRELOCKOPEN	SFX_MACHINES_FIRELOCKOPEN	const	2	2	__defines/sfx.dm	Constants	kept	kept	n/a	n/a	none	no
SFX_MACHINES_GENERATOR_GENERATOR_END	SFX_MACHINES_GENERATOR_GENERATOR_END	const	2	2	__defines/sfx.dm	Constants	kept	kept	n/a	n/a	none	no
SFX_MACHINES_GENERATOR_GENERATOR_START	SFX_MACHINES_GENERATOR_GENERATOR_START	const	2	2	__defines/sfx.dm	Constants	kept	kept	n/a	n/a	none	no
SFX_MACHINES_HATCHCLOSE	SFX_MACHINES_HATCHCLOSE	const	2	2	__defines/sfx.dm	Constants	kept	kept	n/a	n/a	none	no
SFX_MACHINES_HONKBOT_EVIL_LAUGH	SFX_MACHINES_HONKBOT_EVIL_LAUGH	const	2	2	__defines/sfx.dm	Constants	kept	kept	n/a	n/a	none	no
SFX_MACHINES_HPLC_BINARY_PUMP	SFX_MACHINES_HPLC_BINARY_PUMP	const	2	2	__defines/sfx.dm	Constants	kept	kept	n/a	n/a	none	no
SFX_MACHINES_KITCHEN_CANDYMAKER_CANDYMAKER_MID1	SFX_MACHINES_KITCHEN_CANDYMAKER_CANDYMAKER_MID1	const	2	2	__defines/sfx.dm	Constants	kept	kept	n/a	n/a	none	no
SFX_MACHINES_KITCHEN_CANDYMAKER_CANDYMAKER_START	SFX_MACHINES_KITCHEN_CANDYMAKER_CANDYMAKER_START	const	2	2	__defines/sfx.dm	Constants	kept	kept	n/a	n/a	none	no
SFX_MACHINES_KITCHEN_CEREALMAKER_CEREALMAKER_START	SFX_MACHINES_KITCHEN_CEREALMAKER_CEREALMAKER_START	const	2	2	__defines/sfx.dm	Constants	kept	kept	n/a	n/a	none	no
SFX_MACHINES_KITCHEN_FRYER_DEEP_FRYER_IMMERSE	SFX_MACHINES_KITCHEN_FRYER_DEEP_FRYER_IMMERSE	const	2	2	__defines/sfx.dm	Constants	kept	kept	n/a	n/a	none	no
SFX_MACHINES_KITCHEN_GRILL_GRILL_START	SFX_MACHINES_KITCHEN_GRILL_GRILL_START	const	2	2	__defines/sfx.dm	Constants	kept	kept	n/a	n/a	none	no
SFX_MACHINES_KITCHEN_MICROWAVE_MICROWAVE_END	SFX_MACHINES_KITCHEN_MICROWAVE_MICROWAVE_END	const	2	2	__defines/sfx.dm	Constants	kept	kept	n/a	n/a	none	no
SFX_MACHINES_KITCHEN_MICROWAVE_MICROWAVE_MID2	SFX_MACHINES_KITCHEN_MICROWAVE_MICROWAVE_MID2	const	2	2	__defines/sfx.dm	Constants	kept	kept	n/a	n/a	none	no
SFX_MACHINES_KITCHEN_MICROWAVE_MICROWAVE_START	SFX_MACHINES_KITCHEN_MICROWAVE_MICROWAVE_START	const	2	2	__defines/sfx.dm	Constants	kept	kept	n/a	n/a	none	no
SFX_MACHINES_KITCHEN_MIXER_MIXER_START	SFX_MACHINES_KITCHEN_MIXER_MIXER_START	const	2	2	__defines/sfx.dm	Constants	kept	kept	n/a	n/a	none	no
SFX_MACHINES_KITCHEN_OVEN_OVEN_START	SFX_MACHINES_KITCHEN_OVEN_OVEN_START	const	2	2	__defines/sfx.dm	Constants	kept	kept	n/a	n/a	none	no
SFX_MACHINES_LOCKENABLE	SFX_MACHINES_LOCKENABLE	const	2	2	__defines/sfx.dm	Constants	kept	kept	n/a	n/a	none	no
SFX_MACHINES_PDA_CLICK	SFX_MACHINES_PDA_CLICK	const	2	2	__defines/sfx.dm	Constants	kept	kept	n/a	n/a	none	no
SFX_MACHINES_RIG_RIGDOWN	SFX_MACHINES_RIG_RIGDOWN	const	2	2	__defines/sfx.dm	Constants	kept	kept	n/a	n/a	none	no
SFX_MACHINES_RIG_RIGSTARTED	SFX_MACHINES_RIG_RIGSTARTED	const	2	2	__defines/sfx.dm	Constants	kept	kept	n/a	n/a	none	no
SFX_MACHINES_ROULETTE	SFX_MACHINES_ROULETTE	const	2	2	__defines/sfx.dm	Constants	kept	kept	n/a	n/a	none	no
SFX_MACHINES_SHIELD_HUM_SHIELD_GENERATOR_WHIR	SFX_MACHINES_SHIELD_HUM_SHIELD_GENERATOR_WHIR	const	2	2	__defines/sfx.dm	Constants	kept	kept	n/a	n/a	none	no
SFX_MACHINES_SHOWER_SHOWER_START	SFX_MACHINES_SHOWER_SHOWER_START	const	2	2	__defines/sfx.dm	Constants	kept	kept	n/a	n/a	none	no
SFX_MACHINES_SHUTDOWN	SFX_MACHINES_SHUTDOWN	const	2	2	__defines/sfx.dm	Constants	kept	kept	n/a	n/a	none	no
SFX_MACHINES_SYNTH_ALERT	SFX_MACHINES_SYNTH_ALERT	const	2	2	__defines/sfx.dm	Constants	kept	kept	n/a	n/a	none	no
SFX_MACHINES_TERMINAL_ALERT	SFX_MACHINES_TERMINAL_ALERT	const	2	2	__defines/sfx.dm	Constants	kept	kept	n/a	n/a	none	no
SFX_MACHINES_TERMINAL_PROMPT_CONFIRM	SFX_MACHINES_TERMINAL_PROMPT_CONFIRM	const	2	2	__defines/sfx.dm	Constants	kept	kept	n/a	n/a	none	no
SFX_MACHINES_THRUSTER	SFX_MACHINES_THRUSTER	const	2	2	__defines/sfx.dm	Constants	kept	kept	n/a	n/a	none	no
SFX_MACHINES_TURRETS_TURRET_DEPLOY	SFX_MACHINES_TURRETS_TURRET_DEPLOY	const	2	2	__defines/sfx.dm	Constants	kept	kept	n/a	n/a	none	no
SFX_MACHINES_TURRETS_TURRET_RETRACT	SFX_MACHINES_TURRETS_TURRET_RETRACT	const	2	2	__defines/sfx.dm	Constants	kept	kept	n/a	n/a	none	no
SFX_MACHINES_TURRETS_TURRET_ROTATE	SFX_MACHINES_TURRETS_TURRET_ROTATE	const	2	2	__defines/sfx.dm	Constants	kept	kept	n/a	n/a	none	no
SFX_MACHINES_VEHICLE_ENGINE_START	SFX_MACHINES_VEHICLE_ENGINE_START	const	2	2	__defines/sfx.dm	Constants	kept	kept	n/a	n/a	none	no
SFX_MECHA_BIGMECH_LSTEP	SFX_MECHA_BIGMECH_LSTEP	const	2	2	__defines/sfx.dm	Constants	kept	kept	n/a	n/a	none	no
SFX_MECHA_BIGMECH_LTURN	SFX_MECHA_BIGMECH_LTURN	const	2	2	__defines/sfx.dm	Constants	kept	kept	n/a	n/a	none	no
SFX_MECHA_BIGMECH_RSTEP	SFX_MECHA_BIGMECH_RSTEP	const	2	2	__defines/sfx.dm	Constants	kept	kept	n/a	n/a	none	no
SFX_MECHA_BIGMECH_RTURN	SFX_MECHA_BIGMECH_RTURN	const	2	2	__defines/sfx.dm	Constants	kept	kept	n/a	n/a	none	no
SFX_MECHA_DURANDDEFENCEMODE	SFX_MECHA_DURANDDEFENCEMODE	const	2	2	__defines/sfx.dm	Constants	kept	kept	n/a	n/a	none	no
SFX_MECHA_FIGHTER_ENGINE_MID_BOOST_01	SFX_MECHA_FIGHTER_ENGINE_MID_BOOST_01	const	2	2	__defines/sfx.dm	Constants	kept	kept	n/a	n/a	none	no
SFX_MECHA_FIGHTER_FIGHTER_COLLISION	SFX_MECHA_FIGHTER_FIGHTER_COLLISION	const	2	2	__defines/sfx.dm	Constants	kept	kept	n/a	n/a	none	no
SFX_MECHA_HYDRAULIC	SFX_MECHA_HYDRAULIC	const	2	2	__defines/sfx.dm	Constants	kept	kept	n/a	n/a	none	no
SFX_MECHA_MECHANICAL_TOGGLE	SFX_MECHA_MECHANICAL_TOGGLE	const	2	2	__defines/sfx.dm	Constants	kept	kept	n/a	n/a	none	no
SFX_MECHA_MECHDRILL	SFX_MECHA_MECHDRILL	const	2	2	__defines/sfx.dm	Constants	kept	kept	n/a	n/a	none	no
SFX_MECHA_MECHMOVE03	SFX_MECHA_MECHMOVE03	const	2	2	__defines/sfx.dm	Constants	kept	kept	n/a	n/a	none	no
SFX_MECHA_MECHSTEP2	SFX_MECHA_MECHSTEP2	const	2	2	__defines/sfx.dm	Constants	kept	kept	n/a	n/a	none	no
SFX_MECHA_MECH_RELOAD_DEFAULT	SFX_MECHA_MECH_RELOAD_DEFAULT	const	2	2	__defines/sfx.dm	Constants	kept	kept	n/a	n/a	none	no
SFX_MECHA_MECH_SHIELD_RAISE	SFX_MECHA_MECH_SHIELD_RAISE	const	2	2	__defines/sfx.dm	Constants	kept	kept	n/a	n/a	none	no
SFX_MECHA_POWERUP	SFX_MECHA_POWERUP	const	2	2	__defines/sfx.dm	Constants	kept	kept	n/a	n/a	none	no
SFX_METROID_METROIDATTACH	SFX_METROID_METROIDATTACH	const	2	2	__defines/sfx.dm	Constants	kept	kept	n/a	n/a	none	no
SFX_METROID_METROIDDEATH	SFX_METROID_METROIDDEATH	const	2	2	__defines/sfx.dm	Constants	kept	kept	n/a	n/a	none	no
SFX_METROID_METROIDDETACH	SFX_METROID_METROIDDETACH	const	2	2	__defines/sfx.dm	Constants	kept	kept	n/a	n/a	none	no
SFX_METROID_METROIDGAMMA	SFX_METROID_METROIDGAMMA	const	2	2	__defines/sfx.dm	Constants	kept	kept	n/a	n/a	none	no
SFX_METROID_METROIDOMEGA	SFX_METROID_METROIDOMEGA	const	2	2	__defines/sfx.dm	Constants	kept	kept	n/a	n/a	none	no
SFX_METROID_METROIDOMEGADEATH	SFX_METROID_METROIDOMEGADEATH	const	2	2	__defines/sfx.dm	Constants	kept	kept	n/a	n/a	none	no
SFX_METROID_METROIDQUEEN	SFX_METROID_METROIDQUEEN	const	2	2	__defines/sfx.dm	Constants	kept	kept	n/a	n/a	none	no
SFX_METROID_METROIDQUEENDEATH	SFX_METROID_METROIDQUEENDEATH	const	2	2	__defines/sfx.dm	Constants	kept	kept	n/a	n/a	none	no
SFX_METROID_METROIDZETA	SFX_METROID_METROIDZETA	const	2	2	__defines/sfx.dm	Constants	kept	kept	n/a	n/a	none	no
SFX_MISC_BLOOP	SFX_MISC_BLOOP	const	2	2	__defines/sfx.dm	Constants	kept	kept	n/a	n/a	none	no
SFX_MISC_CLAP_MIX	SFX_MISC_CLAP_MIX	const	2	2	__defines/sfx.dm	Constants	kept	kept	n/a	n/a	none	no
SFX_MISC_DEMONDEATH	SFX_MISC_DEMONDEATH	const	2	2	__defines/sfx.dm	Constants	kept	kept	n/a	n/a	none	no
SFX_MISC_INTERFERENCE	SFX_MISC_INTERFERENCE	const	2	2	__defines/sfx.dm	Constants	kept	kept	n/a	n/a	none	no
SFX_MISC_NOTICE3	SFX_MISC_NOTICE3	const	2	2	__defines/sfx.dm	Constants	kept	kept	n/a	n/a	none	no
SFX_MISC_NULL	SFX_MISC_NULL	const	2	2	__defines/sfx.dm	Constants	kept	kept	n/a	n/a	none	no
SFX_MISC_SADTROMBONE_MIX	SFX_MISC_SADTROMBONE_MIX	const	2	2	__defines/sfx.dm	Constants	kept	kept	n/a	n/a	none	no
SFX_MISC_SERVER_READY	SFX_MISC_SERVER_READY	const	2	2	__defines/sfx.dm	Constants	kept	kept	n/a	n/a	none	no
SFX_MOB_ROBOTS_CYBER_HORROR_CHANGELINGLEAP	SFX_MOB_ROBOTS_CYBER_HORROR_CHANGELINGLEAP	const	2	2	__defines/sfx.dm	Constants	kept	kept	n/a	n/a	none	no
SFX_MOB_ROBOTS_CYBER_HORROR_CHANGELINGMELEE	SFX_MOB_ROBOTS_CYBER_HORROR_CHANGELINGMELEE	const	2	2	__defines/sfx.dm	Constants	kept	kept	n/a	n/a	none	no
SFX_MOB_SPOOKY_BREATH1	SFX_MOB_SPOOKY_BREATH1	const	2	2	__defines/sfx.dm	Constants	kept	kept	n/a	n/a	none	no
SFX_MOB_SPOOKY_BREATH2	SFX_MOB_SPOOKY_BREATH2	const	2	2	__defines/sfx.dm	Constants	kept	kept	n/a	n/a	none	no
SFX_MOB_SPOOKY_LAUGH	SFX_MOB_SPOOKY_LAUGH	const	2	2	__defines/sfx.dm	Constants	kept	kept	n/a	n/a	none	no
SFX_MOB_SPOOKY_NO	SFX_MOB_SPOOKY_NO	const	2	2	__defines/sfx.dm	Constants	kept	kept	n/a	n/a	none	no
SFX_POWERLOADERSTEP	SFX_POWERLOADERSTEP	const	2	2	__defines/sfx.dm	Constants	kept	kept	n/a	n/a	none	no
SFX_RAKSHASA_CORROSION3	SFX_RAKSHASA_CORROSION3	const	2	2	__defines/sfx.dm	Constants	kept	kept	n/a	n/a	none	no
SFX_RAKSHASA_DECAY1	SFX_RAKSHASA_DECAY1	const	2	2	__defines/sfx.dm	Constants	kept	kept	n/a	n/a	none	no
SFX_RECYCLER_A_WONDERFUL_THROW	SFX_RECYCLER_A_WONDERFUL_THROW	const	2	2	__defines/sfx.dm	Constants	kept	kept	n/a	n/a	none	no
SFX_RECYCLER_DENIED	SFX_RECYCLER_DENIED	const	2	2	__defines/sfx.dm	Constants	kept	kept	n/a	n/a	none	no
SFX_RECYCLER_DENIED_MIX	SFX_RECYCLER_DENIED_MIX	const	2	2	__defines/sfx.dm	Constants	kept	kept	n/a	n/a	none	no
SFX_RECYCLER_EJECTGOODIES	SFX_RECYCLER_EJECTGOODIES	const	2	2	__defines/sfx.dm	Constants	kept	kept	n/a	n/a	none	no
SFX_RECYCLER_HATCHCLOSE	SFX_RECYCLER_HATCHCLOSE	const	2	2	__defines/sfx.dm	Constants	kept	kept	n/a	n/a	none	no
SFX_RECYCLER_HATCHOPEN	SFX_RECYCLER_HATCHOPEN	const	2	2	__defines/sfx.dm	Constants	kept	kept	n/a	n/a	none	no
SFX_RECYCLER_KACHING	SFX_RECYCLER_KACHING	const	2	2	__defines/sfx.dm	Constants	kept	kept	n/a	n/a	none	no
SFX_RECYCLER_RECYCLE_ACT	SFX_RECYCLER_RECYCLE_ACT	const	2	2	__defines/sfx.dm	Constants	kept	kept	n/a	n/a	none	no
SFX_RICOCHET	SFX_RICOCHET	const	2	2	__defines/sfx.dm	Constants	kept	kept	n/a	n/a	none	no
SFX_RUNTIME_INSTRUMENTS_SAXOPHONE_EN4	SFX_RUNTIME_INSTRUMENTS_SAXOPHONE_EN4	const	2	2	__defines/sfx.dm	Constants	kept	kept	n/a	n/a	none	no
SFX_RUNTIME_INSTRUMENTS_TROMBONE_CN4	SFX_RUNTIME_INSTRUMENTS_TROMBONE_CN4	const	2	2	__defines/sfx.dm	Constants	kept	kept	n/a	n/a	none	no
SFX_RUNTIME_INSTRUMENTS_TROMBONE_EN4	SFX_RUNTIME_INSTRUMENTS_TROMBONE_EN4	const	2	2	__defines/sfx.dm	Constants	kept	kept	n/a	n/a	none	no
SFX_SMCALM	SFX_SMCALM	const	2	2	__defines/sfx.dm	Constants	kept	kept	n/a	n/a	none	no
SFX_SMDELAM	SFX_SMDELAM	const	2	2	__defines/sfx.dm	Constants	kept	kept	n/a	n/a	none	no
SFX_VOICE_AWOO	SFX_VOICE_AWOO	const	2	2	__defines/sfx.dm	Constants	kept	kept	n/a	n/a	none	no
SFX_VOICE_BAA2	SFX_VOICE_BAA2	const	2	2	__defines/sfx.dm	Constants	kept	kept	n/a	n/a	none	no
SFX_VOICE_BCREEP	SFX_VOICE_BCREEP	const	2	2	__defines/sfx.dm	Constants	kept	kept	n/a	n/a	none	no
SFX_VOICE_BCRIMINAL	SFX_VOICE_BCRIMINAL	const	2	2	__defines/sfx.dm	Constants	kept	kept	n/a	n/a	none	no
SFX_VOICE_BCRIMINAL_MIX	SFX_VOICE_BCRIMINAL_MIX	const	2	2	__defines/sfx.dm	Constants	kept	kept	n/a	n/a	none	no
SFX_VOICE_BFREEZE	SFX_VOICE_BFREEZE	const	2	2	__defines/sfx.dm	Constants	kept	kept	n/a	n/a	none	no
SFX_VOICE_BGOD	SFX_VOICE_BGOD	const	2	2	__defines/sfx.dm	Constants	kept	kept	n/a	n/a	none	no
SFX_VOICE_BGOD_MIX	SFX_VOICE_BGOD_MIX	const	2	2	__defines/sfx.dm	Constants	kept	kept	n/a	n/a	none	no
SFX_VOICE_BIAMTHELAW_MIX	SFX_VOICE_BIAMTHELAW_MIX	const	2	2	__defines/sfx.dm	Constants	kept	kept	n/a	n/a	none	no
SFX_VOICE_BORG_DEATHSOUND	SFX_VOICE_BORG_DEATHSOUND	const	2	2	__defines/sfx.dm	Constants	kept	kept	n/a	n/a	none	no
SFX_VOICE_BRADIO	SFX_VOICE_BRADIO	const	2	2	__defines/sfx.dm	Constants	kept	kept	n/a	n/a	none	no
SFX_VOICE_BSECUREDAY	SFX_VOICE_BSECUREDAY	const	2	2	__defines/sfx.dm	Constants	kept	kept	n/a	n/a	none	no
SFX_VOICE_BUG	SFX_VOICE_BUG	const	2	2	__defines/sfx.dm	Constants	kept	kept	n/a	n/a	none	no
SFX_VOICE_BUGBUZZ	SFX_VOICE_BUGBUZZ	const	2	2	__defines/sfx.dm	Constants	kept	kept	n/a	n/a	none	no
SFX_VOICE_BUGHISS	SFX_VOICE_BUGHISS	const	2	2	__defines/sfx.dm	Constants	kept	kept	n/a	n/a	none	no
SFX_VOICE_CAT_PURR	SFX_VOICE_CAT_PURR	const	2	2	__defines/sfx.dm	Constants	kept	kept	n/a	n/a	none	no
SFX_VOICE_CAT_PURR_LONG	SFX_VOICE_CAT_PURR_LONG	const	2	2	__defines/sfx.dm	Constants	kept	kept	n/a	n/a	none	no
SFX_VOICE_COYOTEAWOO	SFX_VOICE_COYOTEAWOO	const	2	2	__defines/sfx.dm	Constants	kept	kept	n/a	n/a	none	no
SFX_VOICE_COYOTEAWOO2	SFX_VOICE_COYOTEAWOO2	const	2	2	__defines/sfx.dm	Constants	kept	kept	n/a	n/a	none	no
SFX_VOICE_COYOTEAWOO3	SFX_VOICE_COYOTEAWOO3	const	2	2	__defines/sfx.dm	Constants	kept	kept	n/a	n/a	none	no
SFX_VOICE_COYOTEAWOO4	SFX_VOICE_COYOTEAWOO4	const	2	2	__defines/sfx.dm	Constants	kept	kept	n/a	n/a	none	no
SFX_VOICE_COYOTEAWOO5	SFX_VOICE_COYOTEAWOO5	const	2	2	__defines/sfx.dm	Constants	kept	kept	n/a	n/a	none	no
SFX_VOICE_CROAK_FROG	SFX_VOICE_CROAK_FROG	const	2	2	__defines/sfx.dm	Constants	kept	kept	n/a	n/a	none	no
SFX_VOICE_CROAK_SKRELL	SFX_VOICE_CROAK_SKRELL	const	2	2	__defines/sfx.dm	Constants	kept	kept	n/a	n/a	none	no
SFX_VOICE_CROON_MIX	SFX_VOICE_CROON_MIX	const	2	2	__defines/sfx.dm	Constants	kept	kept	n/a	n/a	none	no
SFX_VOICE_EMOTES_CAW1	SFX_VOICE_EMOTES_CAW1	const	2	2	__defines/sfx.dm	Constants	kept	kept	n/a	n/a	none	no
SFX_VOICE_EMOTES_CAW2	SFX_VOICE_EMOTES_CAW2	const	2	2	__defines/sfx.dm	Constants	kept	kept	n/a	n/a	none	no
SFX_VOICE_EMOTES_CAW_MULTIPLE	SFX_VOICE_EMOTES_CAW_MULTIPLE	const	2	2	__defines/sfx.dm	Constants	kept	kept	n/a	n/a	none	no
SFX_VOICE_EMOTES_SQUEALEMOTE	SFX_VOICE_EMOTES_SQUEALEMOTE	const	2	2	__defines/sfx.dm	Constants	kept	kept	n/a	n/a	none	no
SFX_VOICE_EMOTES_TAILTHUMPEMOTE	SFX_VOICE_EMOTES_TAILTHUMPEMOTE	const	2	2	__defines/sfx.dm	Constants	kept	kept	n/a	n/a	none	no
SFX_VOICE_EMOTES_WAWA	SFX_VOICE_EMOTES_WAWA	const	2	2	__defines/sfx.dm	Constants	kept	kept	n/a	n/a	none	no
SFX_VOICE_EMOTES_XENOGROWL	SFX_VOICE_EMOTES_XENOGROWL	const	2	2	__defines/sfx.dm	Constants	kept	kept	n/a	n/a	none	no
SFX_VOICE_EMOTES_XENOHISS	SFX_VOICE_EMOTES_XENOHISS	const	2	2	__defines/sfx.dm	Constants	kept	kept	n/a	n/a	none	no
SFX_VOICE_EMOTES_XENOPURR	SFX_VOICE_EMOTES_XENOPURR	const	2	2	__defines/sfx.dm	Constants	kept	kept	n/a	n/a	none	no
SFX_VOICE_EMOTES_YIP_MIX	SFX_VOICE_EMOTES_YIP_MIX	const	2	2	__defines/sfx.dm	Constants	kept	kept	n/a	n/a	none	no
SFX_VOICE_FERRETDOOK	SFX_VOICE_FERRETDOOK	const	2	2	__defines/sfx.dm	Constants	kept	kept	n/a	n/a	none	no
SFX_VOICE_GAO	SFX_VOICE_GAO	const	2	2	__defines/sfx.dm	Constants	kept	kept	n/a	n/a	none	no
SFX_VOICE_GECK	SFX_VOICE_GECK	const	2	2	__defines/sfx.dm	Constants	kept	kept	n/a	n/a	none	no
SFX_VOICE_GROWL	SFX_VOICE_GROWL	const	2	2	__defines/sfx.dm	Constants	kept	kept	n/a	n/a	none	no
SFX_VOICE_HISS	SFX_VOICE_HISS	const	2	2	__defines/sfx.dm	Constants	kept	kept	n/a	n/a	none	no
SFX_VOICE_HISS1	SFX_VOICE_HISS1	const	2	2	__defines/sfx.dm	Constants	kept	kept	n/a	n/a	none	no
SFX_VOICE_HISS5	SFX_VOICE_HISS5	const	2	2	__defines/sfx.dm	Constants	kept	kept	n/a	n/a	none	no
SFX_VOICE_HOOT	SFX_VOICE_HOOT	const	2	2	__defines/sfx.dm	Constants	kept	kept	n/a	n/a	none	no
SFX_VOICE_HYPNO	SFX_VOICE_HYPNO	const	2	2	__defines/sfx.dm	Constants	kept	kept	n/a	n/a	none	no
SFX_VOICE_KNUCKLES	SFX_VOICE_KNUCKLES	const	2	2	__defines/sfx.dm	Constants	kept	kept	n/a	n/a	none	no
SFX_VOICE_LIVEAGAIN	SFX_VOICE_LIVEAGAIN	const	2	2	__defines/sfx.dm	Constants	kept	kept	n/a	n/a	none	no
SFX_VOICE_LONGWHISTLE	SFX_VOICE_LONGWHISTLE	const	2	2	__defines/sfx.dm	Constants	kept	kept	n/a	n/a	none	no
SFX_VOICE_LWARBLE	SFX_VOICE_LWARBLE	const	2	2	__defines/sfx.dm	Constants	kept	kept	n/a	n/a	none	no
SFX_VOICE_MALESCREAM_2	SFX_VOICE_MALESCREAM_2	const	2	2	__defines/sfx.dm	Constants	kept	kept	n/a	n/a	none	no
SFX_VOICE_MAR	SFX_VOICE_MAR	const	2	2	__defines/sfx.dm	Constants	kept	kept	n/a	n/a	none	no
SFX_VOICE_MEDBOT_DONT_LIKE	SFX_VOICE_MEDBOT_DONT_LIKE	const	2	2	__defines/sfx.dm	Constants	kept	kept	n/a	n/a	none	no
SFX_VOICE_MEDBOT_FORGIVE	SFX_VOICE_MEDBOT_FORGIVE	const	2	2	__defines/sfx.dm	Constants	kept	kept	n/a	n/a	none	no
SFX_VOICE_MEDBOT_FUCK_YOU	SFX_VOICE_MEDBOT_FUCK_YOU	const	2	2	__defines/sfx.dm	Constants	kept	kept	n/a	n/a	none	no
SFX_VOICE_MEDBOT_HEY_WAIT	SFX_VOICE_MEDBOT_HEY_WAIT	const	2	2	__defines/sfx.dm	Constants	kept	kept	n/a	n/a	none	no
SFX_VOICE_MEDBOT_IS_THIS_THE_END	SFX_VOICE_MEDBOT_IS_THIS_THE_END	const	2	2	__defines/sfx.dm	Constants	kept	kept	n/a	n/a	none	no
SFX_VOICE_MEDBOT_I_REQUIRE_ASST	SFX_VOICE_MEDBOT_I_REQUIRE_ASST	const	2	2	__defines/sfx.dm	Constants	kept	kept	n/a	n/a	none	no
SFX_VOICE_MEDBOT_I_TRUSTED_YOU	SFX_VOICE_MEDBOT_I_TRUSTED_YOU	const	2	2	__defines/sfx.dm	Constants	kept	kept	n/a	n/a	none	no
SFX_VOICE_MEDBOT_OH_FUCK	SFX_VOICE_MEDBOT_OH_FUCK	const	2	2	__defines/sfx.dm	Constants	kept	kept	n/a	n/a	none	no
SFX_VOICE_MEDBOT_PAIN_IS_REAL	SFX_VOICE_MEDBOT_PAIN_IS_REAL	const	2	2	__defines/sfx.dm	Constants	kept	kept	n/a	n/a	none	no
SFX_VOICE_MEDBOT_PLEASE_DONT	SFX_VOICE_MEDBOT_PLEASE_DONT	const	2	2	__defines/sfx.dm	Constants	kept	kept	n/a	n/a	none	no
SFX_VOICE_MEDBOT_PLEASE_IM_SCARED	SFX_VOICE_MEDBOT_PLEASE_IM_SCARED	const	2	2	__defines/sfx.dm	Constants	kept	kept	n/a	n/a	none	no
SFX_VOICE_MEDBOT_PLEASE_PUT_ME_BACK	SFX_VOICE_MEDBOT_PLEASE_PUT_ME_BACK	const	2	2	__defines/sfx.dm	Constants	kept	kept	n/a	n/a	none	no
SFX_VOICE_MEDBOT_REPORTED	SFX_VOICE_MEDBOT_REPORTED	const	2	2	__defines/sfx.dm	Constants	kept	kept	n/a	n/a	none	no
SFX_VOICE_MEDBOT_THANK_YOU	SFX_VOICE_MEDBOT_THANK_YOU	const	2	2	__defines/sfx.dm	Constants	kept	kept	n/a	n/a	none	no
SFX_VOICE_MEDBOT_YOURE_GOOD	SFX_VOICE_MEDBOT_YOURE_GOOD	const	2	2	__defines/sfx.dm	Constants	kept	kept	n/a	n/a	none	no
SFX_VOICE_MEOW	SFX_VOICE_MEOW	const	2	2	__defines/sfx.dm	Constants	kept	kept	n/a	n/a	none	no
SFX_VOICE_MGEOW	SFX_VOICE_MGEOW	const	2	2	__defines/sfx.dm	Constants	kept	kept	n/a	n/a	none	no
SFX_VOICE_MOO	SFX_VOICE_MOO	const	2	2	__defines/sfx.dm	Constants	kept	kept	n/a	n/a	none	no
SFX_VOICE_MOTH_MOTH_LAUGH	SFX_VOICE_MOTH_MOTH_LAUGH	const	2	2	__defines/sfx.dm	Constants	kept	kept	n/a	n/a	none	no
SFX_VOICE_MULTICHIRP	SFX_VOICE_MULTICHIRP	const	2	2	__defines/sfx.dm	Constants	kept	kept	n/a	n/a	none	no
SFX_VOICE_MYARP	SFX_VOICE_MYARP	const	2	2	__defines/sfx.dm	Constants	kept	kept	n/a	n/a	none	no
SFX_VOICE_NYA	SFX_VOICE_NYA	const	2	2	__defines/sfx.dm	Constants	kept	kept	n/a	n/a	none	no
SFX_VOICE_PAIN_SCIENTIST_SCI_PAIN_MIX	SFX_VOICE_PAIN_SCIENTIST_SCI_PAIN_MIX	const	2	2	__defines/sfx.dm	Constants	kept	kept	n/a	n/a	none	no
SFX_VOICE_PRBT2	SFX_VOICE_PRBT2	const	2	2	__defines/sfx.dm	Constants	kept	kept	n/a	n/a	none	no
SFX_VOICE_QUACK_REVERB	SFX_VOICE_QUACK_REVERB	const	2	2	__defines/sfx.dm	Constants	kept	kept	n/a	n/a	none	no
SFX_VOICE_RATTLE	SFX_VOICE_RATTLE	const	2	2	__defines/sfx.dm	Constants	kept	kept	n/a	n/a	none	no
SFX_VOICE_ROBOBOOP	SFX_VOICE_ROBOBOOP	const	2	2	__defines/sfx.dm	Constants	kept	kept	n/a	n/a	none	no
SFX_VOICE_ROBOCHIRP	SFX_VOICE_ROBOCHIRP	const	2	2	__defines/sfx.dm	Constants	kept	kept	n/a	n/a	none	no
SFX_VOICE_SCREAM_JELLY_M1	SFX_VOICE_SCREAM_JELLY_M1	const	2	2	__defines/sfx.dm	Constants	kept	kept	n/a	n/a	none	no
SFX_VOICE_SCREAM_SCIENTIST_SCREAM_MIX	SFX_VOICE_SCREAM_SCIENTIST_SCREAM_MIX	const	2	2	__defines/sfx.dm	Constants	kept	kept	n/a	n/a	none	no
SFX_VOICE_SHORTWHISTLE	SFX_VOICE_SHORTWHISTLE	const	2	2	__defines/sfx.dm	Constants	kept	kept	n/a	n/a	none	no
SFX_VOICE_SNORT	SFX_VOICE_SNORT	const	2	2	__defines/sfx.dm	Constants	kept	kept	n/a	n/a	none	no
SFX_VOICE_SPIDERCHITTER	SFX_VOICE_SPIDERCHITTER	const	2	2	__defines/sfx.dm	Constants	kept	kept	n/a	n/a	none	no
SFX_VOICE_SPIDERPURR	SFX_VOICE_SPIDERPURR	const	2	2	__defines/sfx.dm	Constants	kept	kept	n/a	n/a	none	no
SFX_VOICE_SUCCLET_SHRIEK	SFX_VOICE_SUCCLET_SHRIEK	const	2	2	__defines/sfx.dm	Constants	kept	kept	n/a	n/a	none	no
SFX_VOICE_SUMMON_WHISTLE	SFX_VOICE_SUMMON_WHISTLE	const	2	2	__defines/sfx.dm	Constants	kept	kept	n/a	n/a	none	no
SFX_VOICE_TEPPI	SFX_VOICE_TEPPI	const	2	2	__defines/sfx.dm	Constants	kept	kept	n/a	n/a	none	no
SFX_VOICE_TEPPI_CUTE_RUMBLE	SFX_VOICE_TEPPI_CUTE_RUMBLE	const	2	2	__defines/sfx.dm	Constants	kept	kept	n/a	n/a	none	no
SFX_VOICE_TEPPI_RUMBLE	SFX_VOICE_TEPPI_RUMBLE	const	2	2	__defines/sfx.dm	Constants	kept	kept	n/a	n/a	none	no
SFX_VOICE_TEPPI_WHINE2	SFX_VOICE_TEPPI_WHINE2	const	2	2	__defines/sfx.dm	Constants	kept	kept	n/a	n/a	none	no
SFX_VOICE_TEPPI_WHINE_MIX	SFX_VOICE_TEPPI_WHINE_MIX	const	2	2	__defines/sfx.dm	Constants	kept	kept	n/a	n/a	none	no
SFX_VOICE_TESHCHIRP	SFX_VOICE_TESHCHIRP	const	2	2	__defines/sfx.dm	Constants	kept	kept	n/a	n/a	none	no
SFX_VOICE_TESHSCREAM	SFX_VOICE_TESHSCREAM	const	2	2	__defines/sfx.dm	Constants	kept	kept	n/a	n/a	none	no
SFX_VOICE_TESHSQUEAK	SFX_VOICE_TESHSQUEAK	const	2	2	__defines/sfx.dm	Constants	kept	kept	n/a	n/a	none	no
SFX_VOICE_TESHTRILL	SFX_VOICE_TESHTRILL	const	2	2	__defines/sfx.dm	Constants	kept	kept	n/a	n/a	none	no
SFX_VOICE_TINYTIN_FUCKEDUP	SFX_VOICE_TINYTIN_FUCKEDUP	const	2	2	__defines/sfx.dm	Constants	kept	kept	n/a	n/a	none	no
SFX_VOICE_WHEEZE	SFX_VOICE_WHEEZE	const	2	2	__defines/sfx.dm	Constants	kept	kept	n/a	n/a	none	no
SFX_VOICE_WOLFWHISTLE	SFX_VOICE_WOLFWHISTLE	const	2	2	__defines/sfx.dm	Constants	kept	kept	n/a	n/a	none	no
SFX_VOICE_WOOF	SFX_VOICE_WOOF	const	2	2	__defines/sfx.dm	Constants	kept	kept	n/a	n/a	none	no
SFX_VOICE_WOOF2	SFX_VOICE_WOOF2	const	2	2	__defines/sfx.dm	Constants	kept	kept	n/a	n/a	none	no
SFX_VOICE_WURBLE	SFX_VOICE_WURBLE	const	2	2	__defines/sfx.dm	Constants	kept	kept	n/a	n/a	none	no
SFX_VOICE_YEENCACKLE	SFX_VOICE_YEENCACKLE	const	2	2	__defines/sfx.dm	Constants	kept	kept	n/a	n/a	none	no
SFX_VORE_DEATH7	SFX_VORE_DEATH7	const	2	2	__defines/sfx.dm	Constants	kept	kept	n/a	n/a	none	no
SFX_VORE_SHORTGURGLES_GURGLE_L_MIX	SFX_VORE_SHORTGURGLES_GURGLE_L_MIX	const	2	2	__defines/sfx.dm	Constants	kept	kept	n/a	n/a	none	no
SFX_VORE_SHORTGURGLES_GURGLE_M_MIX	SFX_VORE_SHORTGURGLES_GURGLE_M_MIX	const	2	2	__defines/sfx.dm	Constants	kept	kept	n/a	n/a	none	no
SFX_VORE_SHORTGURGLES_GURGLE_S_MIX	SFX_VORE_SHORTGURGLES_GURGLE_S_MIX	const	2	2	__defines/sfx.dm	Constants	kept	kept	n/a	n/a	none	no
SFX_VORE_SQUISH1	SFX_VORE_SQUISH1	const	2	2	__defines/sfx.dm	Constants	kept	kept	n/a	n/a	none	no
SFX_WEAPONS_ALIEN_CLAW_FLESH	SFX_WEAPONS_ALIEN_CLAW_FLESH	const	2	2	__defines/sfx.dm	Constants	kept	kept	n/a	n/a	none	no
SFX_WEAPONS_BALLISTICS_A12G	SFX_WEAPONS_BALLISTICS_A12G	const	2	2	__defines/sfx.dm	Constants	kept	kept	n/a	n/a	none	no
SFX_WEAPONS_BALLISTICS_A44RIFLE	SFX_WEAPONS_BALLISTICS_A44RIFLE	const	2	2	__defines/sfx.dm	Constants	kept	kept	n/a	n/a	none	no
SFX_WEAPONS_BALLISTICS_A45	SFX_WEAPONS_BALLISTICS_A45	const	2	2	__defines/sfx.dm	Constants	kept	kept	n/a	n/a	none	no
SFX_WEAPONS_BALLISTICS_A9MM	SFX_WEAPONS_BALLISTICS_A9MM	const	2	2	__defines/sfx.dm	Constants	kept	kept	n/a	n/a	none	no
SFX_WEAPONS_BALLISTICS_PISTOL_CHAMBER	SFX_WEAPONS_BALLISTICS_PISTOL_CHAMBER	const	2	2	__defines/sfx.dm	Constants	kept	kept	n/a	n/a	none	no
SFX_WEAPONS_BALLISTICS_PISTOL_EJECT	SFX_WEAPONS_BALLISTICS_PISTOL_EJECT	const	2	2	__defines/sfx.dm	Constants	kept	kept	n/a	n/a	none	no
SFX_WEAPONS_BALLISTICS_PISTOL_EJECTCHAMBER	SFX_WEAPONS_BALLISTICS_PISTOL_EJECTCHAMBER	const	2	2	__defines/sfx.dm	Constants	kept	kept	n/a	n/a	none	no
SFX_WEAPONS_BALLISTICS_SMG_HEAVY	SFX_WEAPONS_BALLISTICS_SMG_HEAVY	const	2	2	__defines/sfx.dm	Constants	kept	kept	n/a	n/a	none	no
SFX_WEAPONS_BANJOSLAP	SFX_WEAPONS_BANJOSLAP	const	2	2	__defines/sfx.dm	Constants	kept	kept	n/a	n/a	none	no
SFX_WEAPONS_BATTLERIFLE	SFX_WEAPONS_BATTLERIFLE	const	2	2	__defines/sfx.dm	Constants	kept	kept	n/a	n/a	none	no
SFX_WEAPONS_CHARGEUP	SFX_WEAPONS_CHARGEUP	const	2	2	__defines/sfx.dm	Constants	kept	kept	n/a	n/a	none	no
SFX_WEAPONS_CLOCKWORK_CLOCKWORK_COCK	SFX_WEAPONS_CLOCKWORK_CLOCKWORK_COCK	const	2	2	__defines/sfx.dm	Constants	kept	kept	n/a	n/a	none	no
SFX_WEAPONS_CLOCKWORK_CWC_RIFLE_FABRICATE	SFX_WEAPONS_CLOCKWORK_CWC_RIFLE_FABRICATE	const	2	2	__defines/sfx.dm	Constants	kept	kept	n/a	n/a	none	no
SFX_WEAPONS_CLOCKWORK_CWC_RIFLE_FIRE	SFX_WEAPONS_CLOCKWORK_CWC_RIFLE_FIRE	const	2	2	__defines/sfx.dm	Constants	kept	kept	n/a	n/a	none	no
SFX_WEAPONS_CLOCKWORK_VOLTBEAMSEARWALL	SFX_WEAPONS_CLOCKWORK_VOLTBEAMSEARWALL	const	2	2	__defines/sfx.dm	Constants	kept	kept	n/a	n/a	none	no
SFX_WEAPONS_CLOCKWORK_VOLTBEAM_FIRE	SFX_WEAPONS_CLOCKWORK_VOLTBEAM_FIRE	const	2	2	__defines/sfx.dm	Constants	kept	kept	n/a	n/a	none	no
SFX_WEAPONS_DODGEBALL	SFX_WEAPONS_DODGEBALL	const	2	2	__defines/sfx.dm	Constants	kept	kept	n/a	n/a	none	no
SFX_WEAPONS_ENERGY_LASER_STRONG	SFX_WEAPONS_ENERGY_LASER_STRONG	const	2	2	__defines/sfx.dm	Constants	kept	kept	n/a	n/a	none	no
SFX_WEAPONS_FLAMER	SFX_WEAPONS_FLAMER	const	2	2	__defines/sfx.dm	Constants	kept	kept	n/a	n/a	none	no
SFX_WEAPONS_FRIGATE_TURRET_FRIGATE_TURRET_FIRE_MIX	SFX_WEAPONS_FRIGATE_TURRET_FRIGATE_TURRET_FIRE_MIX	const	2	2	__defines/sfx.dm	Constants	kept	kept	n/a	n/a	none	no
SFX_WEAPONS_GARAND_PING	SFX_WEAPONS_GARAND_PING	const	2	2	__defines/sfx.dm	Constants	kept	kept	n/a	n/a	none	no
SFX_WEAPONS_GENHIT1	SFX_WEAPONS_GENHIT1	const	2	2	__defines/sfx.dm	Constants	kept	kept	n/a	n/a	none	no
SFX_WEAPONS_GUNSHOT_SVD	SFX_WEAPONS_GUNSHOT_SVD	const	2	2	__defines/sfx.dm	Constants	kept	kept	n/a	n/a	none	no
SFX_WEAPONS_HOLSTER_SHEATHIN	SFX_WEAPONS_HOLSTER_SHEATHIN	const	2	2	__defines/sfx.dm	Constants	kept	kept	n/a	n/a	none	no
SFX_WEAPONS_IONCANNON	SFX_WEAPONS_IONCANNON	const	2	2	__defines/sfx.dm	Constants	kept	kept	n/a	n/a	none	no
SFX_WEAPONS_IONRIFLE	SFX_WEAPONS_IONRIFLE	const	2	2	__defines/sfx.dm	Constants	kept	kept	n/a	n/a	none	no
SFX_WEAPONS_LARGELASER	SFX_WEAPONS_LARGELASER	const	2	2	__defines/sfx.dm	Constants	kept	kept	n/a	n/a	none	no
SFX_WEAPONS_LASER2	SFX_WEAPONS_LASER2	const	2	2	__defines/sfx.dm	Constants	kept	kept	n/a	n/a	none	no
SFX_WEAPONS_LASER4	SFX_WEAPONS_LASER4	const	2	2	__defines/sfx.dm	Constants	kept	kept	n/a	n/a	none	no
SFX_WEAPONS_LASER5	SFX_WEAPONS_LASER5	const	2	2	__defines/sfx.dm	Constants	kept	kept	n/a	n/a	none	no
SFX_WEAPONS_MARAUDER	SFX_WEAPONS_MARAUDER	const	2	2	__defines/sfx.dm	Constants	kept	kept	n/a	n/a	none	no
SFX_WEAPONS_MARKSMANALT	SFX_WEAPONS_MARKSMANALT	const	2	2	__defines/sfx.dm	Constants	kept	kept	n/a	n/a	none	no
SFX_WEAPONS_MELEETEAR	SFX_WEAPONS_MELEETEAR	const	2	2	__defines/sfx.dm	Constants	kept	kept	n/a	n/a	none	no
SFX_WEAPONS_MG42	SFX_WEAPONS_MG42	const	2	2	__defines/sfx.dm	Constants	kept	kept	n/a	n/a	none	no
SFX_WEAPONS_PARRY	SFX_WEAPONS_PARRY	const	2	2	__defines/sfx.dm	Constants	kept	kept	n/a	n/a	none	no
SFX_WEAPONS_PHASE_NEW_PHASECANNON	SFX_WEAPONS_PHASE_NEW_PHASECANNON	const	2	2	__defines/sfx.dm	Constants	kept	kept	n/a	n/a	none	no
SFX_WEAPONS_PHASE_NEW_PHASECARBINE	SFX_WEAPONS_PHASE_NEW_PHASECARBINE	const	2	2	__defines/sfx.dm	Constants	kept	kept	n/a	n/a	none	no
SFX_WEAPONS_PHASE_NEW_PHASEPISTOL	SFX_WEAPONS_PHASE_NEW_PHASEPISTOL	const	2	2	__defines/sfx.dm	Constants	kept	kept	n/a	n/a	none	no
SFX_WEAPONS_PHASE_NEW_PHASERIFLE	SFX_WEAPONS_PHASE_NEW_PHASERIFLE	const	2	2	__defines/sfx.dm	Constants	kept	kept	n/a	n/a	none	no
SFX_WEAPONS_PLASMANEW	SFX_WEAPONS_PLASMANEW	const	2	2	__defines/sfx.dm	Constants	kept	kept	n/a	n/a	none	no
SFX_WEAPONS_PLASMA_CUTTER	SFX_WEAPONS_PLASMA_CUTTER	const	2	2	__defines/sfx.dm	Constants	kept	kept	n/a	n/a	none	no
SFX_WEAPONS_PULSE	SFX_WEAPONS_PULSE	const	2	2	__defines/sfx.dm	Constants	kept	kept	n/a	n/a	none	no
SFX_WEAPONS_PUNCH3	SFX_WEAPONS_PUNCH3	const	2	2	__defines/sfx.dm	Constants	kept	kept	n/a	n/a	none	no
SFX_WEAPONS_PUNCH4	SFX_WEAPONS_PUNCH4	const	2	2	__defines/sfx.dm	Constants	kept	kept	n/a	n/a	none	no
SFX_WEAPONS_RING	SFX_WEAPONS_RING	const	2	2	__defines/sfx.dm	Constants	kept	kept	n/a	n/a	none	no
SFX_WEAPONS_SERDY_MOLNIYAB	SFX_WEAPONS_SERDY_MOLNIYAB	const	2	2	__defines/sfx.dm	Constants	kept	kept	n/a	n/a	none	no
SFX_WEAPONS_SERDY_TYPE901	SFX_WEAPONS_SERDY_TYPE901	const	2	2	__defines/sfx.dm	Constants	kept	kept	n/a	n/a	none	no
SFX_WEAPONS_SERDY_VEPR	SFX_WEAPONS_SERDY_VEPR	const	2	2	__defines/sfx.dm	Constants	kept	kept	n/a	n/a	none	no
SFX_WEAPONS_SMALLLASER	SFX_WEAPONS_SMALLLASER	const	2	2	__defines/sfx.dm	Constants	kept	kept	n/a	n/a	none	no
SFX_WEAPONS_SMARTGUNCLOSE	SFX_WEAPONS_SMARTGUNCLOSE	const	2	2	__defines/sfx.dm	Constants	kept	kept	n/a	n/a	none	no
SFX_WEAPONS_SMARTGUNOPEN	SFX_WEAPONS_SMARTGUNOPEN	const	2	2	__defines/sfx.dm	Constants	kept	kept	n/a	n/a	none	no
SFX_WEAPONS_SRM	SFX_WEAPONS_SRM	const	2	2	__defines/sfx.dm	Constants	kept	kept	n/a	n/a	none	no
SFX_WEAPONS_TARGETOFF	SFX_WEAPONS_TARGETOFF	const	2	2	__defines/sfx.dm	Constants	kept	kept	n/a	n/a	none	no
SFX_WEAPONS_THROWTAP	SFX_WEAPONS_THROWTAP	const	2	2	__defines/sfx.dm	Constants	kept	kept	n/a	n/a	none	no
SFX_WEAPONS_WEAPONSOUNDS_HEAVYRIFLESHOT	SFX_WEAPONS_WEAPONSOUNDS_HEAVYRIFLESHOT	const	2	2	__defines/sfx.dm	Constants	kept	kept	n/a	n/a	none	no
SFX_WEAPONS_WEAPONSOUNDS_LASERMID	SFX_WEAPONS_WEAPONSOUNDS_LASERMID	const	2	2	__defines/sfx.dm	Constants	kept	kept	n/a	n/a	none	no
SFX_WEAPONS_WHIP	SFX_WEAPONS_WHIP	const	2	2	__defines/sfx.dm	Constants	kept	kept	n/a	n/a	none	no
SHUTTLE_SCHEDULE_EVAC	SHUTTLE_SCHEDULE_EVAC	const	2	1	__defines/om.dm	Constants	kept	kept	n/a	n/a	none	no
SHUTTLE_SCHEDULE_SUPPLY	SHUTTLE_SCHEDULE_SUPPLY	const	2	2	__defines/om.dm	Constants	kept	kept	n/a	n/a	none	no
SIGNAL_NORMAL	SIGNAL_NORMAL	const	2	2	__defines/machinery.dm	Constants	kept	kept	n/a	n/a	none	no
SIGNAL_TEST	SIGNAL_TEST	const	2	2	__defines/machinery.dm	Constants	kept	kept	n/a	n/a	none	no
SLOT_CAPACITY_UNITS	SLOT_CAPACITY_UNITS	const	2	2	__defines/containment.dm	Constants	kept	kept	n/a	n/a	none	no
SLOT_DROP_TRANSFER	SLOT_DROP_TRANSFER	const	2	1	__defines/containment.dm	Constants	kept	kept	n/a	n/a	none	no
SLOT_EXPOSURE_SEALED	SLOT_EXPOSURE_SEALED	const	2	2	__defines/containment.dm	Constants	kept	kept	n/a	n/a	none	no
SLOT_ID_MODULE_3	SLOT_ID_MODULE_3	const	2	1	__defines/containment.dm	Constants	kept	kept	n/a	n/a	none	no
SS_INIT_NO_NEED	SS_INIT_NO_NEED	const	2	1	__defines/subsystems.dm	Constants	deleted	a system's phase, lane, latency_class and needs =	1 (E6)	1 (E6)	delete	no
SS_INIT_TIMER_KEY	SS_INIT_TIMER_KEY	const	2	1	__defines/subsystems.dm	Constants	deleted	a system's phase, lane, latency_class and needs =	1 (E6)	1 (E6)	delete	no
SS_POST_FIRE_TIMING	SS_POST_FIRE_TIMING	const	2	2	__defines/MC.dm	Constants	deleted	a system's phase, lane, latency_class and needs =	1 (E6)	1 (E6)	delete	no
STASIS_SLEEP_THRESHOLD	STASIS_SLEEP_THRESHOLD	const	2	1	__defines/body_factors.dm	Constants	kept	kept	n/a	n/a	none	no
STATUS_EFFECT_FAST_PROCESS	STATUS_EFFECT_FAST_PROCESS	const	2	1	__defines/status_effects.dm	Constants	replaced	body effects: apply_body_effect(), kept as sugar over holds and granted capabilities (section 5)	1 (E3)	3	codemod	no
STATUS_EFFECT_ID_ABSTRACT	STATUS_EFFECT_ID_ABSTRACT	const	2	2	__defines/status_effects.dm	Constants	replaced	body effects: apply_body_effect(), kept as sugar over holds and granted capabilities (section 5)	1 (E3)	3	codemod	no
STATUS_EFFECT_NO_TICK	STATUS_EFFECT_NO_TICK	const	2	1	__defines/status_effects.dm	Constants	replaced	body effects: apply_body_effect(), kept as sugar over holds and granted capabilities (section 5)	1 (E3)	3	codemod	no
STATUS_EFFECT_PRIORITY	STATUS_EFFECT_PRIORITY	const	2	2	__defines/status_effects.dm	Constants	replaced	body effects: apply_body_effect(), kept as sugar over holds and granted capabilities (section 5)	1 (E3)	3	codemod	no
STATUS_EFFECT_REFRESH	STATUS_EFFECT_REFRESH	const	2	2	__defines/status_effects.dm	Constants	replaced	body effects: apply_body_effect(), kept as sugar over holds and granted capabilities (section 5)	1 (E3)	3	codemod	no
STATUS_EFFECT_UNIQUE	STATUS_EFFECT_UNIQUE	const	2	2	__defines/status_effects.dm	Constants	replaced	body effects: apply_body_effect(), kept as sugar over holds and granted capabilities (section 5)	1 (E3)	3	codemod	no
SUPERMATTER_ERROR	SUPERMATTER_ERROR	const	2	1	__defines/machinery.dm	Constants	kept	kept	n/a	n/a	none	no
SUPERMATTER_INACTIVE	SUPERMATTER_INACTIVE	const	2	2	__defines/machinery.dm	Constants	kept	kept	n/a	n/a	none	no
TAG_CLOCKED	TAG_CLOCKED	const	2	1	__defines/properties.dm	Constants	kept	kept	n/a	n/a	none	no
TAG_CONDUCTIVE	TAG_CONDUCTIVE	const	2	1	__defines/properties.dm	Constants	kept	kept	n/a	n/a	none	no
TAG_FLAMMABLE	TAG_FLAMMABLE	const	2	1	__defines/properties.dm	Constants	kept	kept	n/a	n/a	none	no
TAG_SHARP	TAG_SHARP	const	2	1	__defines/properties.dm	Constants	kept	kept	n/a	n/a	none	no
TGUI_MANAGED_BYONDUI_PAYLOAD_ID	TGUI_MANAGED_BYONDUI_PAYLOAD_ID	const	2	1	__defines/tgui.dm	Constants	kept	kept	n/a	n/a	none	no
UI_PREINITIALIZED	UI_PREINITIALIZED	const	2	2	__defines/sys_ui.dm	Constants	kept	kept	n/a	n/a	none	no
UTC_YEAR	UTC_YEAR	const	2	2	__defines/time.dm	Constants	kept	kept	n/a	n/a	none	no
WORK_TEST_LIMIT	WORK_TEST_LIMIT	const	2	1	__defines/kernel.dm	Constants	internal	kernel measurement and work engine internals	n/a	7	deleted with its layer	no
ACT_EXAMINE	ACT_EXAMINE	const	1	1	__defines/operations.dm	Constants	renamed	INTENT_EXAMINE	2	3	codemod	no
ADMIN_CATEGORY_DEBUG_SPRITES	ADMIN_CATEGORY_DEBUG_SPRITES	const	1	1	__defines/admin_verb.dm	Constants	kept	kept	n/a	n/a	none	no
ADMIN_CATEGORY_FUN_ADD_NIF	ADMIN_CATEGORY_FUN_ADD_NIF	const	1	1	__defines/admin_verb.dm	Constants	kept	kept	n/a	n/a	none	no
ADMIN_CATEGORY_MAIN	ADMIN_CATEGORY_MAIN	const	1	1	__defines/admin_verb.dm	Constants	kept	kept	n/a	n/a	none	no
AFF_HOLD	AFF_HOLD	const	1	1	__defines/operations.dm	Constants	kept	kept	n/a	n/a	none	no
AFF_HOLD_SMALL	AFF_HOLD_SMALL	const	1	1	__defines/operations.dm	Constants	kept	kept	n/a	n/a	none	no
AFF_INTERFACE	AFF_INTERFACE	const	1	1	__defines/operations.dm	Constants	deleted	remote() implies AFF_CONTROL	2	3	delete	no
AFF_MANIPULATE	AFF_MANIPULATE	const	1	1	__defines/operations.dm	Constants	kept	kept	n/a	n/a	none	no
ALIEN_SELECT_AFK_BUFFER	ALIEN_SELECT_AFK_BUFFER	const	1	1	__defines/machinery.dm	Constants	kept	kept	n/a	n/a	none	no
ASK_FACE_TO_FACE	ASK_FACE_TO_FACE	const	1	1	__defines/om.dm	Constants	replaced	requirement parts on the asking op (req_capable(), req_conscious(), req_adjacent(), carried() or in_hand()); an open prompt closes with the reason when one stops holding	2	3	codemod	no
BF_ARRHYTHMIA_RISK	BF_ARRHYTHMIA_RISK	const	1	1	__defines/body_factors.dm	Constants	renamed	STAT_ARRHYTHMIA_RISK	1 (E3)	3	codemod	no
BF_HEARING	BF_HEARING	const	1	1	__defines/body_factors.dm	Constants	renamed	STAT_HEARING	1 (E3)	3	codemod	no
BF_INCOMING_NEURAL	BF_INCOMING_NEURAL	const	1	1	__defines/body_factors.dm	Constants	renamed	STAT_INCOMING_NEURAL	1 (E3)	3	codemod	no
BF_MAX_DROP_CHANCE	BF_MAX_DROP_CHANCE	const	1	1	__defines/body_factors.dm	Constants	renamed	STAT_MAX_DROP_CHANCE	1 (E3)	3	codemod	no
BF_RULE_MIN	BF_RULE_MIN	const	1	1	__defines/body_factors.dm	Constants	replaced	the stat rule table (section 5): MULT is PRODUCT, ADD is SUM, MAX and MIN stay, FLAGS is MASK_OR	1 (E3)	3	codemod	no
BF_VISION	BF_VISION	const	1	1	__defines/body_factors.dm	Constants	renamed	STAT_VISION	1 (E3)	3	codemod	no
CADENCE_SECOND	CADENCE_SECOND	const	1	1	__defines/capabilities.dm	Constants	replaced	every(interval, ...); a shared interval is an ordinary #define	1 (E6)	3	codemod	no
CAP_LOCK	CAP_LOCK	const	1	1	__defines/operations.dm	Constants	kept	kept	n/a	n/a	none	no
CELL_BAY_LOW_PERCENT	CELL_BAY_LOW_PERCENT	const	1	1	__defines/capabilities.dm	Constants	kept	kept	n/a	n/a	none	no
CHANGE_CONTENTS	CHANGE_CONTENTS	const	1	1	__defines/om.dm	Constants	deleted	setters, stats and relation writes publish; producer keys use PUBLISH_CHANGE(E, key)	1 (E1)	3	delete	no
CHANGE_DATUM_B	CHANGE_DATUM_B	const	1	1	__defines/om.dm	Constants	deleted	setters, stats and relation writes publish; producer keys use PUBLISH_CHANGE(E, key)	1 (E1)	3	delete	no
CHANGE_GENERIC_MASK	CHANGE_GENERIC_MASK	const	1	1	__defines/om.dm	Constants	deleted	setters, stats and relation writes publish; producer keys use PUBLISH_CHANGE(E, key)	1 (E1)	3	delete	no
CHANGE_MACHINE_CHARGE	CHANGE_MACHINE_CHARGE	const	1	1	__defines/om.dm	Constants	deleted	setters and stats publish; the build-time shim raises the legacy channel until the machine pipeline goes (phase 4)	1 (E1)	4	delete	no
CHANGE_MACHINE_OUTPUT	CHANGE_MACHINE_OUTPUT	const	1	1	__defines/om.dm	Constants	deleted	setters and stats publish; the build-time shim raises the legacy channel until the machine pipeline goes (phase 4)	1 (E1)	4	delete	no
CHANGE_MACHINE_PANEL	CHANGE_MACHINE_PANEL	const	1	1	__defines/om.dm	Constants	deleted	setters and stats publish; the build-time shim raises the legacy channel until the machine pipeline goes (phase 4)	1 (E1)	4	delete	no
CHANGE_MOB_TARGETING	CHANGE_MOB_TARGETING	const	1	1	__defines/om.dm	Constants	deleted	setters and stats publish; the build-time shim raises the legacy channel until the Life pipeline goes (phase 5)	1 (E1)	5	delete	no
CHANGE_MOB_VITALS	CHANGE_MOB_VITALS	const	1	1	__defines/om.dm	Constants	deleted	setters and stats publish; the build-time shim raises the legacy channel until the Life pipeline goes (phase 5)	1 (E1)	5	delete	no
CHANGE_RELATED	CHANGE_RELATED	const	1	1	__defines/om.dm	Constants	deleted	setters, stats and relation writes publish; producer keys use PUBLISH_CHANGE(E, key)	1 (E1)	3	delete	no
CHANGE_TURF_GAS_VISUAL	CHANGE_TURF_GAS_VISUAL	const	1	1	__defines/om.dm	Constants	deleted	setters, stats and relation writes publish; producer keys use PUBLISH_CHANGE(E, key)	1 (E1)	3	delete	no
CONSTRUCTION_ANY_STATE	CONSTRUCTION_ANY_STATE	const	1	1	__defines/construction.dm	Constants	kept	kept	n/a	n/a	none	no
DAMAGE_ENTRY_SHOCK	DAMAGE_ENTRY_SHOCK	const	1	1	__defines/sys_damage_reactions.dm	Constants	replaced	hit action subtypes /datum/act/hit/<entry>; DAMAGE_REACTION_BLOCK is instead()	1 (E4)	3	codemod	no
DAMAGE_ENTRY_WEAPON	DAMAGE_ENTRY_WEAPON	const	1	1	__defines/sys_damage_reactions.dm	Constants	replaced	hit action subtypes /datum/act/hit/<entry>; DAMAGE_REACTION_BLOCK is instead()	1 (E4)	3	codemod	no
DAMAGE_GENERIC_ATTACK	DAMAGE_GENERIC_ATTACK	const	1	1	__defines/sys_damage_reactions.dm	Constants	replaced	hit action subtypes /datum/act/hit/<entry>; DAMAGE_REACTION_BLOCK is instead()	1 (E4)	3	codemod	no
DAMAGE_REACTION_PHASE_AFTER	DAMAGE_REACTION_PHASE_AFTER	const	1	1	__defines/sys_damage_reactions.dm	Constants	internal	hit pipeline phases (internal)	n/a	7	deleted with its layer	no
DAMAGE_REACTION_PHASE_BEFORE	DAMAGE_REACTION_PHASE_BEFORE	const	1	1	__defines/sys_damage_reactions.dm	Constants	internal	hit pipeline phases (internal)	n/a	7	deleted with its layer	no
DECL_WORK_MATERIALIZE	DECL_WORK_MATERIALIZE	const	1	1	__defines/lifecycle_decl.dm	Constants	internal	declaration engine internals	n/a	7	deleted with its layer	no
DELETE_ME	DELETE_ME	const	1	1	__defines/ownership.dm	Constants	kept	kept	n/a	n/a	none	no
DERIVED_EVAL_BEGIN	DERIVED_EVAL_BEGIN	const	1	1	__defines/derived.dm	Constants	internal	declaration engine internals	n/a	7	deleted with its layer	no
DERIVED_EVAL_END	DERIVED_EVAL_END	const	1	1	__defines/derived.dm	Constants	internal	declaration engine internals	n/a	7	deleted with its layer	no
DOOR_CRUSH_DAMAGE	DOOR_CRUSH_DAMAGE	const	1	1	__defines/machinery.dm	Constants	kept	kept	n/a	n/a	none	no
EFFECT_IMMUNE_DIZZY	EFFECT_IMMUNE_DIZZY	const	1	1	__defines/om.dm	Constants	replaced	immune_to(STATUS_DIZZY): a contribution that zeroes the status	1 (E3)	3	codemod	no
EFFECT_IMMUNE_JITTER	EFFECT_IMMUNE_JITTER	const	1	1	__defines/om.dm	Constants	replaced	immune_to(STATUS_JITTERY): a contribution that zeroes the status	1 (E3)	3	codemod	no
EFFECT_SUSPENDED	EFFECT_SUSPENDED	const	1	1	__defines/om.dm	Constants	renamed	STAT_SUSPENDED	1 (E3)	3	codemod	no
FIRE_PRIORITY_BEHAVIOURS	FIRE_PRIORITY_BEHAVIOURS	const	1	1	__defines/subsystems.dm	Constants	kept	kept	n/a	n/a	none	no
FIRE_PRIORITY_DATABASE	FIRE_PRIORITY_DATABASE	const	1	1	__defines/subsystems.dm	Constants	kept	kept	n/a	n/a	none	no
FIRE_PRIORITY_DEFAULT	FIRE_PRIORITY_DEFAULT	const	1	1	__defines/subsystems.dm	Constants	kept	kept	n/a	n/a	none	no
FIRE_PRIORITY_DELAYED_VERBS	FIRE_PRIORITY_DELAYED_VERBS	const	1	1	__defines/subsystems.dm	Constants	kept	kept	n/a	n/a	none	no
FIRE_PRIORITY_GARBAGE	FIRE_PRIORITY_GARBAGE	const	1	1	__defines/subsystems.dm	Constants	kept	kept	n/a	n/a	none	no
FIRE_PRIORITY_INPUT	FIRE_PRIORITY_INPUT	const	1	1	__defines/subsystems.dm	Constants	kept	kept	n/a	n/a	none	no
FIRE_PRIORITY_TGUI	FIRE_PRIORITY_TGUI	const	1	1	__defines/subsystems.dm	Constants	kept	kept	n/a	n/a	none	no
FRAME_STYLE_FLOOR	FRAME_STYLE_FLOOR	const	1	1	__defines/construction.dm	Constants	kept	kept	n/a	n/a	none	no
GC_CHECK_QUEUE	GC_CHECK_QUEUE	const	1	1	__defines/qdel.dm	Constants	kept	kept	n/a	n/a	none	no
GC_CURRENTLY_BEING_QDELETED	GC_CURRENTLY_BEING_QDELETED	const	1	1	__defines/qdel.dm	Constants	kept	kept	n/a	n/a	none	no
GC_DEL_QUEUE	GC_DEL_QUEUE	const	1	1	__defines/qdel.dm	Constants	kept	kept	n/a	n/a	none	no
GC_FILTER_QUEUE	GC_FILTER_QUEUE	const	1	1	__defines/qdel.dm	Constants	kept	kept	n/a	n/a	none	no
GC_QUEUE_ITEM_INDEX_COUNT	GC_QUEUE_ITEM_INDEX_COUNT	const	1	1	__defines/qdel.dm	Constants	kept	kept	n/a	n/a	none	no
GC_QUEUE_ITEM_QUEUE_TIME	GC_QUEUE_ITEM_QUEUE_TIME	const	1	1	__defines/qdel.dm	Constants	kept	kept	n/a	n/a	none	no
GC_QUEUE_ITEM_REF	GC_QUEUE_ITEM_REF	const	1	1	__defines/qdel.dm	Constants	kept	kept	n/a	n/a	none	no
GUARD_CROSS	GUARD_CROSS	const	1	1	__defines/reactions.dm	Constants	replaced	world action types /datum/act/<x>	1 (E4)	3	codemod	no
GUARD_FALL	GUARD_FALL	const	1	1	__defines/reactions.dm	Constants	replaced	world action types /datum/act/<x>	1 (E4)	3	codemod	no
GUARD_STUMBLED_INTO	GUARD_STUMBLED_INTO	const	1	1	__defines/reactions.dm	Constants	replaced	world action types /datum/act/<x>	1 (E4)	3	codemod	no
INCAPABLE_GRAB	INCAPABLE_GRAB	const	1	1	__defines/status_effects.dm	Constants	kept	kept	n/a	n/a	none	no
INCAPABLE_RESTRAINTS	INCAPABLE_RESTRAINTS	const	1	1	__defines/status_effects.dm	Constants	kept	kept	n/a	n/a	none	no
INCAPABLE_STASIS	INCAPABLE_STASIS	const	1	1	__defines/status_effects.dm	Constants	kept	kept	n/a	n/a	none	no
INITSTAGE_LAST	INITSTAGE_LAST	const	1	1	__defines/MC.dm	Constants	deleted	a system's phase, lane, latency_class and needs =	1 (E6)	1 (E6)	delete	no
INPUT_HOVER_THROTTLE	INPUT_HOVER_THROTTLE	const	1	1	__defines/input_actions.dm	Constants	kept	kept	n/a	n/a	none	no
INTERACTION_CAT_OPEN	INTERACTION_CAT_OPEN	const	1	1	__defines/input_actions.dm	Constants	kept	kept	n/a	n/a	none	no
INTERACTION_ENTRY_SELF	INTERACTION_ENTRY_SELF	const	1	1	__defines/interactions.dm	Constants	deleted	the legacy entry procs (attackby, attack_hand, ...) go; ops are entered by input parts	2	3	delete	no
INTERACTION_MENU_BINDING	INTERACTION_MENU_BINDING	const	1	1	__defines/interactions.dm	Constants	kept	kept	n/a	n/a	none	no
INTERACTION_TAG_CONSTRUCTION	INTERACTION_TAG_CONSTRUCTION	const	1	1	__defines/construction.dm	Constants	replaced	hostile(); a ghost op needs AFF_OBSERVE, telekinesis is a provider, a remote op is remote(); any other tag is a tag(TAG_X) part	2	3	codemod	no
INTERACTION_TAG_MAINTENANCE	INTERACTION_TAG_MAINTENANCE	const	1	1	__defines/interactions.dm	Constants	replaced	hostile(); a ghost op needs AFF_OBSERVE, telekinesis is a provider, a remote op is remote(); any other tag is a tag(TAG_X) part	2	3	codemod	no
INTERACTION_TAG_REMOTE	INTERACTION_TAG_REMOTE	const	1	1	__defines/interactions.dm	Constants	replaced	hostile(); a ghost op needs AFF_OBSERVE, telekinesis is a provider, a remote op is remote(); any other tag is a tag(TAG_X) part	2	3	codemod	no
INTERACTION_TAG_SILICON	INTERACTION_TAG_SILICON	const	1	1	__defines/interactions.dm	Constants	replaced	hostile(); a ghost op needs AFF_OBSERVE, telekinesis is a provider, a remote op is remote(); any other tag is a tag(TAG_X) part	2	3	codemod	no
INTERACTION_TRY_BLOCKED	INTERACTION_TRY_BLOCKED	const	1	1	__defines/interactions.dm	Constants	internal	resolver results (kernel)	n/a	7	deleted with its layer	no
INTERACTION_TRY_MENU	INTERACTION_TRY_MENU	const	1	1	__defines/interactions.dm	Constants	internal	resolver results (kernel)	n/a	7	deleted with its layer	no
KERNEL_PHASE_G	KERNEL_PHASE_G	const	1	1	__defines/kernel.dm	Constants	kept	kept	n/a	n/a	none	no
KERNEL_PHASE_R	KERNEL_PHASE_R	const	1	1	__defines/kernel.dm	Constants	kept	kept	n/a	n/a	none	no
KEYBIND_CAT_ABILITIES	KEYBIND_CAT_ABILITIES	const	1	1	__defines/input_actions.dm	Constants	kept	kept	n/a	n/a	none	no
KEYBIND_MAX_KEY_LENGTH	KEYBIND_MAX_KEY_LENGTH	const	1	1	__defines/input_actions.dm	Constants	kept	kept	n/a	n/a	none	no
KM_HIST_MIN_MS	KM_HIST_MIN_MS	const	1	1	__defines/kernel_measure.dm	Constants	internal	kernel measurement and work engine internals	n/a	7	deleted with its layer	no
KM_HIST_RATIO	KM_HIST_RATIO	const	1	1	__defines/kernel_measure.dm	Constants	internal	kernel measurement and work engine internals	n/a	7	deleted with its layer	no
KM_INPUT_VERB	KM_INPUT_VERB	const	1	1	__defines/kernel_measure.dm	Constants	internal	kernel measurement and work engine internals	n/a	7	deleted with its layer	no
KM_LOG_FULL_STREAK	KM_LOG_FULL_STREAK	const	1	1	__defines/kernel_measure.dm	Constants	internal	kernel measurement and work engine internals	n/a	7	deleted with its layer	no
KM_LOG_MIN_GAP	KM_LOG_MIN_GAP	const	1	1	__defines/kernel_measure.dm	Constants	internal	kernel measurement and work engine internals	n/a	7	deleted with its layer	no
KM_MAP_PEAK_DECAY	KM_MAP_PEAK_DECAY	const	1	1	__defines/kernel_measure.dm	Constants	internal	kernel measurement and work engine internals	n/a	7	deleted with its layer	no
KM_SYS_DECOMPOSED	KM_SYS_DECOMPOSED	const	1	1	__defines/kernel_measure.dm	Constants	internal	kernel measurement and work engine internals	n/a	7	deleted with its layer	no
KM_SYS_OM_CORE	KM_SYS_OM_CORE	const	1	1	__defines/kernel_measure.dm	Constants	internal	kernel measurement and work engine internals	n/a	7	deleted with its layer	no
KM_SYS_OM_NATIVE	KM_SYS_OM_NATIVE	const	1	1	__defines/kernel_measure.dm	Constants	internal	kernel measurement and work engine internals	n/a	7	deleted with its layer	no
KM_SYS_PSEUDO_COUNT	KM_SYS_PSEUDO_COUNT	const	1	1	__defines/kernel_measure.dm	Constants	internal	kernel measurement and work engine internals	n/a	7	deleted with its layer	no
LANE_URGENT	LANE_URGENT	const	1	1	__defines/om.dm	Constants	kept	kept	n/a	n/a	none	no
MACHINE_INOPERABLE_FLAGS	MACHINE_INOPERABLE_FLAGS	const	1	1	__defines/machinery.dm	Constants	replaced	operable contributions (stat bits become stats)	1 (E3)	4	codemod	no
MAP_RESOLVER_COMMON_VARS	MAP_RESOLVER_COMMON_VARS	const	1	1	__defines/map_resolvers.dm	Constants	kept	kept	n/a	n/a	none	no
MAX_FIRE_STACKS	MAX_FIRE_STACKS	const	1	1	__defines/status_effects.dm	Constants	kept	kept	n/a	n/a	none	no
MAX_SCRUBBER_FLOWRATE	MAX_SCRUBBER_FLOWRATE	const	1	1	__defines/machinery.dm	Constants	kept	kept	n/a	n/a	none	no
MAX_SIPHON_FLOWRATE	MAX_SIPHON_FLOWRATE	const	1	1	__defines/machinery.dm	Constants	kept	kept	n/a	n/a	none	no
MOB_BIG_FIRE_STACK_THRESHOLD	MOB_BIG_FIRE_STACK_THRESHOLD	const	1	1	__defines/status_effects.dm	Constants	kept	kept	n/a	n/a	none	no
NATIVE_SRC_GAS_WATCH	NATIVE_SRC_GAS_WATCH	const	1	1	__defines/om.dm	Constants	kept	kept	n/a	n/a	none	no
NATIVE_SRC_HEAT	NATIVE_SRC_HEAT	const	1	1	__defines/om.dm	Constants	kept	kept	n/a	n/a	none	no
NETWORK_INTERROGATION	NETWORK_INTERROGATION	const	1	1	__defines/machinery.dm	Constants	kept	kept	n/a	n/a	none	no
NETWORK_NORTHERN_STAR	NETWORK_NORTHERN_STAR	const	1	1	__defines/machinery.dm	Constants	kept	kept	n/a	n/a	none	no
NETWORK_OUTSIDE	NETWORK_OUTSIDE	const	1	1	__defines/machinery.dm	Constants	kept	kept	n/a	n/a	none	no
NETWORK_PRISON	NETWORK_PRISON	const	1	1	__defines/machinery.dm	Constants	kept	kept	n/a	n/a	none	no
NETWORK_TELECOM	NETWORK_TELECOM	const	1	1	__defines/machinery.dm	Constants	kept	kept	n/a	n/a	none	no
NETWORK_TETHER	NETWORK_TETHER	const	1	1	__defines/machinery.dm	Constants	kept	kept	n/a	n/a	none	no
OM_ATT_PARKED	OM_ATT_PARKED	const	1	1	__defines/om.dm	Constants	internal	deleted with the OM layer	n/a	7	deleted with its layer	no
OM_AUDIT_INTERVAL	OM_AUDIT_INTERVAL	const	1	1	__defines/om.dm	Constants	internal	deleted with the OM layer	n/a	7	deleted with its layer	no
OM_DL_SUB	OM_DL_SUB	const	1	1	__defines/om.dm	Constants	internal	deleted with the OM layer	n/a	7	deleted with its layer	no
OM_REL_REFUSE	OM_REL_REFUSE	const	1	1	__defines/om.dm	Constants	internal	deleted with the OM layer	n/a	7	deleted with its layer	no
OM_STAT_CALL_MAX	OM_STAT_CALL_MAX	const	1	1	__defines/om.dm	Constants	internal	deleted with the OM layer	n/a	7	deleted with its layer	no
OM_STAT_DEADLINES	OM_STAT_DEADLINES	const	1	1	__defines/om.dm	Constants	internal	deleted with the OM layer	n/a	7	deleted with its layer	no
OM_STAT_MISSED	OM_STAT_MISSED	const	1	1	__defines/om.dm	Constants	internal	deleted with the OM layer	n/a	7	deleted with its layer	no
OM_STAT_UNPARKS	OM_STAT_UNPARKS	const	1	1	__defines/om.dm	Constants	internal	deleted with the OM layer	n/a	7	deleted with its layer	no
OM_TASK_DONE	OM_TASK_DONE	const	1	1	__defines/om.dm	Constants	internal	deleted with the OM layer	n/a	7	deleted with its layer	no
OWNK_SHARED	OWNK_SHARED	const	1	1	__defines/ownership.dm	Constants	internal	relation table kinds (internal)	n/a	7	deleted with its layer	no
PERIODIC_INSTRUMENTS	PERIODIC_INSTRUMENTS	const	1	1	__defines/om.dm	Constants	replaced	every(interval, ...); a shared interval is an ordinary #define	1 (E6)	3	codemod	no
PERIODIC_LOOT_ICONS	PERIODIC_LOOT_ICONS	const	1	1	__defines/om.dm	Constants	replaced	every(interval, ...); a shared interval is an ordinary #define	1 (E6)	3	codemod	no
PERIODIC_PLANTS	PERIODIC_PLANTS	const	1	1	__defines/om.dm	Constants	replaced	every(interval, ...); a shared interval is an ordinary #define	1 (E6)	3	codemod	no
PERIODIC_REFLECTORS	PERIODIC_REFLECTORS	const	1	1	__defines/om.dm	Constants	replaced	every(interval, ...); a shared interval is an ordinary #define	1 (E6)	3	codemod	no
PERIODIC_STATUS_EFFECTS	PERIODIC_STATUS_EFFECTS	const	1	1	__defines/om.dm	Constants	replaced	every(interval, ...); a shared interval is an ordinary #define	1 (E6)	3	codemod	no
PERIODIC_THROWING	PERIODIC_THROWING	const	1	1	__defines/om.dm	Constants	replaced	every(interval, ...); a shared interval is an ordinary #define	1 (E6)	3	codemod	no
PIPES_HE_LAYER	PIPES_HE_LAYER	const	1	1	__defines/construction.dm	Constants	kept	kept	n/a	n/a	none	no
POWER_ROLE_AREA_SUPPLY	POWER_ROLE_AREA_SUPPLY	const	1	1	__defines/capabilities.dm	Constants	kept	kept	n/a	n/a	none	no
PRED_OP_ACCESS	PRED_OP_ACCESS	const	1	1	__defines/sys_requirements.dm	Constants	internal	requirement compiler tags (internal)	n/a	7	deleted with its layer	no
PRED_OP_ADJACENT	PRED_OP_ADJACENT	const	1	1	__defines/predicates.dm	Constants	internal	requirement compiler tags (internal)	n/a	7	deleted with its layer	no
PRED_OP_ANCHORED	PRED_OP_ANCHORED	const	1	1	__defines/sys_requirements.dm	Constants	internal	requirement compiler tags (internal)	n/a	7	deleted with its layer	no
PRED_OP_AND	PRED_OP_AND	const	1	1	__defines/predicates.dm	Constants	internal	requirement compiler tags (internal)	n/a	7	deleted with its layer	no
PRED_OP_BAND	PRED_OP_BAND	const	1	1	__defines/predicates.dm	Constants	internal	requirement compiler tags (internal)	n/a	7	deleted with its layer	no
PRED_OP_EMAGGED	PRED_OP_EMAGGED	const	1	1	__defines/sys_requirements.dm	Constants	internal	requirement compiler tags (internal)	n/a	7	deleted with its layer	no
PRED_OP_FIELD	PRED_OP_FIELD	const	1	1	__defines/sys_requirements.dm	Constants	internal	requirement compiler tags (internal)	n/a	7	deleted with its layer	no
PRED_OP_FITS	PRED_OP_FITS	const	1	1	__defines/constraints.dm	Constants	internal	requirement compiler tags (internal)	n/a	7	deleted with its layer	no
PRED_OP_HAND_FREE	PRED_OP_HAND_FREE	const	1	1	__defines/predicates.dm	Constants	internal	requirement compiler tags (internal)	n/a	7	deleted with its layer	no
PRED_OP_HOLDING	PRED_OP_HOLDING	const	1	1	__defines/predicates.dm	Constants	internal	requirement compiler tags (internal)	n/a	7	deleted with its layer	no
PRED_OP_IN_HAND	PRED_OP_IN_HAND	const	1	1	__defines/predicates.dm	Constants	internal	requirement compiler tags (internal)	n/a	7	deleted with its layer	no
PRED_OP_NOT	PRED_OP_NOT	const	1	1	__defines/predicates.dm	Constants	internal	requirement compiler tags (internal)	n/a	7	deleted with its layer	no
PRED_OP_OR	PRED_OP_OR	const	1	1	__defines/predicates.dm	Constants	internal	requirement compiler tags (internal)	n/a	7	deleted with its layer	no
PRED_OP_PANEL	PRED_OP_PANEL	const	1	1	__defines/sys_requirements.dm	Constants	internal	requirement compiler tags (internal)	n/a	7	deleted with its layer	no
PRED_OP_PROC	PRED_OP_PROC	const	1	1	__defines/predicates.dm	Constants	internal	requirement compiler tags (internal)	n/a	7	deleted with its layer	no
PRED_OP_RANGE	PRED_OP_RANGE	const	1	1	__defines/predicates.dm	Constants	internal	requirement compiler tags (internal)	n/a	7	deleted with its layer	no
PRED_OP_REL	PRED_OP_REL	const	1	1	__defines/predicates.dm	Constants	internal	requirement compiler tags (internal)	n/a	7	deleted with its layer	no
PRED_OP_SELF	PRED_OP_SELF	const	1	1	__defines/predicates.dm	Constants	internal	requirement compiler tags (internal)	n/a	7	deleted with its layer	no
PRED_OP_TAG	PRED_OP_TAG	const	1	1	__defines/predicates.dm	Constants	internal	requirement compiler tags (internal)	n/a	7	deleted with its layer	no
PRED_OP_TOOL	PRED_OP_TOOL	const	1	1	__defines/predicates.dm	Constants	internal	requirement compiler tags (internal)	n/a	7	deleted with its layer	no
PRED_WATCH_BAND	PRED_WATCH_BAND	const	1	1	__defines/predicates.dm	Constants	internal	requirement compiler tags (internal)	n/a	7	deleted with its layer	no
PRED_WATCH_DIFFERENCE	PRED_WATCH_DIFFERENCE	const	1	1	__defines/predicates.dm	Constants	internal	requirement compiler tags (internal)	n/a	7	deleted with its layer	no
PRED_WATCH_THRESHOLD	PRED_WATCH_THRESHOLD	const	1	1	__defines/predicates.dm	Constants	internal	requirement compiler tags (internal)	n/a	7	deleted with its layer	no
PROP_UNIT_CUBIC_METRES	PROP_UNIT_CUBIC_METRES	const	1	1	__defines/properties.dm	Constants	kept	kept	n/a	n/a	none	no
PROP_UNIT_JOULES	PROP_UNIT_JOULES	const	1	1	__defines/properties.dm	Constants	kept	kept	n/a	n/a	none	no
PROP_UNIT_MOLES	PROP_UNIT_MOLES	const	1	1	__defines/properties.dm	Constants	kept	kept	n/a	n/a	none	no
PROP_UNIT_PASCALS	PROP_UNIT_PASCALS	const	1	1	__defines/properties.dm	Constants	kept	kept	n/a	n/a	none	no
PROP_UNIT_WATTS	PROP_UNIT_WATTS	const	1	1	__defines/properties.dm	Constants	kept	kept	n/a	n/a	none	no
QDEL_HINT_LETMELIVE	QDEL_HINT_LETMELIVE	const	1	1	__defines/qdel.dm	Constants	kept	kept	n/a	n/a	none	no
QDEL_NULL_LIST	QDEL_NULL_LIST	const	1	1	__defines/qdel.dm	Constants	kept	kept	n/a	n/a	none	no
REGISTRY_DARKPORTAL_HUBS	REGISTRY_DARKPORTAL_HUBS	const	1	1	__defines/registries.dm	Constants	kept	kept	n/a	n/a	none	no
REGISTRY_DARKPORTAL_MINIONS	REGISTRY_DARKPORTAL_MINIONS	const	1	1	__defines/registries.dm	Constants	kept	kept	n/a	n/a	none	no
REQ_ACCESS	REQ_ACCESS	const	1	1	__defines/sys_requirements.dm	Constants	replaced	requirement constructors (req_conscious(), req_capable(), req_tag(), ...)	2	3	codemod	no
REQ_NOT_EMAGGED	REQ_NOT_EMAGGED	const	1	1	__defines/sys_requirements.dm	Constants	replaced	requirement constructors (req_conscious(), req_capable(), req_tag(), ...)	2	3	codemod	no
ROUTE_INTERFACE	ROUTE_INTERFACE	const	1	1	__defines/operations.dm	Constants	replaced	the remote() binding: origin click, menu or UI, a provider with AFF_CONTROL, authority AUTH_REMOTE_ACCESS	2	3	codemod	no
ROUTE_UI	ROUTE_UI	const	1	1	__defines/operations.dm	Constants	renamed	ORIGIN_UI: where the input arrived; reach and authority are the ui_act() binding's own	2	3	codemod	no
SFX_EFFECTS_FOOTSTEP_CRAWL1	SFX_EFFECTS_FOOTSTEP_CRAWL1	const	1	1	__defines/sfx.dm	Constants	kept	kept	n/a	n/a	none	no
SFX_EFFECTS_MOB_EFFECTS_XENOCHIMERA_HATCH	SFX_EFFECTS_MOB_EFFECTS_XENOCHIMERA_HATCH	const	1	1	__defines/sfx.dm	Constants	kept	kept	n/a	n/a	none	no
SFX_EFFECTS_MOB_EFFECTS_XENOCHIMERA_REGEN_MIX	SFX_EFFECTS_MOB_EFFECTS_XENOCHIMERA_REGEN_MIX	const	1	1	__defines/sfx.dm	Constants	kept	kept	n/a	n/a	none	no
SFX_ITEMS_WEAPONS_SEAR	SFX_ITEMS_WEAPONS_SEAR	const	1	1	__defines/sfx.dm	Constants	kept	kept	n/a	n/a	none	no
SFX_MACHINES_DOOR_GARAGEDOORCLOSE	SFX_MACHINES_DOOR_GARAGEDOORCLOSE	const	1	1	__defines/sfx.dm	Constants	kept	kept	n/a	n/a	none	no
SFX_MACHINES_DOOR_GARAGEDOOROPEN	SFX_MACHINES_DOOR_GARAGEDOOROPEN	const	1	1	__defines/sfx.dm	Constants	kept	kept	n/a	n/a	none	no
SFX_SIZZLE	SFX_SIZZLE	const	1	1	__defines/sfx.dm	Constants	kept	kept	n/a	n/a	none	no
SFX_VOICE_SCAWWYSOWNDS	SFX_VOICE_SCAWWYSOWNDS	const	1	1	__defines/sfx.dm	Constants	kept	kept	n/a	n/a	none	no
SIGNAL_FAKE	SIGNAL_FAKE	const	1	1	__defines/machinery.dm	Constants	kept	kept	n/a	n/a	none	no
SIGNAL_SIMPLE	SIGNAL_SIMPLE	const	1	1	__defines/machinery.dm	Constants	kept	kept	n/a	n/a	none	no
SLOT_ID_LEGS	SLOT_ID_LEGS	const	1	1	__defines/containment.dm	Constants	kept	kept	n/a	n/a	none	no
SLOT_ID_MODULE_1	SLOT_ID_MODULE_1	const	1	1	__defines/containment.dm	Constants	kept	kept	n/a	n/a	none	no
SLOT_ID_MODULE_2	SLOT_ID_MODULE_2	const	1	1	__defines/containment.dm	Constants	kept	kept	n/a	n/a	none	no
SLOT_LAYER_SUIT	SLOT_LAYER_SUIT	const	1	1	__defines/containment.dm	Constants	kept	kept	n/a	n/a	none	no
SLOT_LAYER_UNIFORM	SLOT_LAYER_UNIFORM	const	1	1	__defines/containment.dm	Constants	kept	kept	n/a	n/a	none	no
SS_BACKGROUND	SS_BACKGROUND	const	1	1	__defines/MC.dm	Constants	deleted	a system's phase, lane, latency_class and needs =	1 (E6)	1 (E6)	delete	no
SS_KEEP_TIMING	SS_KEEP_TIMING	const	1	1	__defines/MC.dm	Constants	deleted	a system's phase, lane, latency_class and needs =	1 (E6)	1 (E6)	delete	no
SS_QUEUED	SS_QUEUED	const	1	1	__defines/MC.dm	Constants	deleted	a system's phase, lane, latency_class and needs =	1 (E6)	1 (E6)	delete	no
STATION_YEAR_OFFSET	STATION_YEAR_OFFSET	const	1	1	__defines/time.dm	Constants	kept	kept	n/a	n/a	none	no
STATUS_EFFECT_AUTO_TICK	STATUS_EFFECT_AUTO_TICK	const	1	1	__defines/status_effects.dm	Constants	replaced	body effects: apply_body_effect(), kept as sugar over holds and granted capabilities (section 5)	1 (E3)	3	codemod	no
STATUS_EFFECT_NORMAL_PROCESS	STATUS_EFFECT_NORMAL_PROCESS	const	1	1	__defines/status_effects.dm	Constants	replaced	body effects: apply_body_effect(), kept as sugar over holds and granted capabilities (section 5)	1 (E3)	3	codemod	no
STATUS_EFFECT_REPLACE	STATUS_EFFECT_REPLACE	const	1	1	__defines/status_effects.dm	Constants	replaced	body effects: apply_body_effect(), kept as sugar over holds and granted capabilities (section 5)	1 (E3)	3	codemod	no
SUPERMATTER_DANGER	SUPERMATTER_DANGER	const	1	1	__defines/machinery.dm	Constants	kept	kept	n/a	n/a	none	no
SUPERMATTER_DELAMINATING	SUPERMATTER_DELAMINATING	const	1	1	__defines/machinery.dm	Constants	kept	kept	n/a	n/a	none	no
SUPERMATTER_EMERGENCY	SUPERMATTER_EMERGENCY	const	1	1	__defines/machinery.dm	Constants	kept	kept	n/a	n/a	none	no
SUPERMATTER_NORMAL	SUPERMATTER_NORMAL	const	1	1	__defines/machinery.dm	Constants	kept	kept	n/a	n/a	none	no
SUPERMATTER_NOTIFY	SUPERMATTER_NOTIFY	const	1	1	__defines/machinery.dm	Constants	kept	kept	n/a	n/a	none	no
SUPERMATTER_WARNING	SUPERMATTER_WARNING	const	1	1	__defines/machinery.dm	Constants	kept	kept	n/a	n/a	none	no
TGUI_MANAGED_BYONDUI_LIMIT	TGUI_MANAGED_BYONDUI_LIMIT	const	1	1	__defines/tgui.dm	Constants	kept	kept	n/a	n/a	none	no
TGUI_MANAGED_BYONDUI_TYPE_RENDER	TGUI_MANAGED_BYONDUI_TYPE_RENDER	const	1	1	__defines/tgui.dm	Constants	kept	kept	n/a	n/a	none	no
TGUI_MANAGED_BYONDUI_TYPE_UNMOUNT	TGUI_MANAGED_BYONDUI_TYPE_UNMOUNT	const	1	1	__defines/tgui.dm	Constants	kept	kept	n/a	n/a	none	no
TGUI_MAX_OVERSIZED_PAYLOADS	TGUI_MAX_OVERSIZED_PAYLOADS	const	1	1	__defines/tgui.dm	Constants	kept	kept	n/a	n/a	none	no
TGUI_MAX_PAYLOAD_CHUNKS_PER_SECOND	TGUI_MAX_PAYLOAD_CHUNKS_PER_SECOND	const	1	1	__defines/tgui.dm	Constants	kept	kept	n/a	n/a	none	no
TGUI_MODAL_INPUT_MAX_LENGTH_NAME	TGUI_MODAL_INPUT_MAX_LENGTH_NAME	const	1	1	__defines/tgui.dm	Constants	kept	kept	n/a	n/a	none	no
TGUI_PERF_LOG_COOLDOWN	TGUI_PERF_LOG_COOLDOWN	const	1	1	__defines/tgui.dm	Constants	kept	kept	n/a	n/a	none	no
TGUI_PING_TIMEOUT	TGUI_PING_TIMEOUT	const	1	1	__defines/tgui.dm	Constants	kept	kept	n/a	n/a	none	no
TGUI_PREWARM_LOAD_TIMEOUT	TGUI_PREWARM_LOAD_TIMEOUT	const	1	1	__defines/tgui.dm	Constants	kept	kept	n/a	n/a	none	no
TOPIC_HREF	TOPIC_HREF	const	1	1	__defines/topic.dm	Constants	kept	kept	n/a	n/a	none	no
TOPIC_IN_CONTENTS	TOPIC_IN_CONTENTS	const	1	1	__defines/topic.dm	Constants	kept	kept	n/a	n/a	none	no
TOPIC_SPEC_NUM	TOPIC_SPEC_NUM	const	1	1	__defines/topic.dm	Constants	kept	kept	n/a	n/a	none	no
TOPIC_SPEC_REF	TOPIC_SPEC_REF	const	1	1	__defines/topic.dm	Constants	kept	kept	n/a	n/a	none	no
TOPIC_SPEC_RIGHTS	TOPIC_SPEC_RIGHTS	const	1	1	__defines/topic.dm	Constants	kept	kept	n/a	n/a	none	no
TOPIC_SPEC_TEXT	TOPIC_SPEC_TEXT	const	1	1	__defines/topic.dm	Constants	kept	kept	n/a	n/a	none	no
TOTAL	TOTAL	const	1	1	__defines/machinery.dm	Constants	kept	kept	n/a	n/a	none	no
Moved() overrides	Moved() overrides	override	79		content	Overrides of BYOND and base-type procs	replaced	on_notice(/datum/notice/moved, ...); a refusal is extend(/datum/act/move, needs(...))	1 (E4)	3	codemod	yes
Crossed() / Uncrossed() overrides	Crossed() / Uncrossed() overrides	override	83		content	Overrides of BYOND and base-type procs	replaced	on_notice(/datum/notice/crossed | uncrossed, ...); extend(/datum/act/cross, instead(...)) to take it over	1 (E4)	3	codemod	yes
Bump() overrides	Bump() overrides	override	58		content	Overrides of BYOND and base-type procs	replaced	extend(/datum/act/bump, instead(...)) / on_notice(/datum/notice/bumped, ...)	1 (E4)	3	codemod	yes
Entered() / Exited() overrides	Entered() / Exited() overrides	override	60		content	Overrides of BYOND and base-type procs	replaced	on_notice(/datum/notice/inserted | removed, ...)	1 (E4)	3	codemod	yes
afterattack() overrides	afterattack() overrides	override	164		content	Overrides of BYOND and base-type procs	replaced	op(key, at_target(filter), ...) on the held item	2	3	codemod	yes
attackby() / attack_hand() / attack_self() overrides and calls	attackby() / attack_hand() / attack_self() overrides and calls	override	223		content	Overrides of BYOND and base-type procs	replaced	ops (item(), hand(), in_hand()); only the base definitions remain, and the entry procs are input adapters	2	3	codemod	yes
Tool procs (wrench_act, crowbar_act, screwdriver_act, welder_act, wirecutter_act, multitool_act) overrides	Tool procs (wrench_act, crowbar_act, screwdriver_act, welder_act, wirecutter_act, multitool_act) overrides	override	590		content	Overrides of BYOND and base-type procs	replaced	tool ops: op(key, tool(TOOL_X), ...)	2	3	codemod	yes
bullet_act() overrides	bullet_act() overrides	override	82		content	Overrides of BYOND and base-type procs	replaced	extend(/datum/act/hit/projectile, ...) / on_notice(/datum/notice/hit/projectile, ...)	1 (E4)	3	codemod	yes
emp_act / ex_act / fire_act / blob_act overrides	emp_act / ex_act / fire_act / blob_act overrides	override	31		content	Overrides of BYOND and base-type procs	replaced	hit action hooks (the entry points are adapters)	1 (E4)	3	codemod	yes
power_change() overrides	power_change() overrides	override	73		content	Overrides of BYOND and base-type procs	replaced	on_change(STAT_OPERABLE, ANY, parts...), or a powered() contribution	1 (E3)	4	codemod	yes
RefreshParts() definitions	RefreshParts() definitions	override	57		content	Overrides of BYOND and base-type procs	replaced	components(slots) capability	1 (E3)	4	codemod	yes
machine_step() overrides	machine_step() overrides	override	148		content	Overrides of BYOND and base-type procs	replaced	every(interval, then(PROC_REF(x)), when = STAT_OPERABLE)	1 (E3)	4	codemod	yes
LateInitialize() overrides	LateInitialize() overrides	override	78		content	Overrides of BYOND and base-type procs	replaced	on_holder_init(A) for capability setup; after_init(delay, then(PROC_REF(x))) for timed work	1 (E1)	3	codemod	yes
Topic() overrides	Topic() overrides	override	3		content	Overrides of BYOND and base-type procs	replaced	"ops with a topic(""key"", args...) input; the input inbox owns client/Topic"	2	3	codemod	yes
tgui_interact() overrides and calls	tgui_interact() overrides and calls	override	386		content	Overrides of BYOND and base-type procs	replaced	interface(window, ...) declares the window; ui_open(E, actor) opens it from code outside an op	2	3	codemod	yes
tgui_act() overrides	tgui_act() overrides	override	1		content	Overrides of BYOND and base-type procs	replaced	"UI ops: op(""key"", ui_act(""name"", ...))"	2	3	codemod	yes
tgui_data() / tgui_static_data() overrides	tgui_data() / tgui_static_data() overrides	override	79		content	Overrides of BYOND and base-type procs	replaced	ui_data(datum/act/A) output and the cached ui_static_data()	2	3	codemod	yes
update_icon() calls	update_icon() calls	override	2244		content	Overrides of BYOND and base-type procs	deleted	deleted (outputs refresh themselves)	2	3	codemod	yes
add_overlay() / cut_overlays() calls	add_overlay() / cut_overlays() calls	override	503		content	Overrides of BYOND and base-type procs	deleted	deleted: the look builder is the only writer of overlays (draw(look), look_layer())	2	3	codemod	yes
SStgui.update_uis() calls	SStgui.update_uis() calls	override	308		content	Overrides of BYOND and base-type procs	deleted	deleted (pushes are automatic)	2	3	codemod	yes
add_fingerprint() calls	add_fingerprint() calls	override	609		content	Overrides of BYOND and base-type procs	deleted	deleted (the pipeline adds it)	2	3	codemod	yes
refresh_hud() / refresh_vision() calls	refresh_hud() / refresh_vision() calls	override	16		content	Overrides of BYOND and base-type procs	deleted	deleted (outputs refresh themselves)	1 (E6)	5	codemod	yes
Manual *_changed() notify calls	Manual *_changed() notify calls	override	157		content	Overrides of BYOND and base-type procs	replaced	setters, stats and holds publish	1 (E1)	3	codemod	yes
