HandlerFile,HandlerLine,Params,Callsites,Status,Reason,ModuleEvidence,SemanticEvidence,ReviewCoverage,BaseStatus
code/modules/vore/eating/inbelly_spawn.dm,303,mob/observer/dead/prey | req_time,1,BUG_CLAIMED_PROMPT,prey.name deref without null guard before open_request; belongs prompt/flow track.,,,EXPLICIT_BODY_DISPOSITION,BUG_CLAIMED_PROMPT
code/modules/vore/eating/inbelly_spawn.dm,271,mob/observer/dead/prey | req_time,1,BUG_CLAIMED_PROMPT,prey.name deref without null guard before open_request; belongs prompt/flow track.,,,EXPLICIT_BODY_DISPOSITION,BUG_CLAIMED_PROMPT
code/modules/vore/eating/inbelly_spawn.dm,1,client/potential_prey,1,ALREADY_SAFE_CLAIMED_PROMPT,potential_prey null/istype guard before dereference; prompt track untouched.,,,EXPLICIT_BODY_DISPOSITION,ALREADY_SAFE_CLAIMED_PROMPT
code/game/objects/buckling.dm,93,mob/living/buckled_mob | force = FALSE,1,SAFE_EXISTING_OPTIONAL_FALLBACK,"unbuckle_mob(null) deliberately selects first current buckled mob, then guards current relation. Do not insert null return.",,,EXPLICIT_BODY_DISPOSITION,SAFE_EXISTING_OPTIONAL_FALLBACK
code/_helpers/game.dm,788,atom/movable/O | list/group,1,SAFE_NO_ENTITY_DEREFERENCE,O is only removed from C.screen; typed client iteration skips NULL/nonclient list entries. No O dereference.,,O is only removed from C.screen; typed client iteration skips NULL/nonclient list entries. No O dereference.,SOURCE_BODY_AND_DELEGATE_REVIEW,SAFE_EXISTING_ARGUMENT_PATH
code/_onclick/hud/alert.dm,59,atom/movable/screen/alert/alert | category,1,SAFE_APPLIED_GUARD,Current alert && alert.timeout gate prevents cleared independent alert argument access.,,Current alert && alert.timeout gate prevents cleared independent alert argument access.,SOURCE_BODY_AND_DELEGATE_REVIEW,PROPOSED
code/_onclick/hud/fullscreen.dm,166,atom/movable/screen/fullscreen/screen,1,SAFE_DELEGATE,Current owner client is checked; lapsed(screen) delegates lifeform_end whose first branch returns FALSE for NULL.,,Current owner client is checked; lapsed(screen) delegates lifeform_end whose first branch returns FALSE for NULL.,SOURCE_BODY_AND_DELEGATE_REVIEW,SAFE_EXISTING_ARGUMENT_PATH
code/_onclick/hud/screen_objects.dm,1138,mob/user | atom/movable/screen/ammo/F | image/empty,1,SAFE_APPLIED_GUARD,"Current user?.client protects independent user; spent(F,user) delegates NULL-safe lifeform_end; empty image is an overlay operand not dereferenced.",,"Current user?.client protects independent user; spent(F,user) delegates NULL-safe lifeform_end; empty image is an overlay operand not dereferenced.",SOURCE_BODY_AND_DELEGATE_REVIEW,PROPOSED
code/modules/artifice/telecube.dm,202,atom/movable/AM | turf/T | announce,1,FIXED_THIS_BRANCH,"Missing AM dereferenced; pure target effect can skip, no owner cleanup in this callback.","BUG independent target nulled; simple cleanup guard draft ready, actual draw/update_icon untouched",,EXPLICIT_BODY_DISPOSITION,PROPOSED_SCOPE_DRAW_CHECK
code/modules/artifice/telecube.dm,210,atom/movable/AM,1,FIXED_THIS_BRANCH,Missing AM filters dereferenced; no owner cleanup; draw ownership must be checked.,"BUG independent target nulled; simple cleanup guard draft ready, actual draw/update_icon untouched",,EXPLICIT_BODY_DISPOSITION,PROPOSED_SCOPE_DRAW_CHECK
code/_helpers/game.dm,779,image/image | client/remove_from,1,SAFE_EXISTING_GUARD,remove_from?.images guards independent client; image is collection subtraction operand only.,CLEAR independent client optional images removal; image not dereferenced,remove_from?.images guards independent client; image is collection subtraction operand only.,SOURCE_BODY_AND_DELEGATE_REVIEW,SAFE_EXISTING_ARGUMENT_PATH
code/modules/body/body_clock.dm,139,datum/affliction/wound/W,1,ALREADY_SAFE,QDELETED(W) includes null via qdel.dm58; owner/limb checks retained.,CLEAR W QDELETED guarded before damage/owner,,EXPLICIT_BODY_DISPOSITION,ALREADY_SAFE
code/modules/casino/slots.dm,306,mob/user | symbol1 | symbol2 | symbol3,1,SAFE_NULLABLE_NOTIFICATION,user is used only for nullable to_chat; payout and celebration belong to surviving owner and must still run.,CLEAR user only to_chat; payouts machineowner/scalars,user is used only for nullable to_chat; payout and celebration belong to surviving owner and must still run.,SOURCE_BODY_AND_DELEGATE_REVIEW,UNREVIEWED
code/modules/casino/slots.dm,371,mob/user | symbol1 | symbol2 | symbol3,1,SAFE_NULLABLE_NOTIFICATION,user is used only for nullable to_chat; payout and celebration belong to surviving owner and must still run.,CLEAR user only to_chat; payouts machineowner/scalars,user is used only for nullable to_chat; payout and celebration belong to surviving owner and must still run.,SOURCE_BODY_AND_DELEGATE_REVIEW,UNREVIEWED
code/modules/catalogue/cataloguer.dm,239,mob/user | list/state,1,EXCLUDED_DRAW,"User is nullable notification only; captured atom entries are QDELETED-filtered. Actual filter removal is appearance work, excluded.",CLEAR user only to_chat; listentries QDELETED gate,"User is nullable notification only; captured atom entries are QDELETED-filtered. Actual filter removal is appearance work, excluded.",SOURCE_BODY_AND_DELEGATE_REVIEW,UNREVIEWED
code/modules/economy/cargo_market.dm,868,datum/contract/covert_market_investigation/contract,1,EXCLUDED_SYSTEM,Actual datum/system supply callback; contract optional-chain gate precedes state read.,CLEAR contract optional suspect gate shortcircuits before state read,Actual datum/system supply callback; contract optional-chain gate precedes state read.,SOURCE_BODY_AND_DELEGATE_REVIEW,UNREVIEWED
code/modules/economy/vending.dm,581,datum/stored_item/vending_product/R | mob/user,1,ALREADY_SAFE_CLAIMED_MACHINE,Missing R explicitly resets vend_ready/currently_vending before return; user optional guarded.,CLEAR R explicit null gate; user truthy gate before trait; logging nullable delegate existingpolicy,,EXPLICIT_BODY_DISPOSITION,ALREADY_SAFE_CLAIMED_MACHINE
code/modules/economy/vending.dm,575,datum/stored_item/vending_product/R,1,ALREADY_SAFE_CLAIMED_MACHINE,R && R.get_product guards captured R; do not alter vending owner scope.,CLEAR independent R explicit truthy gate before product method,,EXPLICIT_BODY_DISPOSITION,ALREADY_SAFE_CLAIMED_MACHINE
code/modules/generated_station/generated_station_defenders.dm,302,datum/generated_station_defender_agent/agent,1,NO_CHANGE_ARGUMENT_SAFE_CLOSURE,agent?.is_active guard; is_active checks defender exists/notQDELETED/stat before defender derefs. Missing agent or defender safely stops. No concurrency/yield occurs in guards.,CLEAR direct agent optional is_active gate; defender association delegate needs separate contract audit,agent?.is_active guard; is_active checks defender exists/notQDELETED/stat before defender derefs. Missing agent or defender safely stops. No concurrency/yield occurs in guards.,SOURCE_BODY_AND_DELEGATE_REVIEW,UNREVIEWED
code/modules/generated_station/generated_station_defenders.dm,341,atom/target | amount | squad_id,1,SAFE_EXISTING_GATES,Agent activity gate verifies current defender lifetime; target and crate/destination callbacks have explicit null gates before reads. Squad cleanup remains unconditional.,CLEAR independent target explicit null/QDELETED gate,Agent activity gate verifies current defender lifetime; target and crate/destination callbacks have explicit null gates before reads. Squad cleanup remains unconditional.,SOURCE_BODY_AND_DELEGATE_REVIEW,UNREVIEWED
code/modules/generated_station/generated_station_defenders.dm,370,obj/structure/closet/crate/crate | turf/destination | squad_id,1,SAFE_EXISTING_GATES,Agent activity gate verifies current defender lifetime; target and crate/destination callbacks have explicit null gates before reads. Squad cleanup remains unconditional.,CLEAR independentcrate and destination explicit nonnull gates,Agent activity gate verifies current defender lifetime; target and crate/destination callbacks have explicit null gates before reads. Squad cleanup remains unconditional.,SOURCE_BODY_AND_DELEGATE_REVIEW,UNREVIEWED
code/modules/holodeck/HolodeckControl.dm,400,turf/T,1,NO_CHANGE_ARGUMENT_SAFE_CLOSURE,fx_sparks rederives get_turf(where) then returns if no origin. Callback T guard gates all turf heat reads. Actual atmosphere semantics untouched.,CLEAR turfT guarded before deref; fx_sparks nullsafe needshelper final proof,fx_sparks rederives get_turf(where) then returns if no origin. Callback T guard gates all turf heat reads. Actual atmosphere semantics untouched.,SOURCE_BODY_AND_DELEGATE_REVIEW,UNREVIEWED
code/datums/om/after_helpers.dm,75,mob/M | image/I,2,SAFE_OWNER_ALIGNED,Both actual callers targeting_matrix and station_holomap schedule owner=user/watcher and capture that identical mob. rx_timer_fire drops missing owner before callback; current mob client is optional.,CLEAR M same timerowner; client optional and image not dereferenced,Both actual callers targeting_matrix and station_holomap schedule owner=user/watcher and capture that identical mob. rx_timer_fire drops missing owner before callback; current mob client is optional.,SOURCE_BODY_AND_DELEGATE_REVIEW,EXEMPT_CLAIMED
code/modules/hydroponics/seed_mobs.dm,14,mob/living/host,1,SAFE_EXISTING_GATES,QDELETED(host) gate before host reads.,CLEAR independent host QDELETED gate,QDELETED(host) gate before host reads.,SOURCE_BODY_AND_DELEGATE_REVIEW,UNREVIEWED
code/modules/library/lib_machines.dm,670,obj/item/paper/source_paper,1,FIXED_THIS_BRANCH,Handler now guards missing captured arguments while preserving existing surviving-owner cleanup; see current source and follow-up report.,HOLD physicalconstruct/consume source; separate sourcepaper nullable info deref after bookcreated,,SOURCE_BODY_AND_DELEGATE_REVIEW,BUG_SCOPE_MACHINE_CHECK
code/modules/library/lib_machines.dm,678,obj/item/paper_bundle/source_bundle,1,FIXED_THIS_BRANCH,Handler now guards missing captured arguments while preserving existing surviving-owner cleanup; see current source and follow-up report.,HOLD physicalconstruct/consume source; separatebundle nullable pages deref,,SOURCE_BODY_AND_DELEGATE_REVIEW,BUG_SCOPE_MACHINE_CHECK
code/modules/mining/fulton.dm,162,atom/movable/A | turf/landing,1,EXCLUDED_ACTUAL_DRAW_CALLBACK,"fulton_inflate actual cut/add overlay+animate and chain; no A deref except later typed target effects. Actual draw excluded, not blanket physical hold.","HOLD physicaldeployment sequence; A passed through, no local deref","fulton_inflate actual cut/add overlay+animate and chain; no A deref except later typed target effects. Actual draw excluded, not blanket physical hold.",SOURCE_BODY_AND_DELEGATE_REVIEW,UNREVIEWED
code/modules/mining/fulton.dm,173,atom/movable/A | turf/landing,1,EXCLUDED_ACTUAL_DRAW_CALLBACK,"fulton_launch animate owner, typed ishuman A gatesstatus calls, preserves later chain cleanup. Draw excluded.",HOLD physicaldeployment; ishuman gate safe locally passesnullableA downstream,"fulton_launch animate owner, typed ishuman A gatesstatus calls, preserves later chain cleanup. Draw excluded.",SOURCE_BODY_AND_DELEGATE_REVIEW,UNREVIEWED
code/modules/mining/fulton.dm,182,atom/movable/A | turf/landing,1,EXCLUDED_ACTUAL_DRAW_CALLBACK,"fulton_arrive forceMove(nullablelanding) followed actualanimate, keeps restofcleanup. Draw plus builtin landing policy; not proven direct argument deref.",HOLD physicaldeployment; nullablelanding forceMove policy,"fulton_arrive forceMove(nullablelanding) followed actualanimate, keeps restofcleanup. Draw plus builtin landing policy; not proven direct argument deref.",SOURCE_BODY_AND_DELEGATE_REVIEW,UNREVIEWED
code/modules/mining/fulton.dm,189,atom/movable/A,1,EXCLUDED_ACTUAL_DRAW_CALLBACK,fulton_retract actual cut/addoverlay beforelaterland; nullableA only forwarded. Draw excluded.,HOLD physicaldeployment passes nullableA downstream,fulton_retract actual cut/addoverlay beforelaterland; nullableA only forwarded. Draw excluded.,SOURCE_BODY_AND_DELEGATE_REVIEW,UNREVIEWED
code/modules/mining/fulton.dm,194,atom/movable/A,1,FIXED_THIS_BRANCH,Guard A anchoring/density only; always retain animation/release timer so holder cleanup occurs.,HOLD physicaldeployment independentA unchecked anchoring/density,,EXPLICIT_BODY_DISPOSITION,PROPOSED
code/modules/mining/fulton.dm,201,atom/movable/A,1,FIXED_THIS_BRANCH,Guard A.forceMove only; consume(src) must always run.,HOLD physicaldeployment independentA unchecked forceMove; must cleanupowner onmissingtarget,,EXPLICIT_BODY_DISPOSITION,PROPOSED
code/modules/mining/shelter_atoms.dm,343,mob/user | list/preview_render,1,FIXED_THIS_BRANCH,user.client.images deref lacks user/client guard; preview images cleanup needs separate lifetime proof.,BUG user/client null optional cleanup guard authorized latest; artifact ready,,EXPLICIT_BODY_DISPOSITION,BUG_SCOPE_DRAW_CHECK
code/modules/mining/shelter_atoms.dm,383,mob/user,1,NO_CHANGE_ARGUMENT_SAFE_CLOSURE,log_and_message_admins handles null explicit user by EVENT text; consume actor optional. Entire deployment remains owner-relative; no user deref needs guard.,HOLD physical deployment/consume chain; nullable user log delegate needs scope,log_and_message_admins handles null explicit user by EVENT text; consume actor optional. Entire deployment remains owner-relative; no user deref needs guard.,SOURCE_BODY_AND_DELEGATE_REVIEW,UNREVIEWED
code/modules/mining/shelter_atoms.dm,335,mob/user | list/preview_render | fade_time = 1 SECOND,1,EXCLUDED_DRAW_WITH_CLIENT_GUARD,Preview animation is excluded actual draw; delete_preview_render gates user?.client before client reads.,HOLD drawscope cleanup audit,Preview animation is excluded actual draw; delete_preview_render gates user?.client before client reads.,SOURCE_BODY_AND_DELEGATE_REVIEW,UNREVIEWED
code/modules/mining/shelter_atoms.dm,368,mob/user,1,NO_CHANGE_ARGUMENT_SAFE_CLOSURE,"user only forwarded to later deploy_step_two; no local user deref, owner can_deploy failure restores usedFALSE.",HOLD physical deployment chain; user forwarded,"user only forwarded to later deploy_step_two; no local user deref, owner can_deploy failure restores usedFALSE.",SOURCE_BODY_AND_DELEGATE_REVIEW,UNREVIEWED
code/modules/mob/remote_view.dm,549,mob/cache_mob | turf/release_turf,1,OWNER_PROTECTED_DRAW,Actual sole timer owner equals cache_mob; deleted cache_mob drops owner callback. release_turf may be null but visual/view scope excluded.,,,EXPLICIT_BODY_DISPOSITION,OWNER_PROTECTED_DRAW
code/modules/mob/transform_procs.dm,24,atom/movable/overlay/animation,1,ALREADY_SAFE,"Animation only reaches spent(), whose lifeform_end returns FALSE for null; owner restoration/transformation must still run.",,,EXPLICIT_BODY_DISPOSITION,ALREADY_SAFE
code/modules/nifsoft/nif.dm,122,mob/living/carbon/human/source,1,SAFE_EXISTING_GATES,Source/H QDELETED guards precede captured actor persistence/mind reads.,CLEAR QDELETED source guard,Source/H QDELETED guards precede captured actor persistence/mind reads.,SOURCE_BODY_AND_DELEGATE_REVIEW,UNREVIEWED
code/modules/nifsoft/nif.dm,176,mob/living/carbon/human/H,1,SAFE_EXISTING_GATES,Source/H QDELETED guards precede captured actor persistence/mind reads.,CLEAR QDELETED H guard before mind/implant,Source/H QDELETED guards precede captured actor persistence/mind reads.,SOURCE_BODY_AND_DELEGATE_REVIEW,UNREVIEWED
code/modules/nifsoft/nif_softshop.dm,164,datum/stored_item/vending_product/R | mob/living/carbon/human/H | mob/user,1,BUG_EXCLUDED_POWER_DRAW_OWNERSHIP,R.amount and H.nif are unguarded; completion also resets vending state/ownership and flicks appearance. No blanket return before cleanup; reserved power/draw/ownership track.,HOLD BUG nullable R/H vending completion dereferences,R.amount and H.nif are unguarded; completion also resets vending state/ownership and flicks appearance. No blanket return before cleanup; reserved power/draw/ownership track.,SOURCE_BODY_AND_DELEGATE_REVIEW,UNREVIEWED
code/modules/paperwork/faxmachine.dm,460,obj/item/incoming,1,SAFE_TYPED_DISPATCH_POWER_EXCLUDED,Typed incoming paper/photo/bundle branches skip missing input; surviving owner power debit is not skipped.,CLEAR incoming type branches guard before dereference,Typed incoming paper/photo/bundle branches skip missing input; surviving owner power debit is not skipped.,SOURCE_BODY_AND_DELEGATE_REVIEW,UNREVIEWED
code/modules/paperwork/paper.dm,829,mob/user | obj/item/flame/P | class,1,FIXED_THIS_BRANCH,Actual burn predicate requires live user and flame before hand/lit reads; the original failed-burn notice remains.,HOLD BUG nullable user/P physical burn tail; null P may equal null hand,Actual burn predicate requires live user and flame before hand/lit reads; the original failed-burn notice remains.,SOURCE_BODY_REVIEW_AND_LANDED_FIX,UNREVIEWED
code/modules/paperwork/paper_bundle.dm,280,mob/user | obj/item/flame/P | class,1,FIXED_THIS_BRANCH,Actual bundle burn predicate requires live user and flame before hand/lit reads; the original failed-burn notice remains.,HOLD BUG nullable user/P physical burn tail; null P may equal null hand,Actual bundle burn predicate requires live user and flame before hand/lit reads; the original failed-burn notice remains.,SOURCE_BODY_REVIEW_AND_LANDED_FIX,UNREVIEWED
code/modules/paperwork/photocopier.dm,129,mob/user,1,SAFE_NULLABLE_NOTIFICATION_POWER_EXCLUDED,Captured user only nullable chat/forwarding; actual copyass reselects current sitter and type-checks it. Owner reset/rearm must still execute. Power callbacks untouched.,CLEAR user forwarded to copy_next nullsafe message,Captured user only nullable chat/forwarding; actual copyass reselects current sitter and type-checks it. Owner reset/rearm must still execute. Power callbacks untouched.,SOURCE_BODY_AND_DELEGATE_REVIEW,UNREVIEWED
code/modules/paperwork/photocopier.dm,155,mob/user | left | copy_type,2,SAFE_NULLABLE_NOTIFICATION_POWER_EXCLUDED,Captured user only nullable chat/forwarding; actual copyass reselects current sitter and type-checks it. Owner reset/rearm must still execute. Power callbacks untouched.,CLEAR user forwarded; current copyitem guarded,Captured user only nullable chat/forwarding; actual copyass reselects current sitter and type-checks it. Owner reset/rearm must still execute. Power callbacks untouched.,SOURCE_BODY_AND_DELEGATE_REVIEW,UNREVIEWED
code/modules/paperwork/photocopier.dm,170,mob/user | left,1,SAFE_NULLABLE_NOTIFICATION_POWER_EXCLUDED,Captured user only nullable chat/forwarding; actual copyass reselects current sitter and type-checks it. Owner reset/rearm must still execute. Power callbacks untouched.,CLEAR user forwarded copyass current sitter type gates,Captured user only nullable chat/forwarding; actual copyass reselects current sitter and type-checks it. Owner reset/rearm must still execute. Power callbacks untouched.,SOURCE_BODY_AND_DELEGATE_REVIEW,UNREVIEWED
code/modules/paperwork/photocopier.dm,174,mob/user | left,2,SAFE_NULLABLE_NOTIFICATION_POWER_EXCLUDED,Captured user only nullable chat/forwarding; actual copyass reselects current sitter and type-checks it. Owner reset/rearm must still execute. Power callbacks untouched.,CLEAR user forwarded to copy_next nullsafe message,Captured user only nullable chat/forwarding; actual copyass reselects current sitter and type-checks it. Owner reset/rearm must still execute. Power callbacks untouched.,SOURCE_BODY_AND_DELEGATE_REVIEW,UNREVIEWED
code/modules/power/power.dm,236,obj/machinery/power/source,1,SAFE_ACTUAL_VIRTUAL_SOURCE_UNUSED,"Sole generator after(P,..overload,src) dispatches current base/terminal/APC/thermoregulator overrides. Terminal optional master forwards; APC and thermo never read source. Missing captured source safe; ordinary electrical overload tail untouched.",,"Sole generator after(P,..overload,src) dispatches current base/terminal/APC/thermoregulator overrides. Terminal optional master forwards; APC and thermo never read source. Missing captured source safe; ordinary electrical overload tail untouched.",SOURCE_BODY_AND_DELEGATE_REVIEW,EXEMPT_CLAIMED
code/game/objects/explosion_service.dm,478,turf/epicenter | devastation_range | heavy_impact_range | light_impact_range | flash_range | adminlog = 1 | z_transfer = UP|DOWN | shaped,1,SAFE_EXISTING_EPICENTER_GUARD,explosion rederives turf then returns if missing epicenter; protected propagation unchanged.,,,EXPLICIT_BODY_DISPOSITION,SAFE_EXISTING_EPICENTER_GUARD
code/modules/projectiles/gun.dm,411,atom/target | mob/living/user | clickparams | pointblank=0 | reflex=0 | ticker | recursive = FALSE | stance = I_HURT,1,FIXED_THIS_BRANCH,Handler now guards missing captured arguments while preserving existing surviving-owner cleanup; see current source and follow-up report.,HOLD BUG independent user.stat unchecked; physical burst/update_icon tail,Shooter null stat read; existing abort adds deleted shooter before consuming ammo.,SOURCE_BODY_AND_DELEGATE_REVIEW,UNREVIEWED
code/modules/projectiles/gun.dm,513,atom/target | ticker | recursive = FALSE,1,SAFE_NULL_DELEGATE,old_style_target uses Get_Angle null-return0; no target member read in callback; preserve launch diagnostics.,HOLD projectile fire/update_icon tail; target optional latecheck but projectile delegate not proven,old_style_target uses Get_Angle null-return0; no target member read in callback; preserve launch diagnostics.,SOURCE_BODY_AND_DELEGATE_REVIEW,UNREVIEWED
code/modules/recycling/disposal_outlet.dm,128,list/ejected_items | datum/gas_mixture/gas | playsound = FALSE,2,SAFE_TYPED_LIST_AND_GAS_GATE,Typed movable iteration skips resolved-null deleted entries; assume_air explicitly guards missing gas. throw_at rejects missing target. No atmos implementation edits.,HOLD physical ejection/atmos transfer chain gas/array payload delegate lifetime,Typed movable iteration skips resolved-null deleted entries; assume_air explicitly guards missing gas. throw_at rejects missing target. No atmos implementation edits.,SOURCE_BODY_AND_DELEGATE_REVIEW,UNREVIEWED
code/modules/recycling/recycling.dm,109,obj/item/O,1,BUG_EXCLUDED_POWER_DRAW,O.material_totals directly reads missing item; callback owns power/working/icon reset so a head return loses cleanup. Power/draw track excluded.,HOLD BUG independent O material_totals unchecked; physical crushing completion,O.material_totals directly reads missing item; callback owns power/working/icon reset so a head return loses cleanup. Power/draw track excluded.,SOURCE_BODY_AND_DELEGATE_REVIEW,UNREVIEWED
code/modules/recycling/recycling.dm,164,obj/item/O,1,BUG_CLAIMED_MACHINE_PROCESS,sort_item(O) derefs material_totals; must retain dispensing/working cleanup rather than early return.,HOLD BUG independent O unchecked material_totals in physical sorting delegate,,EXPLICIT_BODY_DISPOSITION,BUG_CLAIMED_MACHINE_PROCESS
code/modules/recycling/recycling.dm,213,obj/item/O,1,ALREADY_SAFE_CLAIMED_MACHINE_PROCESS,dust_to_sheet checks istype(D) first; stamp_done still idles/release working flag.,CLEAR dust_to_sheet istype guard rejects null before derefs; owner completion remains,,EXPLICIT_BODY_DISPOSITION,ALREADY_SAFE_CLAIMED_MACHINE_PROCESS
code/modules/recycling/v_garbosystem.dm,213,atom/movable/A,1,FIXED_THIS_BRANCH,The item-location predicate first checks A; absent item skips target digestion without changing owner operating state.,HOLD BUG independent A unchecked loc in physical digestion tail,The item-location predicate first checks A; absent item skips target digestion without changing owner operating state.,SOURCE_BODY_REVIEW_AND_LANDED_FIX,UNREVIEWED
code/modules/recycling/v_garbosystem.dm,223,atom/movable/A,1,SAFE_EXISTING_GATES,crunch_finish gates A before effect; owner reset still executes.,CLEAR explicit A gate before physical tail,crunch_finish gates A before effect; owner reset still executes.,SOURCE_BODY_AND_DELEGATE_REVIEW,UNREVIEWED
code/modules/resleeving/autoresleever.dm,275,mob/living/carbon/human/new_character | datum/transhuman/mind_record/record,1,FIXED_THIS_BRANCH,Handler now guards missing captured arguments while preserving existing surviving-owner cleanup; see current source and follow-up report.,HOLD separate record null; transfer domain requiresaudit,"Captured record may disappear independently of owner body; skip restoration when backup absent, preserve current NIF. Actual mind_record ctor fixture avoids DB insertion. Patch/test drafted.",SOURCE_BODY_AND_DELEGATE_REVIEW,UNREVIEWED
code/modules/resleeving/autoresleever.dm,282,obj/item/nif/nif | list/software | durability,2,SAFE_APPLIED_OR_OWNER_BOUND,"restore_nif now guards actor/record. install_nif_software actual calls bind nif as timer owner; deleted owner drops callback, software entries are type-path scalars.",CLEAR NIF same timerowner normaldomain; listsoftware noentity refs,"restore_nif now guards actor/record. install_nif_software actual calls bind nif as timer owner; deleted owner drops callback, software entries are type-path scalars.",SOURCE_BODY_AND_DELEGATE_REVIEW,UNREVIEWED
code/modules/resleeving/computers.dm,533,obj/item/dnainjector/I,1,FIXED_THIS_BRANCH,Handler now guards missing captured arguments while preserving existing surviving-owner cleanup; see current source and follow-up report.,HOLD BUG independent I unchecked forceMove in physical ejection tail,,SOURCE_BODY_AND_DELEGATE_REVIEW,BUG_SCOPE_MACHINE_CHECK
code/modules/security levels/keycard authentication.dm,192,mob/user,1,SAFE_NULLABLE_NOTIFICATION,trigger_event uses captured user only nullable notification; confirmed/reset/log owner work remains required.,CLEAR user used only nullsafe to_chat in trigger_event; security event tail ownerrelative,trigger_event uses captured user only nullable notification; confirmed/reset/log owner work remains required.,SOURCE_BODY_AND_DELEGATE_REVIEW,UNREVIEWED
code/modules/shuttles/crashes.dm,49,list/victims | obj/effect/shuttle_landmark/target,1,FIXED_THIS_BRANCH,Handler now guards missing captured arguments while preserving existing surviving-owner cleanup; see current source and follow-up report.,HOLD physical shuttle/body crash; nested victims retained list is separate lifetime contract,Two as-anything victim loops dereference members resolved to NULL. Per-entry guards needed while preserving shuttle move/explosion/status/announcement and remaining victim restoration.,SOURCE_BODY_AND_DELEGATE_REVIEW,UNREVIEWED
code/modules/shuttles/shuttle.dm,165,obj/effect/shuttle_landmark/start_location | obj/effect/shuttle_landmark/destination,1,SAFE_LANDMARK_DELEGATE_GATES,create_warning_effect rejects missing destination; attempt_move rejects/logs missing destination; long departure gates failed move before interim read. Actual web hooks ignore captured landmark formals. Periodic transit implementation excluded.,HOLD physical shuttle transit chain; destination passed warning delegate,create_warning_effect rejects missing destination; attempt_move rejects/logs missing destination; long departure gates failed move before interim read. Actual web hooks ignore captured landmark formals. Periodic transit implementation excluded.,SOURCE_BODY_AND_DELEGATE_REVIEW,UNREVIEWED
code/modules/shuttles/shuttle.dm,170,obj/effect/shuttle_landmark/start_location | obj/effect/shuttle_landmark/destination,1,SAFE_LANDMARK_DELEGATE_GATES,create_warning_effect rejects missing destination; attempt_move rejects/logs missing destination; long departure gates failed move before interim read. Actual web hooks ignore captured landmark formals. Periodic transit implementation excluded.,HOLD physical shuttle transit destination/start callbacks require domain closure,create_warning_effect rejects missing destination; attempt_move rejects/logs missing destination; long departure gates failed move before interim read. Actual web hooks ignore captured landmark formals. Periodic transit implementation excluded.,SOURCE_BODY_AND_DELEGATE_REVIEW,UNREVIEWED
code/modules/shuttles/shuttle.dm,208,obj/effect/shuttle_landmark/start_location | obj/effect/shuttle_landmark/destination | obj/effect/shuttle_landmark/interim | travel_time,1,SAFE_LANDMARK_DELEGATE_GATES,create_warning_effect rejects missing destination; attempt_move rejects/logs missing destination; long departure gates failed move before interim read. Actual web hooks ignore captured landmark formals. Periodic transit implementation excluded.,HOLD physical shuttle transit chain delegated destination lifetime,create_warning_effect rejects missing destination; attempt_move rejects/logs missing destination; long departure gates failed move before interim read. Actual web hooks ignore captured landmark formals. Periodic transit implementation excluded.,SOURCE_BODY_AND_DELEGATE_REVIEW,UNREVIEWED
code/modules/shuttles/shuttle.dm,213,obj/effect/shuttle_landmark/start_location | obj/effect/shuttle_landmark/destination | obj/effect/shuttle_landmark/interim | travel_time,1,SAFE_LANDMARK_DELEGATE_GATES,create_warning_effect rejects missing destination; attempt_move rejects/logs missing destination; long departure gates failed move before interim read. Actual web hooks ignore captured landmark formals. Periodic transit implementation excluded.,HOLD physical shuttle transit interim unchecked after attempt_move; API refusal proof needed,create_warning_effect rejects missing destination; attempt_move rejects/logs missing destination; long departure gates failed move before interim read. Actual web hooks ignore captured landmark formals. Periodic transit implementation excluded.,SOURCE_BODY_AND_DELEGATE_REVIEW,UNREVIEWED
code/modules/shuttles/shuttle_specops.dm,153,area/centcom/specops/special_ops,1,SAFE_DELEGATE_NULL_AREA,area_contents_of_type(NULL) emptylist; typed drive loop absent area skips; portal scheduling independent preserved,HOLD physical deployment global chain; area passed onward,area_contents_of_type(NULL) emptylist; typed drive loop absent area skips; portal scheduling independent preserved,SOURCE_BODY_AND_DELEGATE_REVIEW,UNREVIEWED
code/modules/shuttles/shuttle_specops.dm,167,area/centcom/specops/special_ops,1,SAFE_DELEGATE_NULL_AREA,area_contents_of_type(NULL) emptylist; typed drive loop absent area skips; portal scheduling independent preserved,HOLD physical deployment global chain; null area iteration onward close,area_contents_of_type(NULL) emptylist; typed drive loop absent area skips; portal scheduling independent preserved,SOURCE_BODY_AND_DELEGATE_REVIEW,UNREVIEWED
code/modules/shuttles/shuttle_specops.dm,174,area/centcom/specops/special_ops,1,FIXED_THIS_BRANCH,Handler now guards missing captured arguments while preserving existing surviving-owner cleanup; see current source and follow-up report.,HOLD BUG area nullable readyreset deref global physical deployment tail,Only readyreset directly dereferences area; optional call preserves existing close loop and tail semantics,SOURCE_BODY_AND_DELEGATE_REVIEW,UNREVIEWED
code/modules/shuttles/shuttle_supply.dm,28,obj/effect/shuttle_landmark/destination,1,SAFE_LANDMARK_DELEGATE_GATES,create_warning_effect rejects missing destination; attempt_move rejects/logs missing destination; long departure gates failed move before interim read. Actual web hooks ignore captured landmark formals. Periodic transit implementation excluded.,HOLD physical shuttle transit continuation destination,create_warning_effect rejects missing destination; attempt_move rejects/logs missing destination; long departure gates failed move before interim read. Actual web hooks ignore captured landmark formals. Periodic transit implementation excluded.,SOURCE_BODY_AND_DELEGATE_REVIEW,UNREVIEWED
code/modules/shuttles/shuttle_supply.dm,32,obj/effect/shuttle_landmark/destination,1,SAFE_LANDMARK_DELEGATE_GATES,create_warning_effect rejects missing destination; attempt_move rejects/logs missing destination; long departure gates failed move before interim read. Actual web hooks ignore captured landmark formals. Periodic transit implementation excluded.,HOLD physical shuttle departure destination continuation,create_warning_effect rejects missing destination; attempt_move rejects/logs missing destination; long departure gates failed move before interim read. Actual web hooks ignore captured landmark formals. Periodic transit implementation excluded.,SOURCE_BODY_AND_DELEGATE_REVIEW,UNREVIEWED
code/modules/shuttles/shuttle_supply.dm,62,obj/effect/shuttle_landmark/destination | obj/effect/shuttle_landmark/away_waypoint,1,SAFE_LANDMARK_DELEGATE_GATES,create_warning_effect rejects missing destination; attempt_move rejects/logs missing destination; long departure gates failed move before interim read. Actual web hooks ignore captured landmark formals. Periodic transit implementation excluded.,HOLD physical shuttle transit attempt_move destination,create_warning_effect rejects missing destination; attempt_move rejects/logs missing destination; long departure gates failed move before interim read. Actual web hooks ignore captured landmark formals. Periodic transit implementation excluded.,SOURCE_BODY_AND_DELEGATE_REVIEW,UNREVIEWED
code/modules/spells/spells.dm,178,atom/hit_atom | mob/living/user | image/target_image,1,FIXED_THIS_BRANCH,Handler now guards missing captured arguments while preserving existing surviving-owner cleanup; see current source and follow-up report.,HOLD physical projectile cast delegate independent hit_atom/user lifetime,"spends image before missing-user/owner refusal, normal shot_ready toggles unchanged",SOURCE_BODY_AND_DELEGATE_REVIEW,UNREVIEWED
code/modules/spells/spell_projectile.dm,32,obj/effect/trail,1,EXCLUDED_OWNERSHIP_SAFE_NULL_MEMBER,"expire_trail only relation removal; missing member is supported no-op, ownership site remains unchanged.",CLEAR nullable trail passed only relation removal API; no trail deref,"expire_trail only relation removal; missing member is supported no-op, ownership site remains unchanged.",SOURCE_BODY_AND_DELEGATE_REVIEW,UNREVIEWED
code/modules/telesci/hyper_pad.dm,157,mob/user,1,SAFE_NULLABLE_NOTIFICATION,Captured user only nullable chat; current owner/linked pad business state drives transport. Root applied separate Pad animation guard.,CLEAR user only null-safe notification; physical tail uses current objects not timeruser,Captured user only nullable chat; current owner/linked pad business state drives transport. Root applied separate Pad animation guard.,SOURCE_BODY_AND_DELEGATE_REVIEW,UNREVIEWED
code/modules/telesci/hyper_pad.dm,154,obj/machinery/hyperpad/Pad,1,FIXED_THIS_BRANCH,Handler now guards missing captured arguments while preserving existing surviving-owner cleanup; see current source and follow-up report.,BUG independent Pad nullable cut_overlays; visual handler guard candidate,,SOURCE_BODY_AND_DELEGATE_REVIEW,BUG_SCOPE_DRAW_CHECK
code/modules/telesci/hyper_pad.dm,214,obj/machinery/hyperpad/Pad | mutable_appearance/color,1,FIXED_THIS_BRANCH,Handler now guards missing captured arguments while preserving existing surviving-owner cleanup; see current source and follow-up report.,BUG independent Pad nullable add_overlay; actual draw mutation handler scope HOLD,,SOURCE_BODY_AND_DELEGATE_REVIEW,BUG_SCOPE_DRAW_CHECK
code/modules/telesci/quantum_pad.dm,245,mob/user,1,NO_CHANGE_CAPTURED_USER_SAFE_PROTECTED_POWER,"gateway_scatter user only nullable to_chat, transport ownerrelative. Existing reset teleporting occurs before delegate. Power excluded; no missing-user fix required.",HOLD physical transport/power pipeline; user only messaging before gateway_scatter delegate,"gateway_scatter user only nullable to_chat, transport ownerrelative. Existing reset teleporting occurs before delegate. Power excluded; no missing-user fix required.",SOURCE_BODY_AND_DELEGATE_REVIEW,UNREVIEWED
code/modules/telesci/telesci_computer.dm,349,mob/user | trueDistance | spawn_time | turf/target | trueX | trueY,1,NO_CHANGE_CAPTURED_USER_SAFE_PROTECTED_POWER,Captured user only key_name logging/nullsafe chat; target guard !A shortcircuits target.block_tele after get_area. Current telepad gated. Power semantics excluded.,HOLD physical transport/power pipeline; user only messaging before gateway_scatter delegate,Captured user only key_name logging/nullsafe chat; target guard !A shortcircuits target.block_tele after get_area. Current telepad gated. Power semantics excluded.,SOURCE_BODY_AND_DELEGATE_REVIEW,UNREVIEWED
code/modules/xenobio/items/extracts.dm,1603,atom/extract,1,SAFE_TYPED_OR_OWNER_BOUND_PERIODIC_EXCLUDED,Typed turf guards before reads; actual extract-bound owner timer drops if extract deleted. Post-explosion QDELETED guard present. om_task_periodic helper explicitly excluded.,CLEAR extract same timerowner; get_turf typeguard,Typed turf guards before reads; actual extract-bound owner timer drops if extract deleted. Post-explosion QDELETED guard present. om_task_periodic helper explicitly excluded.,SOURCE_BODY_AND_DELEGATE_REVIEW,UNREVIEWED
code/modules/xenobio/items/extracts.dm,1613,atom/extract,1,SAFE_TYPED_OR_OWNER_BOUND_PERIODIC_EXCLUDED,Typed turf guards before reads; actual extract-bound owner timer drops if extract deleted. Post-explosion QDELETED guard present. om_task_periodic helper explicitly excluded.,CLEAR extract same timerowner; turf guarded,Typed turf guards before reads; actual extract-bound owner timer drops if extract deleted. Post-explosion QDELETED guard present. om_task_periodic helper explicitly excluded.,SOURCE_BODY_AND_DELEGATE_REVIEW,UNREVIEWED
code/modules/xenobio/items/extracts.dm,1618,atom/extract,1,SAFE_TYPED_OR_OWNER_BOUND_PERIODIC_EXCLUDED,Typed turf guards before reads; actual extract-bound owner timer drops if extract deleted. Post-explosion QDELETED guard present. om_task_periodic helper explicitly excluded.,CLEAR extract same timerowner normaldomain,Typed turf guards before reads; actual extract-bound owner timer drops if extract deleted. Post-explosion QDELETED guard present. om_task_periodic helper explicitly excluded.,SOURCE_BODY_AND_DELEGATE_REVIEW,UNREVIEWED
code/modules/xenobio/items/extracts.dm,1622,atom/extract,1,SAFE_TYPED_OR_OWNER_BOUND_PERIODIC_EXCLUDED,Typed turf guards before reads; actual extract-bound owner timer drops if extract deleted. Post-explosion QDELETED guard present. om_task_periodic helper explicitly excluded.,CLEAR extract same timerowner normaldomain; periodic API untouched,Typed turf guards before reads; actual extract-bound owner timer drops if extract deleted. Post-explosion QDELETED guard present. om_task_periodic helper explicitly excluded.,SOURCE_BODY_AND_DELEGATE_REVIEW,UNREVIEWED
code/modules/xenobio/items/extracts.dm,1625,atom/extract | power,1,SAFE_TYPED_OR_OWNER_BOUND_PERIODIC_EXCLUDED,Typed turf guards before reads; actual extract-bound owner timer drops if extract deleted. Post-explosion QDELETED guard present. om_task_periodic helper explicitly excluded.,CLEAR extract same timerowner; explicit postexplosion QDELETED gate,Typed turf guards before reads; actual extract-bound owner timer drops if extract deleted. Post-explosion QDELETED guard present. om_task_periodic helper explicitly excluded.,SOURCE_BODY_AND_DELEGATE_REVIEW,UNREVIEWED
code/modules/xenoarcheaology/artifacts/gigadrill.dm,36,turf/simulated/mineral/M,1,FIXED_THIS_BRANCH,Actual ChangeTurf regression demonstrates captured turf can rebind to a floor; istype(M) prevents GetDrilled on a replacement and retains unconditional relation/anchor cleanup.,HOLD physical drill target nullable M.GetDrilled conditional parent association needs contract,Actual ChangeTurf regression demonstrates captured turf can rebind to a floor; istype(M) prevents GetDrilled on a replacement and retains unconditional relation/anchor cleanup.,SOURCE_BODY_AND_DELEGATE_REVIEW,UNREVIEWED
code/modules/xenoarcheaology/effects/resurrect.dm,96,mob/living/carbon/human/H | atom/holder,1,FIXED_THIS_BRANCH,Handler now guards missing captured arguments while preserving existing surviving-owner cleanup; see current source and follow-up report.,HOLD BUG independent holder nullable visible_message both branches; body revival scope,Independent holder visible_message two branches; safe-navigation retains actual return_from_death call and existing logging. Patch + real isolated missing-holder test drafted.,SOURCE_BODY_AND_DELEGATE_REVIEW,UNREVIEWED
code/modules/vore/eating/simple_animal.dm,119,mob/living/L,4,EXCLUDED_OWNERSHIP_SAFE_NULL_MEMBER,"Captured prey only nullable relation removal, supported no-op; ownership site untouched.",CLEAR L only relation removal nullable API,"Captured prey only nullable relation removal, supported no-op; ownership site untouched.",SOURCE_BODY_AND_DELEGATE_REVIEW,UNREVIEWED
code/modules/vore/eating/special_bellies.dm,28,atom/movable/thing,1,FIXED_THIS_BRANCH,Handler now guards missing captured arguments while preserving existing surviving-owner cleanup; see current source and follow-up report.,HOLD BUG independent thing nullable forceMove; physical transport,"try_tele has actual thing.forceMove direct read, but same exact helper called by structure periodic_step and Entered after. Changing helper alters explicitly excluded structure periodic path; not merely physical scope.",SOURCE_BODY_AND_DELEGATE_REVIEW,UNREVIEWED
code/modules/vore/eating/vorepanel.dm,1199,mob/user | mob/living/M | mob/living/host,1,SAFE_EXISTING_OPTIONAL_GATES,"M?.loc==src gates missing mob; host used only formatted text, user only nullable chat. Root guarded the separate delayed TB handler.",CLEAR M?.loc equality guards; host only text; user only message,"M?.loc==src gates missing mob; host used only formatted text, user only nullable chat. Root guarded the separate delayed TB handler.",SOURCE_BODY_AND_DELEGATE_REVIEW,UNREVIEWED
code/modules/vore/eating/vorepanel.dm,1213,mob/user | mob/living/M | mob/living/host | obj/belly/TB,1,FIXED_THIS_BRANCH,Previously landed handler guard protects the absent independent argument and preserves its existing cleanup; see current source and Task 4 fixes in the report.,BUG independent TB; existing gate extension artifact ready latest scope,,SOURCE_BODY_REVIEW_AND_LANDED_FIX,UNREVIEWED
code/modules/spells/targeted/ethereal_jaunt.dm,44,mob/living/target | obj/effect/dummy/spell_jaunt/holder | atom/movable/overlay/animation,1,FIXED_THIS_BRANCH,Handler now guards missing captured arguments while preserving existing surviving-owner cleanup; see current source and follow-up report.,HOLD BUG independent holder/animation/target unchecked physical jaunt recovery,Resurface routes missing participant to finish before holder/animation/target accesses; final cleanup restores movement and disposes surviving auxiliaries,SOURCE_BODY_AND_DELEGATE_REVIEW,UNREVIEWED
code/modules/spells/targeted/ethereal_jaunt.dm,52,mob/living/target | obj/effect/dummy/spell_jaunt/holder | atom/movable/overlay/animation,1,FIXED_THIS_BRANCH,Handler now guards missing captured arguments while preserving existing surviving-owner cleanup; see current source and follow-up report.,HOLD physical jaunt reappear delegates independent refs,"All three actual timed stages covered: route missing participant to cleanup; surviving target canmove/perspective restored, auxiliaries spent",SOURCE_BODY_AND_DELEGATE_REVIEW,UNREVIEWED
code/modules/spells/targeted/ethereal_jaunt.dm,56,mob/living/target | obj/effect/dummy/spell_jaunt/holder | atom/movable/overlay/animation,1,FIXED_THIS_BRANCH,Handler now guards missing captured arguments while preserving existing surviving-owner cleanup; see current source and follow-up report.,HOLD BUG holder and target unchecked physical/body recovery,"All three actual timed stages covered: route missing participant to cleanup; surviving target canmove/perspective restored, auxiliaries spent",SOURCE_BODY_AND_DELEGATE_REVIEW,UNREVIEWED
code/modules/admin/verbs/lightning_strike.dm,35,turf/T | cosmetic = FALSE,2,BUG_POWER_DRAW,"T.z deref before existing global lightning/power effects; power/draw excluded, no patch.",HOLD turf payload T.z unchecked; physical lightning scope and replaced turf semantics need contract,,EXPLICIT_BODY_DISPOSITION,BUG_POWER_DRAW
code/modules/research/anomaly/anomaly_core.dm,241,mob/living/coughing,1,FIXED_THIS_BRANCH,Previously landed handler guard protects the absent independent argument and preserves its existing cleanup; see current source and Task 4 fixes in the report.,BUG independent coughing QDELETED guard artifact ready; prevents null owner rearm,,SOURCE_BODY_REVIEW_AND_LANDED_FIX,UNREVIEWED
code/modules/reagents/machinery/alembic.dm,68,mob/user,1,SAFE_NULLABLE_NOTIFICATION,user only nullable chat; bubbling completion and potion spawn are surviving owner work.,CLEAR user only to_chat; ownerrelative potion completion,user only nullable chat; bubbling completion and potion spawn are surviving owner work.,SOURCE_BODY_AND_DELEGATE_REVIEW,UNREVIEWED
code/modules/reagents/reagents/content/medicine.dm,2222,mob/living/carbon/human/M | gender_change,1,SAFE_EXISTING_GUARD_NATIVE_REQUEST_HANDOFF,QDELETED M before cooldown reset/open_request; sole after owns/captures same M. Existing asks/native request implementation remains excluded; no eligible callback fix needed.,CLEAR M QDELETED guarded plus same timerowner; gender scalar,QDELETED M before cooldown reset/open_request; sole after owns/captures same M. Existing asks/native request implementation remains excluded; no eligible callback fix needed.,SOURCE_BODY_AND_DELEGATE_REVIEW,EXEMPT_CLAIMED
code/modules/projectiles/guns/projectile.dm,683,mob/user | list/rounds,2,FIXED_THIS_BRANCH,Handler now guards missing captured arguments while preserving existing surviving-owner cleanup; see current source and follow-up report.,BUG owner gun separate user; load_ammo then user HUD; HOLD physicalinventory tail,Missing loader abort before popping round; load_ammo user accesses unsafe; nullable live-user HUD.,SOURCE_BODY_AND_DELEGATE_REVIEW,UNREVIEWED
code/modules/projectiles/projectile/special.dm,381,atom/A | blast_dir,1,SAFE_NULL_DELEGATE,get_step returns no blast location for null; explosion invoked only with blastloc truthy.,CLEAR A same timerowner; blastloc explicit gate,get_step returns no blast location for null; explosion invoked only with blastloc truthy.,SOURCE_BODY_AND_DELEGATE_REVIEW,UNREVIEWED
code/engine/lifeforms/lifetimes.dm,106,datum/thing | datum/by = null | cause = null,2,EXCLUDED_RESERVED_ENGINE_SAFE_NULL,Reserved engine lifecycle API; destroyed explicitly returns for NULL or QDELETED before cause bookkeeping/qdel.,,Reserved engine lifecycle API; destroyed explicitly returns for NULL or QDELETED before cause bookkeeping/qdel.,SOURCE_BODY_AND_DELEGATE_REVIEW,EXEMPT_CLAIMED
code/modules/power/singularity/act.dm,59,atom/S,1,EXCLUDED_POWER_CALLBACK,"Second pull callback only step_towards(src,S). Missing S guard stops obsolete pull; no cleanup exists. Builtin NULL runtime not claimed; this is not machinery process/power grid model. Not edited: power is explicitly reserved in the current assignment.",,"Second pull callback only step_towards(src,S). Missing S guard stops obsolete pull; no cleanup exists. Builtin NULL runtime not claimed; this is not machinery process/power grid model.",SOURCE_BODY_AND_DELEGATE_REVIEW,EXEMPT_CLAIMED
code/modules/power/supermatter/supermatter.dm,290,turf/TS,1,EXCLUDED_POWER_CALLBACK,"Global delayed allocation after explosion may lose turf. new broken_sm(NULL) is allowed allocation, not direct NULL runtime, but leaves absent-location debris; guard skips allocation only when captured turf gone. Actual supermatter process/radiation implementation untouched. Not edited: power is explicitly reserved in the current assignment.",,"Global delayed allocation after explosion may lose turf. new broken_sm(NULL) is allowed allocation, not direct NULL runtime, but leaves absent-location debris; guard skips allocation only when captured turf gone. Actual supermatter process/radiation implementation untouched.",SOURCE_BODY_AND_DELEGATE_REVIEW,EXEMPT_CLAIMED
code/modules/modular_computers/NTNet/emails/email_account.dm,107,recipient_address | datum/computer_file/data/email_message/message | mob/user,1,NO_CHANGE_ARGUMENT_SAFE_CLOSURE,"message gated before send_mail; send_mail resolves recipient then receive_mail. Actual two receive_mail definitions do not deref nullable user, only forward it for eventual caller identity; message clone retained by pending relation until delivery. Ownership calls unchanged.",HOLD message explicit gate but user send_mail delegate needs proof; ownership route untouched,"message gated before send_mail; send_mail resolves recipient then receive_mail. Actual two receive_mail definitions do not deref nullable user, only forward it for eventual caller identity; message clone retained by pending relation until delivery. Ownership calls unchanged.",SOURCE_BODY_AND_DELEGATE_REVIEW,UNREVIEWED
code/modules/modular_computers/computers/modular_computer/core.dm,162,mob/user,1,SAFE_EXISTING_GATES,reopen checks missing/wrong-type user before UI call.,CLEAR independent user explicit null/type gate,reopen checks missing/wrong-type user before UI call.,SOURCE_BODY_AND_DELEGATE_REVIEW,UNREVIEWED
code/modules/mob/living/inventory.dm,66,obj/item/I,1,ALREADY_SAFE,QDELETED(I) includes null before drop sound.,,,EXPLICIT_BODY_DISPOSITION,ALREADY_SAFE
code/modules/mob/living/bot/cleanbot.dm,48,obj/gibref,1,DELEGATE_OWNERSHIP,"Only rel_remove(ignore_list,gibref), no dereference; null removal semantics belong protected ownership API, no guard proposal.",,,EXPLICIT_BODY_DISPOSITION,DELEGATE_OWNERSHIP
code/modules/mob/living/bot/mulebot.dm,359,atom/movable/C,1,FIXED_THIS_BRANCH,"!C joins existing relocated crate abort; independent busy cap untouched, no ownership/move_into or draw site change.",,,EXPLICIT_BODY_DISPOSITION,PROPOSED
code/_onclick/click.dm,36,atom/A | proximity_flag | stance = I_HURT,1,EXCLUDED_SHARED_INPUT_VIRTUAL_DISPATCH,Actual secbot timer dispatches virtual UnarmedAttack; bot implementations are assigned modules/mobs and shared input framework is not ours. Base empty body does not prove subtype safety.,,Actual secbot timer dispatches virtual UnarmedAttack; bot implementations are assigned modules/mobs and shared input framework is not ours. Base empty body does not prove subtype safety.,SOURCE_BODY_AND_DELEGATE_REVIEW,EXCLUDED_INPUT_FRAMEWORK
code/modules/mob/living/say.dm,152,message | datum/language/speaking = null | whispering = 0,3,OPTIONAL_LANGUAGE,"speaking explicitly defaults null, delegates virtual direct_say; do not blanket require optional datum. Full virtual language closure not claimed.",,,EXPLICIT_BODY_DISPOSITION,OPTIONAL_LANGUAGE
code/modules/mob/living/bot/secbot.dm,220,mob/attacker,2,ALREADY_SAFE,target_name(null) returns unidentified lifeform via ishuman false; nullable relation target assignment has no attacker dereference.,,,EXPLICIT_BODY_DISPOSITION,ALREADY_SAFE
code/modules/mob/living/simple_mob/combat.dm,245,atom/target | rocket_type | count | retract_message | then_proc | i,2,ALREADY_SAFE,"get_turf missing target returns null; no shot, but continuation/end must still execute.",,,EXPLICIT_BODY_DISPOSITION,ALREADY_SAFE
code/modules/mob/living/simple_mob/combat.dm,259,atom/target | retract_message | then_proc,1,SAFE_CURRENT_SEVEN_PRODUCER_CONTINUATION_CLOSURE,"Seven rocket_volley producers: three phazon racks, adv_dark_gygax, imperion base/phase4 all omit then_proc; phase5 imperion sole nonnull microsingularity_followup. That callback launches current projectile then re-arms microsingularity_second; no direct target fields. Existing launch helper missing-target diagnostic/consumption preserved. Unknown external programmatic arbitrary proc values not blanket certified.",,"Seven rocket_volley producers: three phazon racks, adv_dark_gygax, imperion base/phase4 all omit then_proc; phase5 imperion sole nonnull microsingularity_followup. That callback launches current projectile then re-arms microsingularity_second; no direct target fields. Existing launch helper missing-target diagnostic/consumption preserved. Unknown external programmatic arbitrary proc values not blanket certified.",SOURCE_BODY_AND_DELEGATE_REVIEW,DYNAMIC_CONTINUATION
code/modules/mob/living/simple_mob/simple_mob.dm,944,mob/living/T,1,FIXED_THIS_BRANCH,LEAPING clear retained; !T must short-circuit existing miss adjacency branch because Adjacent(null) derefs turf T0.z. Existing body handlers allowed by latest scope; included in cleanup-nine patch.,,,EXPLICIT_BODY_DISPOSITION,PROPOSED
code/modules/mob/living/simple_mob/simple_mob_abilities.dm,336,atom/movable/AM | gentle = 0 | damage = 10,1,FIXED_THIS_BRANCH,Target-only !AM guard; no owner cleanup in body. Actual speen entry schedules independent prey.,,,EXPLICIT_BODY_DISPOSITION,PROPOSED
code/controllers/subsystems/garbage.dm,403,datum/to_delete | force = FALSE,2,EXCLUDED_LIFECYCLE_BACKEND_SAFE_NULL,"qdel is lifecycle backend, not ordinary handler; initial null check handles absent to_delete before lifecycle dispatch.",,"qdel is lifecycle backend, not ordinary handler; initial null check handles absent to_delete before lifecycle dispatch.",SOURCE_BODY_AND_DELEGATE_REVIEW,EXCLUDED_LIFECYCLE_BACKEND
code/modules/mob/living/simple_mob/subtypes/bullet_heck/bullet_patterns.dm,94,atom/target | next_cycle | fire_delay,1,ALREADY_SAFE,Owner-relative bullet_heck ignores target and uses owner turf; burst helpers only call it. Timer passes nullable target onward and terminal attackcycle reset remains. No cancellation/blanket guard required.,,,EXPLICIT_BODY_DISPOSITION,ALREADY_SAFE
code/modules/mob/living/simple_mob/subtypes/bullet_heck/bullet_patterns.dm,101,atom/target | next_cycle | fire_delay,1,ALREADY_SAFE,Owner-relative bullet_heck ignores target and uses owner turf; burst helpers only call it. Timer passes nullable target onward and terminal attackcycle reset remains. No cancellation/blanket guard required.,,,EXPLICIT_BODY_DISPOSITION,ALREADY_SAFE
code/modules/mob/living/simple_mob/subtypes/bullet_heck/bullet_patterns.dm,108,atom/target | next_cycle | fire_delay,1,ALREADY_SAFE,Owner-relative bullet_heck ignores target and uses owner turf; burst helpers only call it. Timer passes nullable target onward and terminal attackcycle reset remains. No cancellation/blanket guard required.,,,EXPLICIT_BODY_DISPOSITION,ALREADY_SAFE
code/modules/mob/living/simple_mob/subtypes/bullet_heck/bullet_patterns.dm,115,atom/target | next_cycle | fire_delay,1,ALREADY_SAFE,Owner-relative bullet_heck ignores target and uses owner turf; burst helpers only call it. Timer passes nullable target onward and terminal attackcycle reset remains. No cancellation/blanket guard required.,,,EXPLICIT_BODY_DISPOSITION,ALREADY_SAFE
code/modules/mob/living/simple_mob/subtypes/bullet_heck/bullet_patterns.dm,122,atom/target | next_cycle | fire_delay,1,ALREADY_SAFE,Owner-relative bullet_heck ignores target and uses owner turf; burst helpers only call it. Timer passes nullable target onward and terminal attackcycle reset remains. No cancellation/blanket guard required.,,,EXPLICIT_BODY_DISPOSITION,ALREADY_SAFE
code/modules/mob/living/simple_mob/subtypes/bullet_heck/bullet_patterns.dm,129,atom/target | next_cycle | fire_delay,1,ALREADY_SAFE,Owner-relative bullet_heck ignores target and uses owner turf; burst helpers only call it. Timer passes nullable target onward and terminal attackcycle reset remains. No cancellation/blanket guard required.,,,EXPLICIT_BODY_DISPOSITION,ALREADY_SAFE
code/modules/mob/living/simple_mob/subtypes/bullet_heck/bullet_patterns.dm,136,atom/target | next_cycle | fire_delay,1,ALREADY_SAFE,Owner-relative bullet_heck ignores target and uses owner turf; burst helpers only call it. Timer passes nullable target onward and terminal attackcycle reset remains. No cancellation/blanket guard required.,,,EXPLICIT_BODY_DISPOSITION,ALREADY_SAFE
code/modules/mob/living/simple_mob/subtypes/bullet_heck/bullet_patterns.dm,143,atom/target | next_cycle | fire_delay,1,ALREADY_SAFE,Owner-relative bullet_heck ignores target and uses owner turf; burst helpers only call it. Timer passes nullable target onward and terminal attackcycle reset remains. No cancellation/blanket guard required.,,,EXPLICIT_BODY_DISPOSITION,ALREADY_SAFE
code/modules/mob/living/simple_mob/subtypes/bullet_heck/bullet_patterns.dm,150,atom/target | next_cycle | fire_delay,1,ALREADY_SAFE,Owner-relative bullet_heck ignores target and uses owner turf; burst helpers only call it. Timer passes nullable target onward and terminal attackcycle reset remains. No cancellation/blanket guard required.,,,EXPLICIT_BODY_DISPOSITION,ALREADY_SAFE
code/modules/mob/living/simple_mob/subtypes/bullet_heck/bullet_patterns.dm,157,atom/target | next_cycle | fire_delay,1,ALREADY_SAFE,Owner-relative bullet_heck ignores target and uses owner turf; burst helpers only call it. Timer passes nullable target onward and terminal attackcycle reset remains. No cancellation/blanket guard required.,,,EXPLICIT_BODY_DISPOSITION,ALREADY_SAFE
code/modules/mob/living/simple_mob/subtypes/bullet_heck/bullet_patterns.dm,164,atom/target | next_cycle | fire_delay,1,ALREADY_SAFE,Owner-relative bullet_heck ignores target and uses owner turf; burst helpers only call it. Timer passes nullable target onward and terminal attackcycle reset remains. No cancellation/blanket guard required.,,,EXPLICIT_BODY_DISPOSITION,ALREADY_SAFE
code/modules/mob/living/simple_mob/subtypes/bullet_heck/bullet_patterns.dm,171,atom/target | next_cycle | fire_delay,1,ALREADY_SAFE,Owner-relative bullet_heck ignores target and uses owner turf; burst helpers only call it. Timer passes nullable target onward and terminal attackcycle reset remains. No cancellation/blanket guard required.,,,EXPLICIT_BODY_DISPOSITION,ALREADY_SAFE
code/modules/mob/living/simple_mob/subtypes/bullet_heck/bullet_patterns.dm,178,atom/target | next_cycle | fire_delay,1,ALREADY_SAFE,Owner-relative bullet_heck ignores target and uses owner turf; burst helpers only call it. Timer passes nullable target onward and terminal attackcycle reset remains. No cancellation/blanket guard required.,,,EXPLICIT_BODY_DISPOSITION,ALREADY_SAFE
code/modules/mob/living/simple_mob/subtypes/bullet_heck/bullet_patterns.dm,185,atom/target | next_cycle | fire_delay,1,ALREADY_SAFE,Owner-relative bullet_heck ignores target and uses owner turf; burst helpers only call it. Timer passes nullable target onward and terminal attackcycle reset remains. No cancellation/blanket guard required.,,,EXPLICIT_BODY_DISPOSITION,ALREADY_SAFE
code/modules/mob/living/simple_mob/subtypes/bullet_heck/bullet_patterns.dm,196,atom/target | next_cycle | fire_delay,1,ALREADY_SAFE,Owner-relative bullet_heck ignores target and uses owner turf; burst helpers only call it. Timer passes nullable target onward and terminal attackcycle reset remains. No cancellation/blanket guard required.,,,EXPLICIT_BODY_DISPOSITION,ALREADY_SAFE
code/modules/mob/living/simple_mob/subtypes/bullet_heck/bullet_patterns.dm,386,atom/target | next_cycle | fire_delay,1,ALREADY_SAFE,Owner-relative bullet_heck ignores target and uses owner turf; burst helpers only call it. Timer passes nullable target onward and terminal attackcycle reset remains. No cancellation/blanket guard required.,,,EXPLICIT_BODY_DISPOSITION,ALREADY_SAFE
code/modules/mob/living/simple_mob/subtypes/bullet_heck/bullet_patterns.dm,203,atom/target | next_cycle | fire_delay,1,ALREADY_SAFE,Owner-relative bullet_heck ignores target and uses owner turf; burst helpers only call it. Timer passes nullable target onward and terminal attackcycle reset remains. No cancellation/blanket guard required.,,,EXPLICIT_BODY_DISPOSITION,ALREADY_SAFE
code/modules/mob/living/simple_mob/subtypes/bullet_heck/bullet_patterns.dm,210,atom/target | next_cycle | fire_delay,1,ALREADY_SAFE,Owner-relative bullet_heck ignores target and uses owner turf; burst helpers only call it. Timer passes nullable target onward and terminal attackcycle reset remains. No cancellation/blanket guard required.,,,EXPLICIT_BODY_DISPOSITION,ALREADY_SAFE
code/modules/mob/living/simple_mob/subtypes/bullet_heck/bullet_patterns.dm,217,atom/target | next_cycle | fire_delay,1,ALREADY_SAFE,Owner-relative bullet_heck ignores target and uses owner turf; burst helpers only call it. Timer passes nullable target onward and terminal attackcycle reset remains. No cancellation/blanket guard required.,,,EXPLICIT_BODY_DISPOSITION,ALREADY_SAFE
code/modules/mob/living/simple_mob/subtypes/bullet_heck/bullet_patterns.dm,224,atom/target | next_cycle | fire_delay,1,ALREADY_SAFE,Owner-relative bullet_heck ignores target and uses owner turf; burst helpers only call it. Timer passes nullable target onward and terminal attackcycle reset remains. No cancellation/blanket guard required.,,,EXPLICIT_BODY_DISPOSITION,ALREADY_SAFE
code/modules/mob/living/simple_mob/subtypes/bullet_heck/bullet_patterns.dm,231,atom/target | next_cycle | fire_delay,1,ALREADY_SAFE,Owner-relative bullet_heck ignores target and uses owner turf; burst helpers only call it. Timer passes nullable target onward and terminal attackcycle reset remains. No cancellation/blanket guard required.,,,EXPLICIT_BODY_DISPOSITION,ALREADY_SAFE
code/modules/mob/living/simple_mob/subtypes/bullet_heck/bullet_patterns.dm,238,atom/target | next_cycle | fire_delay,1,ALREADY_SAFE,Owner-relative bullet_heck ignores target and uses owner turf; burst helpers only call it. Timer passes nullable target onward and terminal attackcycle reset remains. No cancellation/blanket guard required.,,,EXPLICIT_BODY_DISPOSITION,ALREADY_SAFE
code/modules/mob/living/simple_mob/subtypes/bullet_heck/bullet_patterns.dm,245,atom/target | next_cycle | fire_delay,1,ALREADY_SAFE,Owner-relative bullet_heck ignores target and uses owner turf; burst helpers only call it. Timer passes nullable target onward and terminal attackcycle reset remains. No cancellation/blanket guard required.,,,EXPLICIT_BODY_DISPOSITION,ALREADY_SAFE
code/modules/mob/living/simple_mob/subtypes/bullet_heck/bullet_patterns.dm,252,atom/target | next_cycle | fire_delay,1,ALREADY_SAFE,Owner-relative bullet_heck ignores target and uses owner turf; burst helpers only call it. Timer passes nullable target onward and terminal attackcycle reset remains. No cancellation/blanket guard required.,,,EXPLICIT_BODY_DISPOSITION,ALREADY_SAFE
code/modules/mob/living/simple_mob/subtypes/bullet_heck/bullet_patterns.dm,259,atom/target | next_cycle | fire_delay,1,ALREADY_SAFE,Owner-relative bullet_heck ignores target and uses owner turf; burst helpers only call it. Timer passes nullable target onward and terminal attackcycle reset remains. No cancellation/blanket guard required.,,,EXPLICIT_BODY_DISPOSITION,ALREADY_SAFE
code/modules/mob/living/simple_mob/subtypes/bullet_heck/bullet_patterns.dm,266,atom/target | next_cycle | fire_delay,1,ALREADY_SAFE,Owner-relative bullet_heck ignores target and uses owner turf; burst helpers only call it. Timer passes nullable target onward and terminal attackcycle reset remains. No cancellation/blanket guard required.,,,EXPLICIT_BODY_DISPOSITION,ALREADY_SAFE
code/modules/mob/living/simple_mob/subtypes/bullet_heck/bullet_patterns.dm,273,atom/target | next_cycle | fire_delay,1,ALREADY_SAFE,Owner-relative bullet_heck ignores target and uses owner turf; burst helpers only call it. Timer passes nullable target onward and terminal attackcycle reset remains. No cancellation/blanket guard required.,,,EXPLICIT_BODY_DISPOSITION,ALREADY_SAFE
code/modules/mob/living/simple_mob/subtypes/bullet_heck/bullet_patterns.dm,280,atom/target | next_cycle | fire_delay,1,ALREADY_SAFE,Owner-relative bullet_heck ignores target and uses owner turf; burst helpers only call it. Timer passes nullable target onward and terminal attackcycle reset remains. No cancellation/blanket guard required.,,,EXPLICIT_BODY_DISPOSITION,ALREADY_SAFE
code/modules/mob/living/simple_mob/subtypes/bullet_heck/bullet_patterns.dm,287,atom/target | next_cycle | fire_delay,1,ALREADY_SAFE,Owner-relative bullet_heck ignores target and uses owner turf; burst helpers only call it. Timer passes nullable target onward and terminal attackcycle reset remains. No cancellation/blanket guard required.,,,EXPLICIT_BODY_DISPOSITION,ALREADY_SAFE
code/modules/mob/living/simple_mob/subtypes/bullet_heck/bullet_patterns.dm,295,atom/target | next_cycle | fire_delay,1,ALREADY_SAFE,Owner-relative bullet_heck ignores target and uses owner turf; burst helpers only call it. Timer passes nullable target onward and terminal attackcycle reset remains. No cancellation/blanket guard required.,,,EXPLICIT_BODY_DISPOSITION,ALREADY_SAFE
code/modules/mob/living/simple_mob/subtypes/bullet_heck/bullet_patterns.dm,302,atom/target | next_cycle | fire_delay,1,ALREADY_SAFE,Owner-relative bullet_heck ignores target and uses owner turf; burst helpers only call it. Timer passes nullable target onward and terminal attackcycle reset remains. No cancellation/blanket guard required.,,,EXPLICIT_BODY_DISPOSITION,ALREADY_SAFE
code/modules/mob/living/simple_mob/subtypes/bullet_heck/bullet_patterns.dm,309,atom/target | next_cycle | fire_delay,1,ALREADY_SAFE,Owner-relative bullet_heck ignores target and uses owner turf; burst helpers only call it. Timer passes nullable target onward and terminal attackcycle reset remains. No cancellation/blanket guard required.,,,EXPLICIT_BODY_DISPOSITION,ALREADY_SAFE
code/modules/mob/living/simple_mob/subtypes/bullet_heck/bullet_patterns.dm,316,atom/target | next_cycle | fire_delay,1,ALREADY_SAFE,Owner-relative bullet_heck ignores target and uses owner turf; burst helpers only call it. Timer passes nullable target onward and terminal attackcycle reset remains. No cancellation/blanket guard required.,,,EXPLICIT_BODY_DISPOSITION,ALREADY_SAFE
code/modules/mob/living/simple_mob/subtypes/bullet_heck/bullet_patterns.dm,323,atom/target | next_cycle | fire_delay,1,ALREADY_SAFE,Owner-relative bullet_heck ignores target and uses owner turf; burst helpers only call it. Timer passes nullable target onward and terminal attackcycle reset remains. No cancellation/blanket guard required.,,,EXPLICIT_BODY_DISPOSITION,ALREADY_SAFE
code/modules/mob/living/simple_mob/subtypes/bullet_heck/bullet_patterns.dm,330,atom/target | next_cycle | fire_delay,1,ALREADY_SAFE,Owner-relative bullet_heck ignores target and uses owner turf; burst helpers only call it. Timer passes nullable target onward and terminal attackcycle reset remains. No cancellation/blanket guard required.,,,EXPLICIT_BODY_DISPOSITION,ALREADY_SAFE
code/modules/mob/living/simple_mob/subtypes/bullet_heck/bullet_patterns.dm,337,atom/target | next_cycle | fire_delay,1,ALREADY_SAFE,Owner-relative bullet_heck ignores target and uses owner turf; burst helpers only call it. Timer passes nullable target onward and terminal attackcycle reset remains. No cancellation/blanket guard required.,,,EXPLICIT_BODY_DISPOSITION,ALREADY_SAFE
code/modules/mob/living/simple_mob/subtypes/bullet_heck/bullet_patterns.dm,344,atom/target | next_cycle | fire_delay,1,ALREADY_SAFE,Owner-relative bullet_heck ignores target and uses owner turf; burst helpers only call it. Timer passes nullable target onward and terminal attackcycle reset remains. No cancellation/blanket guard required.,,,EXPLICIT_BODY_DISPOSITION,ALREADY_SAFE
code/modules/mob/living/simple_mob/subtypes/bullet_heck/bullet_patterns.dm,351,atom/target | next_cycle | fire_delay,1,ALREADY_SAFE,Owner-relative bullet_heck ignores target and uses owner turf; burst helpers only call it. Timer passes nullable target onward and terminal attackcycle reset remains. No cancellation/blanket guard required.,,,EXPLICIT_BODY_DISPOSITION,ALREADY_SAFE
code/modules/mob/living/simple_mob/subtypes/bullet_heck/bullet_patterns.dm,358,atom/target | next_cycle | fire_delay,1,ALREADY_SAFE,Owner-relative bullet_heck ignores target and uses owner turf; burst helpers only call it. Timer passes nullable target onward and terminal attackcycle reset remains. No cancellation/blanket guard required.,,,EXPLICIT_BODY_DISPOSITION,ALREADY_SAFE
code/modules/mob/living/simple_mob/subtypes/bullet_heck/bullet_patterns.dm,365,atom/target | next_cycle | fire_delay,1,ALREADY_SAFE,Owner-relative bullet_heck ignores target and uses owner turf; burst helpers only call it. Timer passes nullable target onward and terminal attackcycle reset remains. No cancellation/blanket guard required.,,,EXPLICIT_BODY_DISPOSITION,ALREADY_SAFE
code/modules/mob/living/simple_mob/subtypes/bullet_heck/bullet_patterns.dm,372,atom/target | next_cycle | fire_delay,1,ALREADY_SAFE,Owner-relative bullet_heck ignores target and uses owner turf; burst helpers only call it. Timer passes nullable target onward and terminal attackcycle reset remains. No cancellation/blanket guard required.,,,EXPLICIT_BODY_DISPOSITION,ALREADY_SAFE
code/modules/mob/living/simple_mob/subtypes/bullet_heck/bullet_patterns.dm,379,atom/target | next_cycle | fire_delay,1,ALREADY_SAFE,Owner-relative bullet_heck ignores target and uses owner turf; burst helpers only call it. Timer passes nullable target onward and terminal attackcycle reset remains. No cancellation/blanket guard required.,,,EXPLICIT_BODY_DISPOSITION,ALREADY_SAFE
code/modules/mob/living/simple_mob/subtypes/bullet_heck/bullet_patterns.dm,399,atom/target | next_cycle | fire_delay,1,ALREADY_SAFE,Owner-relative bullet_heck ignores target and uses owner turf; burst helpers only call it. Timer passes nullable target onward and terminal attackcycle reset remains. No cancellation/blanket guard required.,,,EXPLICIT_BODY_DISPOSITION,ALREADY_SAFE
code/modules/mob/living/simple_mob/subtypes/bullet_heck/bullet_patterns.dm,404,atom/target | next_cycle | fire_delay,1,ALREADY_SAFE,Owner-relative bullet_heck ignores target and uses owner turf; burst helpers only call it. Timer passes nullable target onward and terminal attackcycle reset remains. No cancellation/blanket guard required.,,,EXPLICIT_BODY_DISPOSITION,ALREADY_SAFE
code/modules/mob/living/simple_mob/subtypes/bullet_heck/bullet_patterns.dm,409,atom/target | next_cycle | fire_delay,1,ALREADY_SAFE,Owner-relative bullet_heck ignores target and uses owner turf; burst helpers only call it. Timer passes nullable target onward and terminal attackcycle reset remains. No cancellation/blanket guard required.,,,EXPLICIT_BODY_DISPOSITION,ALREADY_SAFE
code/modules/mob/living/simple_mob/subtypes/bullet_heck/bullet_patterns.dm,414,atom/target | next_cycle | fire_delay,1,ALREADY_SAFE,Owner-relative bullet_heck ignores target and uses owner turf; burst helpers only call it. Timer passes nullable target onward and terminal attackcycle reset remains. No cancellation/blanket guard required.,,,EXPLICIT_BODY_DISPOSITION,ALREADY_SAFE
code/modules/mob/living/simple_mob/subtypes/bullet_heck/bullet_patterns.dm,419,atom/target | next_cycle | fire_delay,1,ALREADY_SAFE,Owner-relative bullet_heck ignores target and uses owner turf; burst helpers only call it. Timer passes nullable target onward and terminal attackcycle reset remains. No cancellation/blanket guard required.,,,EXPLICIT_BODY_DISPOSITION,ALREADY_SAFE
code/modules/mob/living/simple_mob/subtypes/bullet_heck/bullet_patterns.dm,424,atom/target | next_cycle | fire_delay,1,ALREADY_SAFE,Owner-relative bullet_heck ignores target and uses owner turf; burst helpers only call it. Timer passes nullable target onward and terminal attackcycle reset remains. No cancellation/blanket guard required.,,,EXPLICIT_BODY_DISPOSITION,ALREADY_SAFE
code/modules/mob/living/simple_mob/subtypes/bullet_heck/bullet_patterns.dm,429,atom/target | next_cycle | fire_delay,1,ALREADY_SAFE,Owner-relative bullet_heck ignores target and uses owner turf; burst helpers only call it. Timer passes nullable target onward and terminal attackcycle reset remains. No cancellation/blanket guard required.,,,EXPLICIT_BODY_DISPOSITION,ALREADY_SAFE
code/modules/mob/living/simple_mob/subtypes/bullet_heck/bullet_patterns.dm,434,atom/target | next_cycle | fire_delay,1,ALREADY_SAFE,Owner-relative bullet_heck ignores target and uses owner turf; burst helpers only call it. Timer passes nullable target onward and terminal attackcycle reset remains. No cancellation/blanket guard required.,,,EXPLICIT_BODY_DISPOSITION,ALREADY_SAFE
code/modules/mob/living/simple_mob/subtypes/bullet_heck/bullet_patterns.dm,439,atom/target | next_cycle | fire_delay,1,ALREADY_SAFE,Owner-relative bullet_heck ignores target and uses owner turf; burst helpers only call it. Timer passes nullable target onward and terminal attackcycle reset remains. No cancellation/blanket guard required.,,,EXPLICIT_BODY_DISPOSITION,ALREADY_SAFE
code/modules/mob/living/simple_mob/subtypes/bullet_heck/bullet_patterns.dm,444,atom/target | next_cycle | fire_delay,1,ALREADY_SAFE,Owner-relative bullet_heck ignores target and uses owner turf; burst helpers only call it. Timer passes nullable target onward and terminal attackcycle reset remains. No cancellation/blanket guard required.,,,EXPLICIT_BODY_DISPOSITION,ALREADY_SAFE
code/modules/mob/living/simple_mob/subtypes/bullet_heck/bullet_patterns.dm,449,atom/target | next_cycle | fire_delay,1,ALREADY_SAFE,Owner-relative bullet_heck ignores target and uses owner turf; burst helpers only call it. Timer passes nullable target onward and terminal attackcycle reset remains. No cancellation/blanket guard required.,,,EXPLICIT_BODY_DISPOSITION,ALREADY_SAFE
code/modules/mob/living/simple_mob/subtypes/bullet_heck/bullet_patterns.dm,454,atom/target | next_cycle | fire_delay,1,ALREADY_SAFE,Owner-relative bullet_heck ignores target and uses owner turf; burst helpers only call it. Timer passes nullable target onward and terminal attackcycle reset remains. No cancellation/blanket guard required.,,,EXPLICIT_BODY_DISPOSITION,ALREADY_SAFE
code/modules/mob/living/simple_mob/subtypes/bullet_heck/bullet_patterns.dm,459,atom/target | next_cycle | fire_delay,1,ALREADY_SAFE,Owner-relative bullet_heck ignores target and uses owner turf; burst helpers only call it. Timer passes nullable target onward and terminal attackcycle reset remains. No cancellation/blanket guard required.,,,EXPLICIT_BODY_DISPOSITION,ALREADY_SAFE
code/modules/mob/living/simple_mob/subtypes/bullet_heck/bullet_patterns.dm,464,atom/target | next_cycle | fire_delay,1,ALREADY_SAFE,Owner-relative bullet_heck ignores target and uses owner turf; burst helpers only call it. Timer passes nullable target onward and terminal attackcycle reset remains. No cancellation/blanket guard required.,,,EXPLICIT_BODY_DISPOSITION,ALREADY_SAFE
code/modules/mob/living/simple_mob/subtypes/bullet_heck/bullet_patterns.dm,473,atom/target | next_cycle | fire_delay,1,ALREADY_SAFE,Owner-relative bullet_heck ignores target and uses owner turf; burst helpers only call it. Timer passes nullable target onward and terminal attackcycle reset remains. No cancellation/blanket guard required.,,,EXPLICIT_BODY_DISPOSITION,ALREADY_SAFE
code/modules/mob/living/simple_mob/subtypes/bullet_heck/bullet_patterns.dm,609,atom/target | next_cycle | fire_delay,1,ALREADY_SAFE,Owner-relative bullet_heck ignores target and uses owner turf; burst helpers only call it. Timer passes nullable target onward and terminal attackcycle reset remains. No cancellation/blanket guard required.,,,EXPLICIT_BODY_DISPOSITION,ALREADY_SAFE
code/modules/mob/living/simple_mob/subtypes/bullet_heck/bullet_patterns.dm,478,atom/target | next_cycle | fire_delay,1,ALREADY_SAFE,Owner-relative bullet_heck ignores target and uses owner turf; burst helpers only call it. Timer passes nullable target onward and terminal attackcycle reset remains. No cancellation/blanket guard required.,,,EXPLICIT_BODY_DISPOSITION,ALREADY_SAFE
code/modules/mob/living/simple_mob/subtypes/bullet_heck/bullet_patterns.dm,483,atom/target | next_cycle | fire_delay,1,ALREADY_SAFE,Owner-relative bullet_heck ignores target and uses owner turf; burst helpers only call it. Timer passes nullable target onward and terminal attackcycle reset remains. No cancellation/blanket guard required.,,,EXPLICIT_BODY_DISPOSITION,ALREADY_SAFE
code/modules/mob/living/simple_mob/subtypes/bullet_heck/bullet_patterns.dm,488,atom/target | next_cycle | fire_delay,1,ALREADY_SAFE,Owner-relative bullet_heck ignores target and uses owner turf; burst helpers only call it. Timer passes nullable target onward and terminal attackcycle reset remains. No cancellation/blanket guard required.,,,EXPLICIT_BODY_DISPOSITION,ALREADY_SAFE
code/modules/mob/living/simple_mob/subtypes/bullet_heck/bullet_patterns.dm,493,atom/target | next_cycle | fire_delay,1,ALREADY_SAFE,Owner-relative bullet_heck ignores target and uses owner turf; burst helpers only call it. Timer passes nullable target onward and terminal attackcycle reset remains. No cancellation/blanket guard required.,,,EXPLICIT_BODY_DISPOSITION,ALREADY_SAFE
code/modules/mob/living/simple_mob/subtypes/bullet_heck/bullet_patterns.dm,498,atom/target | next_cycle | fire_delay,1,ALREADY_SAFE,Owner-relative bullet_heck ignores target and uses owner turf; burst helpers only call it. Timer passes nullable target onward and terminal attackcycle reset remains. No cancellation/blanket guard required.,,,EXPLICIT_BODY_DISPOSITION,ALREADY_SAFE
code/modules/mob/living/simple_mob/subtypes/bullet_heck/bullet_patterns.dm,503,atom/target | next_cycle | fire_delay,1,ALREADY_SAFE,Owner-relative bullet_heck ignores target and uses owner turf; burst helpers only call it. Timer passes nullable target onward and terminal attackcycle reset remains. No cancellation/blanket guard required.,,,EXPLICIT_BODY_DISPOSITION,ALREADY_SAFE
code/modules/mob/living/simple_mob/subtypes/bullet_heck/bullet_patterns.dm,508,atom/target | next_cycle | fire_delay,1,ALREADY_SAFE,Owner-relative bullet_heck ignores target and uses owner turf; burst helpers only call it. Timer passes nullable target onward and terminal attackcycle reset remains. No cancellation/blanket guard required.,,,EXPLICIT_BODY_DISPOSITION,ALREADY_SAFE
code/modules/mob/living/simple_mob/subtypes/bullet_heck/bullet_patterns.dm,513,atom/target | next_cycle | fire_delay,1,ALREADY_SAFE,Owner-relative bullet_heck ignores target and uses owner turf; burst helpers only call it. Timer passes nullable target onward and terminal attackcycle reset remains. No cancellation/blanket guard required.,,,EXPLICIT_BODY_DISPOSITION,ALREADY_SAFE
code/modules/mob/living/simple_mob/subtypes/bullet_heck/bullet_patterns.dm,518,atom/target | next_cycle | fire_delay,1,ALREADY_SAFE,Owner-relative bullet_heck ignores target and uses owner turf; burst helpers only call it. Timer passes nullable target onward and terminal attackcycle reset remains. No cancellation/blanket guard required.,,,EXPLICIT_BODY_DISPOSITION,ALREADY_SAFE
code/modules/mob/living/simple_mob/subtypes/bullet_heck/bullet_patterns.dm,523,atom/target | next_cycle | fire_delay,1,ALREADY_SAFE,Owner-relative bullet_heck ignores target and uses owner turf; burst helpers only call it. Timer passes nullable target onward and terminal attackcycle reset remains. No cancellation/blanket guard required.,,,EXPLICIT_BODY_DISPOSITION,ALREADY_SAFE
code/modules/mob/living/simple_mob/subtypes/bullet_heck/bullet_patterns.dm,528,atom/target | next_cycle | fire_delay,1,ALREADY_SAFE,Owner-relative bullet_heck ignores target and uses owner turf; burst helpers only call it. Timer passes nullable target onward and terminal attackcycle reset remains. No cancellation/blanket guard required.,,,EXPLICIT_BODY_DISPOSITION,ALREADY_SAFE
code/modules/mob/living/simple_mob/subtypes/bullet_heck/bullet_patterns.dm,533,atom/target | next_cycle | fire_delay,1,ALREADY_SAFE,Owner-relative bullet_heck ignores target and uses owner turf; burst helpers only call it. Timer passes nullable target onward and terminal attackcycle reset remains. No cancellation/blanket guard required.,,,EXPLICIT_BODY_DISPOSITION,ALREADY_SAFE
code/modules/mob/living/simple_mob/subtypes/bullet_heck/bullet_patterns.dm,538,atom/target | next_cycle | fire_delay,1,ALREADY_SAFE,Owner-relative bullet_heck ignores target and uses owner turf; burst helpers only call it. Timer passes nullable target onward and terminal attackcycle reset remains. No cancellation/blanket guard required.,,,EXPLICIT_BODY_DISPOSITION,ALREADY_SAFE
code/modules/mob/living/simple_mob/subtypes/bullet_heck/bullet_patterns.dm,544,atom/target | next_cycle | fire_delay,1,ALREADY_SAFE,Owner-relative bullet_heck ignores target and uses owner turf; burst helpers only call it. Timer passes nullable target onward and terminal attackcycle reset remains. No cancellation/blanket guard required.,,,EXPLICIT_BODY_DISPOSITION,ALREADY_SAFE
code/modules/mob/living/simple_mob/subtypes/bullet_heck/bullet_patterns.dm,549,atom/target | next_cycle | fire_delay,1,ALREADY_SAFE,Owner-relative bullet_heck ignores target and uses owner turf; burst helpers only call it. Timer passes nullable target onward and terminal attackcycle reset remains. No cancellation/blanket guard required.,,,EXPLICIT_BODY_DISPOSITION,ALREADY_SAFE
code/modules/mob/living/simple_mob/subtypes/bullet_heck/bullet_patterns.dm,554,atom/target | next_cycle | fire_delay,1,ALREADY_SAFE,Owner-relative bullet_heck ignores target and uses owner turf; burst helpers only call it. Timer passes nullable target onward and terminal attackcycle reset remains. No cancellation/blanket guard required.,,,EXPLICIT_BODY_DISPOSITION,ALREADY_SAFE
code/modules/mob/living/simple_mob/subtypes/bullet_heck/bullet_patterns.dm,559,atom/target | next_cycle | fire_delay,1,ALREADY_SAFE,Owner-relative bullet_heck ignores target and uses owner turf; burst helpers only call it. Timer passes nullable target onward and terminal attackcycle reset remains. No cancellation/blanket guard required.,,,EXPLICIT_BODY_DISPOSITION,ALREADY_SAFE
code/modules/mob/living/simple_mob/subtypes/bullet_heck/bullet_patterns.dm,564,atom/target | next_cycle | fire_delay,1,ALREADY_SAFE,Owner-relative bullet_heck ignores target and uses owner turf; burst helpers only call it. Timer passes nullable target onward and terminal attackcycle reset remains. No cancellation/blanket guard required.,,,EXPLICIT_BODY_DISPOSITION,ALREADY_SAFE
code/modules/mob/living/simple_mob/subtypes/bullet_heck/bullet_patterns.dm,569,atom/target | next_cycle | fire_delay,1,ALREADY_SAFE,Owner-relative bullet_heck ignores target and uses owner turf; burst helpers only call it. Timer passes nullable target onward and terminal attackcycle reset remains. No cancellation/blanket guard required.,,,EXPLICIT_BODY_DISPOSITION,ALREADY_SAFE
code/modules/mob/living/simple_mob/subtypes/bullet_heck/bullet_patterns.dm,574,atom/target | next_cycle | fire_delay,1,ALREADY_SAFE,Owner-relative bullet_heck ignores target and uses owner turf; burst helpers only call it. Timer passes nullable target onward and terminal attackcycle reset remains. No cancellation/blanket guard required.,,,EXPLICIT_BODY_DISPOSITION,ALREADY_SAFE
code/modules/mob/living/simple_mob/subtypes/bullet_heck/bullet_patterns.dm,579,atom/target | next_cycle | fire_delay,1,ALREADY_SAFE,Owner-relative bullet_heck ignores target and uses owner turf; burst helpers only call it. Timer passes nullable target onward and terminal attackcycle reset remains. No cancellation/blanket guard required.,,,EXPLICIT_BODY_DISPOSITION,ALREADY_SAFE
code/modules/mob/living/simple_mob/subtypes/bullet_heck/bullet_patterns.dm,584,atom/target | next_cycle | fire_delay,1,ALREADY_SAFE,Owner-relative bullet_heck ignores target and uses owner turf; burst helpers only call it. Timer passes nullable target onward and terminal attackcycle reset remains. No cancellation/blanket guard required.,,,EXPLICIT_BODY_DISPOSITION,ALREADY_SAFE
code/modules/mob/living/simple_mob/subtypes/bullet_heck/bullet_patterns.dm,589,atom/target | next_cycle | fire_delay,1,ALREADY_SAFE,Owner-relative bullet_heck ignores target and uses owner turf; burst helpers only call it. Timer passes nullable target onward and terminal attackcycle reset remains. No cancellation/blanket guard required.,,,EXPLICIT_BODY_DISPOSITION,ALREADY_SAFE
code/modules/mob/living/simple_mob/subtypes/bullet_heck/bullet_patterns.dm,594,atom/target | next_cycle | fire_delay,1,ALREADY_SAFE,Owner-relative bullet_heck ignores target and uses owner turf; burst helpers only call it. Timer passes nullable target onward and terminal attackcycle reset remains. No cancellation/blanket guard required.,,,EXPLICIT_BODY_DISPOSITION,ALREADY_SAFE
code/modules/mob/living/simple_mob/subtypes/bullet_heck/bullet_patterns.dm,599,atom/target | next_cycle | fire_delay,1,ALREADY_SAFE,Owner-relative bullet_heck ignores target and uses owner turf; burst helpers only call it. Timer passes nullable target onward and terminal attackcycle reset remains. No cancellation/blanket guard required.,,,EXPLICIT_BODY_DISPOSITION,ALREADY_SAFE
code/modules/mob/living/simple_mob/subtypes/bullet_heck/bullet_patterns.dm,604,atom/target | next_cycle | fire_delay,1,ALREADY_SAFE,Owner-relative bullet_heck ignores target and uses owner turf; burst helpers only call it. Timer passes nullable target onward and terminal attackcycle reset remains. No cancellation/blanket guard required.,,,EXPLICIT_BODY_DISPOSITION,ALREADY_SAFE
code/modules/mob/living/simple_mob/subtypes/bullet_heck/bullet_patterns.dm,716,atom/target | next_cycle | fire_delay,1,ALREADY_SAFE,Owner-relative bullet_heck ignores target and uses owner turf; burst helpers only call it. Timer passes nullable target onward and terminal attackcycle reset remains. No cancellation/blanket guard required.,,,EXPLICIT_BODY_DISPOSITION,ALREADY_SAFE
code/modules/mob/living/simple_mob/subtypes/bullet_heck/bullet_patterns.dm,720,atom/target | next_cycle | fire_delay,1,ALREADY_SAFE,Owner-relative bullet_heck ignores target and uses owner turf; burst helpers only call it. Timer passes nullable target onward and terminal attackcycle reset remains. No cancellation/blanket guard required.,,,EXPLICIT_BODY_DISPOSITION,ALREADY_SAFE
code/modules/mob/living/simple_mob/subtypes/bullet_heck/bullet_patterns.dm,724,atom/target | next_cycle | fire_delay,1,ALREADY_SAFE,Owner-relative bullet_heck ignores target and uses owner turf; burst helpers only call it. Timer passes nullable target onward and terminal attackcycle reset remains. No cancellation/blanket guard required.,,,EXPLICIT_BODY_DISPOSITION,ALREADY_SAFE
code/modules/mob/living/simple_mob/subtypes/bullet_heck/bullet_patterns.dm,787,atom/target | next_cycle | fire_delay,1,ALREADY_SAFE,Owner-relative bullet_heck ignores target and uses owner turf; burst helpers only call it. Timer passes nullable target onward and terminal attackcycle reset remains. No cancellation/blanket guard required.,,,EXPLICIT_BODY_DISPOSITION,ALREADY_SAFE
code/modules/mob/living/simple_mob/subtypes/bullet_heck/bullet_patterns.dm,826,atom/target | next_cycle | fire_delay,1,ALREADY_SAFE,Owner-relative bullet_heck ignores target and uses owner turf; burst helpers only call it. Timer passes nullable target onward and terminal attackcycle reset remains. No cancellation/blanket guard required.,,,EXPLICIT_BODY_DISPOSITION,ALREADY_SAFE
code/modules/mob/living/simple_mob/subtypes/bullet_heck/bullet_patterns.dm,970,atom/target | next_cycle | fire_delay,1,ALREADY_SAFE,Owner-relative bullet_heck ignores target and uses owner turf; burst helpers only call it. Timer passes nullable target onward and terminal attackcycle reset remains. No cancellation/blanket guard required.,,,EXPLICIT_BODY_DISPOSITION,ALREADY_SAFE
code/modules/mob/living/simple_mob/subtypes/bullet_heck/bullet_patterns.dm,981,atom/target | next_cycle | fire_delay,1,ALREADY_SAFE,Owner-relative bullet_heck ignores target and uses owner turf; burst helpers only call it. Timer passes nullable target onward and terminal attackcycle reset remains. No cancellation/blanket guard required.,,,EXPLICIT_BODY_DISPOSITION,ALREADY_SAFE
code/modules/mob/living/simple_mob/subtypes/bullet_heck/bullet_patterns.dm,1013,atom/target | next_cycle | fire_delay,1,ALREADY_SAFE,Owner-relative bullet_heck ignores target and uses owner turf; burst helpers only call it. Timer passes nullable target onward and terminal attackcycle reset remains. No cancellation/blanket guard required.,,,EXPLICIT_BODY_DISPOSITION,ALREADY_SAFE
code/modules/mob/living/simple_mob/subtypes/bullet_heck/bullet_patterns.dm,1049,atom/target | next_cycle | fire_delay,1,ALREADY_SAFE,Owner-relative bullet_heck ignores target and uses owner turf; burst helpers only call it. Timer passes nullable target onward and terminal attackcycle reset remains. No cancellation/blanket guard required.,,,EXPLICIT_BODY_DISPOSITION,ALREADY_SAFE
code/modules/mob/living/simple_mob/subtypes/bullet_heck/bullet_patterns.dm,1080,atom/target | next_cycle | fire_delay,1,ALREADY_SAFE,Owner-relative bullet_heck ignores target and uses owner turf; burst helpers only call it. Timer passes nullable target onward and terminal attackcycle reset remains. No cancellation/blanket guard required.,,,EXPLICIT_BODY_DISPOSITION,ALREADY_SAFE
code/modules/mob/living/simple_mob/subtypes/bullet_heck/bullet_patterns.dm,1091,atom/target | next_cycle | fire_delay,1,ALREADY_SAFE,Owner-relative bullet_heck ignores target and uses owner turf; burst helpers only call it. Timer passes nullable target onward and terminal attackcycle reset remains. No cancellation/blanket guard required.,,,EXPLICIT_BODY_DISPOSITION,ALREADY_SAFE
code/modules/mob/living/simple_mob/subtypes/bullet_heck/bullet_patterns.dm,1102,atom/target | next_cycle | fire_delay,1,ALREADY_SAFE,Owner-relative bullet_heck ignores target and uses owner turf; burst helpers only call it. Timer passes nullable target onward and terminal attackcycle reset remains. No cancellation/blanket guard required.,,,EXPLICIT_BODY_DISPOSITION,ALREADY_SAFE
code/modules/mob/living/simple_mob/subtypes/bullet_heck/bullet_patterns.dm,1113,atom/target | next_cycle | fire_delay,1,ALREADY_SAFE,Owner-relative bullet_heck ignores target and uses owner turf; burst helpers only call it. Timer passes nullable target onward and terminal attackcycle reset remains. No cancellation/blanket guard required.,,,EXPLICIT_BODY_DISPOSITION,ALREADY_SAFE
code/modules/mob/living/simple_mob/subtypes/bullet_heck/bullet_patterns.dm,1124,atom/target | next_cycle | fire_delay,1,ALREADY_SAFE,Owner-relative bullet_heck ignores target and uses owner turf; burst helpers only call it. Timer passes nullable target onward and terminal attackcycle reset remains. No cancellation/blanket guard required.,,,EXPLICIT_BODY_DISPOSITION,ALREADY_SAFE
code/modules/mob/living/simple_mob/subtypes/bullet_heck/bullet_patterns.dm,1135,atom/target | next_cycle | fire_delay,1,ALREADY_SAFE,Owner-relative bullet_heck ignores target and uses owner turf; burst helpers only call it. Timer passes nullable target onward and terminal attackcycle reset remains. No cancellation/blanket guard required.,,,EXPLICIT_BODY_DISPOSITION,ALREADY_SAFE
code/modules/mob/living/simple_mob/subtypes/bullet_heck/bullet_patterns.dm,1146,atom/target | next_cycle | fire_delay,1,ALREADY_SAFE,Owner-relative bullet_heck ignores target and uses owner turf; burst helpers only call it. Timer passes nullable target onward and terminal attackcycle reset remains. No cancellation/blanket guard required.,,,EXPLICIT_BODY_DISPOSITION,ALREADY_SAFE
code/modules/mob/living/simple_mob/subtypes/bullet_heck/bullet_patterns.dm,1163,atom/target | next_cycle | fire_delay,1,ALREADY_SAFE,Owner-relative bullet_heck ignores target and uses owner turf; burst helpers only call it. Timer passes nullable target onward and terminal attackcycle reset remains. No cancellation/blanket guard required.,,,EXPLICIT_BODY_DISPOSITION,ALREADY_SAFE
code/modules/mob/living/simple_mob/subtypes/bullet_heck/bullet_patterns.dm,1169,atom/target | next_cycle | fire_delay,1,ALREADY_SAFE,Owner-relative bullet_heck ignores target and uses owner turf; burst helpers only call it. Timer passes nullable target onward and terminal attackcycle reset remains. No cancellation/blanket guard required.,,,EXPLICIT_BODY_DISPOSITION,ALREADY_SAFE
code/modules/mob/living/simple_mob/subtypes/bullet_heck/bullet_patterns.dm,1178,atom/target | next_cycle | fire_delay,1,ALREADY_SAFE,Owner-relative bullet_heck ignores target and uses owner turf; burst helpers only call it. Timer passes nullable target onward and terminal attackcycle reset remains. No cancellation/blanket guard required.,,,EXPLICIT_BODY_DISPOSITION,ALREADY_SAFE
code/modules/mob/living/simple_mob/subtypes/bullet_heck/bullet_patterns.dm,1184,atom/target | next_cycle | fire_delay,1,ALREADY_SAFE,Owner-relative bullet_heck ignores target and uses owner turf; burst helpers only call it. Timer passes nullable target onward and terminal attackcycle reset remains. No cancellation/blanket guard required.,,,EXPLICIT_BODY_DISPOSITION,ALREADY_SAFE
code/modules/mob/living/simple_mob/subtypes/bullet_heck/bullet_patterns.dm,1193,atom/target | next_cycle | fire_delay,1,ALREADY_SAFE,Owner-relative bullet_heck ignores target and uses owner turf; burst helpers only call it. Timer passes nullable target onward and terminal attackcycle reset remains. No cancellation/blanket guard required.,,,EXPLICIT_BODY_DISPOSITION,ALREADY_SAFE
code/modules/mob/living/simple_mob/subtypes/bullet_heck/bullet_patterns.dm,1199,atom/target | next_cycle | fire_delay,1,ALREADY_SAFE,Owner-relative bullet_heck ignores target and uses owner turf; burst helpers only call it. Timer passes nullable target onward and terminal attackcycle reset remains. No cancellation/blanket guard required.,,,EXPLICIT_BODY_DISPOSITION,ALREADY_SAFE
code/modules/mob/living/simple_mob/subtypes/bullet_heck/bullet_patterns.dm,1208,atom/target | next_cycle | fire_delay,1,ALREADY_SAFE,Owner-relative bullet_heck ignores target and uses owner turf; burst helpers only call it. Timer passes nullable target onward and terminal attackcycle reset remains. No cancellation/blanket guard required.,,,EXPLICIT_BODY_DISPOSITION,ALREADY_SAFE
code/modules/mob/living/simple_mob/subtypes/bullet_heck/bullet_patterns.dm,1233,atom/target | next_cycle | fire_delay,1,ALREADY_SAFE,Owner-relative bullet_heck ignores target and uses owner turf; burst helpers only call it. Timer passes nullable target onward and terminal attackcycle reset remains. No cancellation/blanket guard required.,,,EXPLICIT_BODY_DISPOSITION,ALREADY_SAFE
code/modules/mob/living/simple_mob/subtypes/bullet_heck/bullet_patterns.dm,1252,atom/target | next_cycle | fire_delay,1,ALREADY_SAFE,Owner-relative bullet_heck ignores target and uses owner turf; burst helpers only call it. Timer passes nullable target onward and terminal attackcycle reset remains. No cancellation/blanket guard required.,,,EXPLICIT_BODY_DISPOSITION,ALREADY_SAFE
code/modules/mob/living/simple_mob/subtypes/bullet_heck/bullet_patterns.dm,1271,atom/target | next_cycle | fire_delay,1,ALREADY_SAFE,Owner-relative bullet_heck ignores target and uses owner turf; burst helpers only call it. Timer passes nullable target onward and terminal attackcycle reset remains. No cancellation/blanket guard required.,,,EXPLICIT_BODY_DISPOSITION,ALREADY_SAFE
code/modules/mob/living/simple_mob/subtypes/bullet_heck/bullet_patterns.dm,1290,atom/target | next_cycle | fire_delay,1,ALREADY_SAFE,Owner-relative bullet_heck ignores target and uses owner turf; burst helpers only call it. Timer passes nullable target onward and terminal attackcycle reset remains. No cancellation/blanket guard required.,,,EXPLICIT_BODY_DISPOSITION,ALREADY_SAFE
code/modules/mob/living/simple_mob/subtypes/bullet_heck/bullet_patterns.dm,1309,atom/target | next_cycle | fire_delay,1,ALREADY_SAFE,Owner-relative bullet_heck ignores target and uses owner turf; burst helpers only call it. Timer passes nullable target onward and terminal attackcycle reset remains. No cancellation/blanket guard required.,,,EXPLICIT_BODY_DISPOSITION,ALREADY_SAFE
code/modules/mob/living/simple_mob/subtypes/bullet_heck/bullet_patterns.dm,1328,atom/target | next_cycle | fire_delay,1,ALREADY_SAFE,Owner-relative bullet_heck ignores target and uses owner turf; burst helpers only call it. Timer passes nullable target onward and terminal attackcycle reset remains. No cancellation/blanket guard required.,,,EXPLICIT_BODY_DISPOSITION,ALREADY_SAFE
code/modules/mob/living/simple_mob/subtypes/bullet_heck/bullet_patterns.dm,1347,atom/target | next_cycle | fire_delay,1,ALREADY_SAFE,Owner-relative bullet_heck ignores target and uses owner turf; burst helpers only call it. Timer passes nullable target onward and terminal attackcycle reset remains. No cancellation/blanket guard required.,,,EXPLICIT_BODY_DISPOSITION,ALREADY_SAFE
code/modules/mob/living/simple_mob/subtypes/bullet_heck/bullet_patterns.dm,1364,atom/target | next_cycle | fire_delay,1,ALREADY_SAFE,Owner-relative bullet_heck ignores target and uses owner turf; burst helpers only call it. Timer passes nullable target onward and terminal attackcycle reset remains. No cancellation/blanket guard required.,,,EXPLICIT_BODY_DISPOSITION,ALREADY_SAFE
code/modules/mob/living/simple_mob/subtypes/bullet_heck/bullet_patterns.dm,1383,atom/target | next_cycle | fire_delay,1,ALREADY_SAFE,Owner-relative bullet_heck ignores target and uses owner turf; burst helpers only call it. Timer passes nullable target onward and terminal attackcycle reset remains. No cancellation/blanket guard required.,,,EXPLICIT_BODY_DISPOSITION,ALREADY_SAFE
code/modules/mob/living/simple_mob/subtypes/bullet_heck/bullet_patterns.dm,1402,atom/target | next_cycle | fire_delay,1,ALREADY_SAFE,Owner-relative bullet_heck ignores target and uses owner turf; burst helpers only call it. Timer passes nullable target onward and terminal attackcycle reset remains. No cancellation/blanket guard required.,,,EXPLICIT_BODY_DISPOSITION,ALREADY_SAFE
code/modules/mob/living/simple_mob/subtypes/bullet_heck/bullet_patterns.dm,1421,atom/target | next_cycle | fire_delay,1,ALREADY_SAFE,Owner-relative bullet_heck ignores target and uses owner turf; burst helpers only call it. Timer passes nullable target onward and terminal attackcycle reset remains. No cancellation/blanket guard required.,,,EXPLICIT_BODY_DISPOSITION,ALREADY_SAFE
code/modules/mob/living/simple_mob/subtypes/bullet_heck/bullet_patterns.dm,1440,atom/target | next_cycle | fire_delay,1,ALREADY_SAFE,Owner-relative bullet_heck ignores target and uses owner turf; burst helpers only call it. Timer passes nullable target onward and terminal attackcycle reset remains. No cancellation/blanket guard required.,,,EXPLICIT_BODY_DISPOSITION,ALREADY_SAFE
code/modules/mob/living/simple_mob/subtypes/bullet_heck/bullet_patterns.dm,1459,atom/target | next_cycle | fire_delay,1,ALREADY_SAFE,Owner-relative bullet_heck ignores target and uses owner turf; burst helpers only call it. Timer passes nullable target onward and terminal attackcycle reset remains. No cancellation/blanket guard required.,,,EXPLICIT_BODY_DISPOSITION,ALREADY_SAFE
code/modules/mob/living/simple_mob/subtypes/bullet_heck/bullet_patterns.dm,1478,atom/target | next_cycle | fire_delay,1,ALREADY_SAFE,Owner-relative bullet_heck ignores target and uses owner turf; burst helpers only call it. Timer passes nullable target onward and terminal attackcycle reset remains. No cancellation/blanket guard required.,,,EXPLICIT_BODY_DISPOSITION,ALREADY_SAFE
code/modules/mob/living/simple_mob/subtypes/bullet_heck/bullet_patterns.dm,959,atom/target | next_cycle | fire_delay,5,ALREADY_SAFE,Owner-relative bullet_heck ignores target and uses owner turf; burst helpers only call it. Timer passes nullable target onward and terminal attackcycle reset remains. No cancellation/blanket guard required.,,,EXPLICIT_BODY_DISPOSITION,ALREADY_SAFE
code/modules/mob/living/simple_mob/subtypes/bullet_heck/bullet_patterns.dm,756,atom/target | next_cycle | fire_delay,5,ALREADY_SAFE,Owner-relative bullet_heck ignores target and uses owner turf; burst helpers only call it. Timer passes nullable target onward and terminal attackcycle reset remains. No cancellation/blanket guard required.,,,EXPLICIT_BODY_DISPOSITION,ALREADY_SAFE
code/modules/mob/living/simple_mob/subtypes/bullet_heck/puddle_mechanic.dm,1,atom/A | next_cycle | puddle_item,15,ALREADY_SAFE,"Original A not accessed, current orange mobs used; attackcycle completion preserved.",,,EXPLICIT_BODY_DISPOSITION,ALREADY_SAFE
code/modules/mob/living/simple_mob/subtypes/bullet_heck/bullet_patterns.dm,1073,atom/target | next_cycle | fire_delay,4,ALREADY_SAFE,Owner-relative bullet_heck ignores target and uses owner turf; burst helpers only call it. Timer passes nullable target onward and terminal attackcycle reset remains. No cancellation/blanket guard required.,,,EXPLICIT_BODY_DISPOSITION,ALREADY_SAFE
code/modules/mob/living/simple_mob/subtypes/bullet_heck/bullet_patterns.dm,712,atom/target | next_cycle | fire_delay,2,ALREADY_SAFE,Owner-relative bullet_heck ignores target and uses owner turf; burst helpers only call it. Timer passes nullable target onward and terminal attackcycle reset remains. No cancellation/blanket guard required.,,,EXPLICIT_BODY_DISPOSITION,ALREADY_SAFE
code/modules/mob/living/simple_mob/subtypes/bullet_heck/bullet_patterns.dm,684,atom/target | next_cycle,2,ALREADY_SAFE,Owner-relative bullet_heck ignores target and uses owner turf; burst helpers only call it. Timer passes nullable target onward and terminal attackcycle reset remains. No cancellation/blanket guard required.,,,EXPLICIT_BODY_DISPOSITION,ALREADY_SAFE
code/modules/mob/living/simple_mob/subtypes/bullet_heck/bullet_patterns.dm,87,atom/target | next_cycle | fire_delay,8,ALREADY_SAFE,Owner-relative bullet_heck ignores target and uses owner turf; burst helpers only call it. Timer passes nullable target onward and terminal attackcycle reset remains. No cancellation/blanket guard required.,,,EXPLICIT_BODY_DISPOSITION,ALREADY_SAFE
code/modules/mob/living/simple_mob/subtypes/bullet_heck/bullet_patterns.dm,394,atom/target | next_cycle | fire_delay,4,ALREADY_SAFE,Owner-relative bullet_heck ignores target and uses owner turf; burst helpers only call it. Timer passes nullable target onward and terminal attackcycle reset remains. No cancellation/blanket guard required.,,,EXPLICIT_BODY_DISPOSITION,ALREADY_SAFE
code/modules/mob/living/simple_mob/subtypes/bullet_heck/bullet_patterns.dm,749,atom/target | amount | next_cycle | fire_delay,1,ALREADY_SAFE_REPEAT_DELEGATE,Counted volley wrapper forwards null into start_volley; volley_step immediately sets shots_left0 and returns when target absent. Protected periodic unchanged.,,,EXPLICIT_BODY_DISPOSITION,ALREADY_SAFE_REPEAT_DELEGATE
code/modules/mob/living/simple_mob/subtypes/bullet_heck/bullet_patterns.dm,752,atom/target | amount | next_cycle | fire_delay,11,ALREADY_SAFE_REPEAT_DELEGATE,Counted volley wrapper forwards null into start_volley; volley_step immediately sets shots_left0 and returns when target absent. Protected periodic unchanged.,,,EXPLICIT_BODY_DISPOSITION,ALREADY_SAFE_REPEAT_DELEGATE
code/modules/mob/living/simple_mob/subtypes/bullet_heck/bullet_patterns.dm,992,atom/target | next_cycle | amount | fire_delay,4,ALREADY_SAFE_REPEAT_DELEGATE,Counted volley wrapper forwards null into start_volley; volley_step immediately sets shots_left0 and returns when target absent. Protected periodic unchanged.,,,EXPLICIT_BODY_DISPOSITION,ALREADY_SAFE_REPEAT_DELEGATE
code/modules/mob/living/simple_mob/subtypes/bullet_heck/bullet_patterns.dm,995,atom/target | next_cycle | fire_delay,1,ALREADY_SAFE,Owner-relative bullet_heck ignores target and uses owner turf; burst helpers only call it. Timer passes nullable target onward and terminal attackcycle reset remains. No cancellation/blanket guard required.,,,EXPLICIT_BODY_DISPOSITION,ALREADY_SAFE
code/modules/mob/living/simple_mob/subtypes/bullet_heck/bullet_patterns.dm,905,atom/A | next_cycle,6,ALREADY_SAFE,Initial !A before rebuilt AI target list; no owner busy cleanup in body.,,,EXPLICIT_BODY_DISPOSITION,ALREADY_SAFE
code/modules/mob/living/simple_mob/subtypes/bullet_heck/bullet_patterns.dm,857,atom/A | next_cycle,6,ALREADY_SAFE,Initial !A before rebuilt AI target list; no owner busy cleanup in body.,,,EXPLICIT_BODY_DISPOSITION,ALREADY_SAFE
code/modules/mob/living/simple_mob/subtypes/bullet_heck/bullet_patterns.dm,737,atom/target | next_cycle,1,ALREADY_SAFE,Owner-relative bullet_heck ignores target and uses owner turf; burst helpers only call it. Timer passes nullable target onward and terminal attackcycle reset remains. No cancellation/blanket guard required.,,,EXPLICIT_BODY_DISPOSITION,ALREADY_SAFE
code/modules/mob/living/simple_mob/subtypes/bullet_heck/bullet_patterns.dm,72,atom/target | next_cycle,3,ALREADY_SAFE,Initial !target before projectile creation; no owner busy cleanup.,,,EXPLICIT_BODY_DISPOSITION,ALREADY_SAFE
code/modules/mob/living/simple_mob/subtypes/bullet_heck/bullet_patterns.dm,1067,atom/target | next_cycle | fire_delay | amount,3,ALREADY_SAFE_REPEAT_DELEGATE,Counted volley wrapper forwards null into start_volley; volley_step immediately sets shots_left0 and returns when target absent. Protected periodic unchanged.,,,EXPLICIT_BODY_DISPOSITION,ALREADY_SAFE_REPEAT_DELEGATE
code/modules/mob/living/simple_mob/subtypes/bullet_heck/bullet_patterns.dm,1070,atom/target | next_cycle | fire_delay | amount,2,ALREADY_SAFE_REPEAT_DELEGATE,Counted volley wrapper forwards null into start_volley; volley_step immediately sets shots_left0 and returns when target absent. Protected periodic unchanged.,,,EXPLICIT_BODY_DISPOSITION,ALREADY_SAFE_REPEAT_DELEGATE
code/modules/mob/living/simple_mob/subtypes/bullet_heck/bullet_patterns.dm,1154,atom/target | next_cycle | fire_delay,2,ALREADY_SAFE,Owner-relative bullet_heck ignores target and uses owner turf; burst helpers only call it. Timer passes nullable target onward and terminal attackcycle reset remains. No cancellation/blanket guard required.,,,EXPLICIT_BODY_DISPOSITION,ALREADY_SAFE
code/modules/mob/living/simple_mob/subtypes/bullet_heck/bullet_patterns.dm,1214,atom/target | next_cycle | fire_delay,1,ALREADY_SAFE,Owner-relative bullet_heck ignores target and uses owner turf; burst helpers only call it. Timer passes nullable target onward and terminal attackcycle reset remains. No cancellation/blanket guard required.,,,EXPLICIT_BODY_DISPOSITION,ALREADY_SAFE
code/modules/mob/living/simple_mob/subtypes/gateway/alchemistbee.dm,115,atom/target,1,SAFE_DELEGATED_MISSING_TARGET_WITH_EXISTING_DIAGNOSTIC,"Reviewed launch_projectile -> preparePixelProjectile missing target logs existing stack_trace and consumes projectile; fire handles absent start/angle; old_style_target Get_Angle returns 0 for null endpoint. Existing busy completion/rearm tails must remain, not suppressed by early target guard.",,"Reviewed launch_projectile -> preparePixelProjectile missing target logs existing stack_trace and consumes projectile; fire handles absent start/angle; old_style_target Get_Angle returns 0 for null endpoint. Existing busy completion/rearm tails must remain, not suppressed by early target guard.",SOURCE_BODY_AND_DELEGATE_REVIEW,DELEGATE_TRACE_HOLD
code/modules/mob/living/simple_mob/subtypes/gateway/alchemistbee.dm,148,atom/target,1,SAFE_DELEGATED_MISSING_TARGET_WITH_EXISTING_DIAGNOSTIC,"Reviewed launch_projectile -> preparePixelProjectile missing target logs existing stack_trace and consumes projectile; fire handles absent start/angle; old_style_target Get_Angle returns 0 for null endpoint. Existing busy completion/rearm tails must remain, not suppressed by early target guard.",,"Reviewed launch_projectile -> preparePixelProjectile missing target logs existing stack_trace and consumes projectile; fire handles absent start/angle; old_style_target Get_Angle returns 0 for null endpoint. Existing busy completion/rearm tails must remain, not suppressed by early target guard.",SOURCE_BODY_AND_DELEGATE_REVIEW,DELEGATE_TRACE_HOLD
code/modules/mob/living/simple_mob/subtypes/gateway/imperion.dm,330,atom/target,1,SAFE_DELEGATED_MISSING_TARGET_WITH_EXISTING_DIAGNOSTIC,"Reviewed launch_projectile -> preparePixelProjectile missing target logs existing stack_trace and consumes projectile; fire handles absent start/angle; old_style_target Get_Angle returns 0 for null endpoint. Existing busy completion/rearm tails must remain, not suppressed by early target guard.",,"Reviewed launch_projectile -> preparePixelProjectile missing target logs existing stack_trace and consumes projectile; fire handles absent start/angle; old_style_target Get_Angle returns 0 for null endpoint. Existing busy completion/rearm tails must remain, not suppressed by early target guard.",SOURCE_BODY_AND_DELEGATE_REVIEW,DELEGATE_TRACE_HOLD
code/modules/mob/living/simple_mob/subtypes/gateway/imperion.dm,335,atom/target,1,SAFE_DELEGATED_MISSING_TARGET_WITH_EXISTING_DIAGNOSTIC,"Reviewed launch_projectile -> preparePixelProjectile missing target logs existing stack_trace and consumes projectile; fire handles absent start/angle; old_style_target Get_Angle returns 0 for null endpoint. Existing busy completion/rearm tails must remain, not suppressed by early target guard.",,"Reviewed launch_projectile -> preparePixelProjectile missing target logs existing stack_trace and consumes projectile; fire handles absent start/angle; old_style_target Get_Angle returns 0 for null endpoint. Existing busy completion/rearm tails must remain, not suppressed by early target guard.",SOURCE_BODY_AND_DELEGATE_REVIEW,DELEGATE_TRACE_HOLD
code/modules/mob/living/simple_mob/subtypes/gateway/imperion.dm,352,atom/target | shot_type,1,SAFE_DELEGATED_MISSING_TARGET_WITH_EXISTING_DIAGNOSTIC,"Reviewed launch_projectile -> preparePixelProjectile missing target logs existing stack_trace and consumes projectile; fire handles absent start/angle; old_style_target Get_Angle returns 0 for null endpoint. Existing busy completion/rearm tails must remain, not suppressed by early target guard.",,"Reviewed launch_projectile -> preparePixelProjectile missing target logs existing stack_trace and consumes projectile; fire handles absent start/angle; old_style_target Get_Angle returns 0 for null endpoint. Existing busy completion/rearm tails must remain, not suppressed by early target guard.",SOURCE_BODY_AND_DELEGATE_REVIEW,DELEGATE_TRACE_HOLD
code/modules/mob/living/simple_mob/subtypes/glamour/ddraig.dm,166,mob/living/L,1,FIXED_THIS_BRANCH,Missing L derefs z after busy claim; !L joins existing off-z branch and releases ai_busy.,,,EXPLICIT_BODY_DISPOSITION,PROPOSED
code/modules/mob/living/simple_mob/subtypes/glamour/ddraig.dm,180,mob/living/L,1,FIXED_THIS_BRANCH,Clear LEAPING and ai_busy first; then L && Adjacent(L) avoids nullable turf adjacency deref.,,,EXPLICIT_BODY_DISPOSITION,PROPOSED
code/modules/mob/living/simple_mob/subtypes/glamour/ddraig.dm,199,atom/A,1,ALREADY_SAFE,QDELETED(A)/turf check releases ai_busy before return.,,,EXPLICIT_BODY_DISPOSITION,ALREADY_SAFE
code/modules/mob/living/simple_mob/subtypes/glamour/ddraig.dm,221,atom/A,1,SAFE_DELEGATED_MISSING_TARGET_WITH_EXISTING_DIAGNOSTIC,"Reviewed launch_projectile -> preparePixelProjectile missing target logs existing stack_trace and consumes projectile; fire handles absent start/angle; old_style_target Get_Angle returns 0 for null endpoint. Existing busy completion/rearm tails must remain, not suppressed by early target guard.",,"Reviewed launch_projectile -> preparePixelProjectile missing target logs existing stack_trace and consumes projectile; fire handles absent start/angle; old_style_target Get_Angle returns 0 for null endpoint. Existing busy completion/rearm tails must remain, not suppressed by early target guard.",SOURCE_BODY_AND_DELEGATE_REVIEW,DELEGATE_TRACE_HOLD
code/modules/mob/living/simple_mob/subtypes/humanoid/cultist.dm,105,atom/A | turf/destination | turf/starting_turf,1,FIXED_THIS_BRANCH,Handler now guards missing captured arguments while preserving existing surviving-owner cleanup; see current source and follow-up report.,,Missing saved turf ends busy and restores bloodin state before jaunt helper; optional target flick guarded. Helper actual draw/movement untouched.,SOURCE_BODY_AND_DELEGATE_REVIEW,HOLD_TRANSITIVE_DRAW_TRAVEL
code/modules/mob/living/simple_mob/subtypes/mechanical/cyber_horror.dm,145,atom/A,1,ALREADY_SAFE_THROW_DELEGATE,Actual throw_at() atoms_movable.dm577 refuses !target immediately; original owner landing callback still schedules/restores pass and busy state. No null-target field deref in warmup body.,,,EXPLICIT_BODY_DISPOSITION,ALREADY_SAFE_THROW_DELEGATE
code/modules/mob/living/simple_mob/subtypes/mechanical/cyber_horror.dm,156,atom/A,1,ALREADY_SAFE,Original A unused; actual current landing occupants used; LEAPING/ai_busy cleanup retained.,,,EXPLICIT_BODY_DISPOSITION,ALREADY_SAFE
code/modules/mob/living/simple_mob/subtypes/slimess/xenobio.dm,726,atom/source,1,DELEGATE_SYSTEM,No source dereference; radiation_pulse stores nullable source and queues claimed radiation system. No system patch.,,,EXPLICIT_BODY_DISPOSITION,DELEGATE_SYSTEM
code/modules/mob/living/simple_mob/subtypes/vore/bigdragon.dm,725,atom/movable/AM | gentle = 0,1,ALREADY_SAFE,AM.throw_at is inside isliving(AM); absent AM skips that guarded block. No AM field access outside cast.,,,EXPLICIT_BODY_DISPOSITION,ALREADY_SAFE
code/modules/mob/living/simple_mob/subtypes/vore/bigdragon.dm,756,atom/A | explicit = 0 | gentle = 0,1,ALREADY_SAFE,QDELETED(A)/turf check releases ai_busy before return.,,,EXPLICIT_BODY_DISPOSITION,ALREADY_SAFE
code/modules/mob/living/simple_mob/subtypes/vore/bigdragon.dm,797,atom/A,1,ALREADY_SAFE,QDELETED(A)/turf check releases ai_busy before return.,,,EXPLICIT_BODY_DISPOSITION,ALREADY_SAFE
code/modules/mob/living/simple_mob/subtypes/vore/blackholemobs.dm,82,mob/living/L,1,FIXED_THIS_BRANCH,Existing !L return fails ai_busy_end unlike off-z branch; warmup missing prey leaves hold until timeout. Existing body handlers allowed by latest scope; included in cleanup-nine patch.,,,EXPLICIT_BODY_DISPOSITION,PROPOSED
code/modules/mob/living/simple_mob/subtypes/vore/blackholemobs.dm,96,mob/living/L,1,ALREADY_SAFE,Clears LEAPING/ai_busy before explicit !L guard.,,,EXPLICIT_BODY_DISPOSITION,ALREADY_SAFE
code/modules/mob/living/simple_mob/subtypes/vore/cryptdrake.dm,117,mob/living/L,1,FIXED_THIS_BRANCH,Missing L derefs z after busy claim; !L joins existing off-z branch and releases ai_busy.,,,EXPLICIT_BODY_DISPOSITION,PROPOSED
code/modules/mob/living/simple_mob/subtypes/vore/cryptdrake.dm,131,mob/living/L,1,FIXED_THIS_BRANCH,Clear LEAPING and ai_busy first; then L && Adjacent(L) avoids nullable turf adjacency deref.,,,EXPLICIT_BODY_DISPOSITION,PROPOSED
code/modules/mob/living/simple_mob/subtypes/vore/frog.dm,72,atom/A,1,SAFE_DELEGATED_MISSING_TARGET_WITH_EXISTING_DIAGNOSTIC,"Reviewed launch_projectile -> preparePixelProjectile missing target logs existing stack_trace and consumes projectile; fire handles absent start/angle; old_style_target Get_Angle returns 0 for null endpoint. Existing busy completion/rearm tails must remain, not suppressed by early target guard.",,"Reviewed launch_projectile -> preparePixelProjectile missing target logs existing stack_trace and consumes projectile; fire handles absent start/angle; old_style_target Get_Angle returns 0 for null endpoint. Existing busy completion/rearm tails must remain, not suppressed by early target guard.",SOURCE_BODY_AND_DELEGATE_REVIEW,DELEGATE_TRACE_HOLD
code/modules/mob/living/simple_mob/subtypes/vore/gryphon.dm,119,mob/living/L,1,FIXED_THIS_BRANCH,Missing L derefs z after busy claim; !L joins existing off-z branch and releases ai_busy.,,,EXPLICIT_BODY_DISPOSITION,PROPOSED
code/modules/mob/living/simple_mob/subtypes/vore/gryphon.dm,133,mob/living/L,1,FIXED_THIS_BRANCH,Clear LEAPING and ai_busy first; then L && Adjacent(L) avoids nullable turf adjacency deref.,,,EXPLICIT_BODY_DISPOSITION,PROPOSED
code/modules/mob/living/simple_mob/subtypes/vore/scel.dm,175,mob/living/L,1,FIXED_THIS_BRANCH,Missing L derefs z after busy claim; !L joins existing off-z branch and releases ai_busy.,,,EXPLICIT_BODY_DISPOSITION,PROPOSED
code/modules/mob/living/simple_mob/subtypes/vore/scel.dm,189,mob/living/L,1,FIXED_THIS_BRANCH,Clear LEAPING and ai_busy first; then L && Adjacent(L) avoids nullable turf adjacency deref.,,,EXPLICIT_BODY_DISPOSITION,PROPOSED
code/modules/mob/living/simple_mob/subtypes/vore/solargrub_larva.dm,151,obj/machinery/atmospherics/unary/vent_pump/vent | obj/machinery/atmospherics/unary/vent_pump/end_vent | redirect_attempts,1,FIXED_THIS_BRANCH,Handler now guards missing captured arguments while preserving existing surviving-owner cleanup; see current source and follow-up report.,,Missing end avoids is_welded(NULL) and returns origin/current turf; missing origin welded redirect avoids get_safe_ventcrawl_target(NULL) and retains current turf.,SOURCE_BODY_AND_DELEGATE_REVIEW,HOLD_ATMOS_TRAVEL
code/modules/mob/living/simple_mob/subtypes/vore/syndimobs.dm,88,atom/A,1,ALREADY_SAFE_THROW_DELEGATE,Actual throw_at() atoms_movable.dm577 refuses !target immediately; original owner landing callback still schedules/restores pass and busy state. No null-target field deref in warmup body.,,,EXPLICIT_BODY_DISPOSITION,ALREADY_SAFE_THROW_DELEGATE
code/modules/mob/living/simple_mob/subtypes/vore/vore_hostile.dm,202,mob/living/L,1,FIXED_THIS_BRANCH,Missing L derefs z after busy claim; !L joins existing off-z branch and releases ai_busy.,,,EXPLICIT_BODY_DISPOSITION,PROPOSED
code/modules/mob/living/simple_mob/subtypes/vore/vore_hostile.dm,216,mob/living/L,1,FIXED_THIS_BRANCH,Clear LEAPING and ai_busy first; then L && Adjacent(L) avoids nullable turf adjacency deref.,,,EXPLICIT_BODY_DISPOSITION,PROPOSED
code/modules/mob/living/simple_mob/subtypes/vore/weather.dm,267,atom/target,1,SAFE_DELEGATED_MISSING_TARGET_WITH_EXISTING_DIAGNOSTIC,"Reviewed launch_projectile -> preparePixelProjectile missing target logs existing stack_trace and consumes projectile; fire handles absent start/angle; old_style_target Get_Angle returns 0 for null endpoint. Existing busy completion/rearm tails must remain, not suppressed by early target guard.",,"Reviewed launch_projectile -> preparePixelProjectile missing target logs existing stack_trace and consumes projectile; fire handles absent start/angle; old_style_target Get_Angle returns 0 for null endpoint. Existing busy completion/rearm tails must remain, not suppressed by early target guard.",SOURCE_BODY_AND_DELEGATE_REVIEW,DELEGATE_TRACE_HOLD
code/modules/mob/living/simple_mob/subtypes/vore/weather.dm,283,atom/target,3,ALREADY_SAFE,Initial !target before range/turf selection; no busy cleanup present in body.,,,EXPLICIT_BODY_DISPOSITION,ALREADY_SAFE
code/modules/mob/living/simple_mob/subtypes/vore/weather.dm,222,atom/A,1,FIXED_THIS_BRANCH,Existing ai_busy_begin then !A early return leaks hold; proposed ai_busy_end before null return.,,,EXPLICIT_BODY_DISPOSITION,PROPOSED
code/modules/mob/living/simple_mob/subtypes/vore/weather.dm,271,atom/A,1,ALREADY_SAFE,Original A unused; actual view mobs used; current icon state restoration remains.,,,EXPLICIT_BODY_DISPOSITION,ALREADY_SAFE
code/modules/mob/living/simple_mob/subtypes/vore/weather.dm,234,atom/A,1,ALREADY_SAFE,Original A unused; current owner landing turf/victims used; clears LEAPING and ai_busy.,,,EXPLICIT_BODY_DISPOSITION,ALREADY_SAFE
code/modules/mob/living/simple_mob/subtypes/vore/gateway/candy.dm,365,atom/A,1,SAFE_DELEGATED_MISSING_TARGET_WITH_EXISTING_DIAGNOSTIC,"Reviewed launch_projectile -> preparePixelProjectile missing target logs existing stack_trace and consumes projectile; fire handles absent start/angle; old_style_target Get_Angle returns 0 for null endpoint. Existing busy completion/rearm tails must remain, not suppressed by early target guard.",,"Reviewed launch_projectile -> preparePixelProjectile missing target logs existing stack_trace and consumes projectile; fire handles absent start/angle; old_style_target Get_Angle returns 0 for null endpoint. Existing busy completion/rearm tails must remain, not suppressed by early target guard.",SOURCE_BODY_AND_DELEGATE_REVIEW,DELEGATE_TRACE_HOLD
code/modules/mob/living/simple_mob/subtypes/vore/gateway/candy.dm,515,atom/target | shot | next_shot,2,SAFE_DELEGATED_MISSING_TARGET_WITH_EXISTING_DIAGNOSTIC,"Reviewed launch_projectile -> preparePixelProjectile missing target logs existing stack_trace and consumes projectile; fire handles absent start/angle; old_style_target Get_Angle returns 0 for null endpoint. Existing busy completion/rearm tails must remain, not suppressed by early target guard.",,"Reviewed launch_projectile -> preparePixelProjectile missing target logs existing stack_trace and consumes projectile; fire handles absent start/angle; old_style_target Get_Angle returns 0 for null endpoint. Existing busy completion/rearm tails must remain, not suppressed by early target guard.",SOURCE_BODY_AND_DELEGATE_REVIEW,DELEGATE_TRACE_HOLD
code/modules/mob/living/simple_mob/subtypes/vore/gateway/candy.dm,530,atom/target,1,SAFE_DELEGATED_MISSING_TARGET_WITH_EXISTING_DIAGNOSTIC,"Reviewed launch_projectile -> preparePixelProjectile missing target logs existing stack_trace and consumes projectile; fire handles absent start/angle; old_style_target Get_Angle returns 0 for null endpoint. Existing busy completion/rearm tails must remain, not suppressed by early target guard.",,"Reviewed launch_projectile -> preparePixelProjectile missing target logs existing stack_trace and consumes projectile; fire handles absent start/angle; old_style_target Get_Angle returns 0 for null endpoint. Existing busy completion/rearm tails must remain, not suppressed by early target guard.",SOURCE_BODY_AND_DELEGATE_REVIEW,DELEGATE_TRACE_HOLD
code/modules/projectiles/projectile.dm,817,atom/target | target_zone | mob/user | params | angle_override | forced_spread = 0,1,SAFE_DELEGATED_MISSING_TARGET_WITH_EXISTING_DIAGNOSTIC,"Reviewed launch_projectile -> preparePixelProjectile missing target logs existing stack_trace and consumes projectile; fire handles absent start/angle; old_style_target Get_Angle returns 0 for null endpoint. Existing busy completion/rearm tails must remain, not suppressed by early target guard.",,"Reviewed launch_projectile -> preparePixelProjectile missing target logs existing stack_trace and consumes projectile; fire handles absent start/angle; old_style_target Get_Angle returns 0 for null endpoint. Existing busy completion/rearm tails must remain, not suppressed by early target guard.",SOURCE_BODY_AND_DELEGATE_REVIEW,DELEGATE_DIAGNOSTIC_POLICY
code/modules/mob/living/simple_mob/subtypes/slime/xenobio/subtypes.dm,663,mob/living/L,1,ALREADY_SAFE,L only string-interpolated for existing admin log; explosion owner action must continue.,,,EXPLICIT_BODY_DISPOSITION,ALREADY_SAFE
code/modules/mob/living/simple_mob/subtypes/occult/constructs/wraith.dm,63,atom/A | turf/destination | turf/starting_turf,1,FIXED_THIS_BRANCH,Handler now guards missing captured arguments while preserving existing surviving-owner cleanup; see current source and follow-up report.,,Missing saved turf ends busy and restores phase_shift2 before jaunt helper; optional target flick guarded. Movement implementation untouched.,SOURCE_BODY_AND_DELEGATE_REVIEW,HOLD_TRANSITIVE_DRAW_TRAVEL
code/modules/mob/living/simple_mob/subtypes/bullet_heck/bullet_patterns.dm,733,atom/target | next_cycle,2,ALREADY_SAFE,Owner-relative bullet_heck ignores target and uses owner turf; burst helpers only call it. Timer passes nullable target onward and terminal attackcycle reset remains. No cancellation/blanket guard required.,,,EXPLICIT_BODY_DISPOSITION,ALREADY_SAFE
code/modules/mob/living/simple_mob/subtypes/bullet_heck/other_attacks.dm,1,atom/target | next_cycle | tele_miss,1,ALREADY_SAFE,Initial !target before range; current teleport branch cleanup is attackcycle assignment only on success.,,,EXPLICIT_BODY_DISPOSITION,ALREADY_SAFE
code/modules/mob/living/simple_mob/subtypes/humanoid/eclipse/astral_collective.dm,431,atom/target,1,ALREADY_SAFE,Initial !target; target otherwise unused.,,,EXPLICIT_BODY_DISPOSITION,ALREADY_SAFE
code/modules/mob/say.dm,1,message | datum/language/speaking = null | whispering = 0,3,ALREADY_SAFE,Base say returns; optional language not accessed.,CLEAR direct scalar payload only; nullable entity argument problem absent (say); ownerrelative handler contract separate,,EXPLICIT_BODY_DISPOSITION,ALREADY_SAFE
code/modules/mob/living/simple_mob/subtypes/animal/farm animals/cow.dm,83,mob/M,1,ALREADY_SAFE,M explicit conjunct before recipient use.,,,EXPLICIT_BODY_DISPOSITION,ALREADY_SAFE
code/modules/mob/living/simple_mob/subtypes/animal/giant_spider/hunter.dm,65,atom/A,1,ALREADY_SAFE_THROW_DELEGATE,Actual throw_at() atoms_movable.dm577 refuses !target immediately; original owner landing callback still schedules/restores pass and busy state. No null-target field deref in warmup body.,,,EXPLICIT_BODY_DISPOSITION,ALREADY_SAFE_THROW_DELEGATE
code/modules/mob/living/simple_mob/subtypes/animal/giant_spider/tunneler.dm,90,atom/A | turf/destination | turf/starting_turf,1,FIXED_THIS_BRANCH,Handler now guards missing captured arguments while preserving existing surviving-owner cleanup; see current source and follow-up report.,,Lost saved destination/start aborts before submerge and calls ai_busy_end. Completion tunnel_arrived separately handles late saved turf loss via original surface failure branch.,SOURCE_BODY_AND_DELEGATE_REVIEW,DELEGATE_TRAVEL
code/modules/mob/living/simple_mob/subtypes/animal/giant_spider/tunneler.dm,188,turf/destination | steps_left | last_loc | then_proc | list/extra,1,FIXED_THIS_BRANCH,Handler now guards missing captured arguments while preserving existing surviving-owner cleanup; see current source and follow-up report.,,"Missing destination invokes tunnel_finish(FALSE,then_proc,extra), retaining actual surface/busy continuation, not blanket early return.",SOURCE_BODY_AND_DELEGATE_REVIEW,DELEGATE_TRAVEL
code/modules/mob/living/simple_mob/subtypes/animal/giant_spider/_giant_spider.dm,183,mob/living/A,1,ALREADY_SAFE_THROW_DELEGATE,Actual throw_at() atoms_movable.dm577 refuses !target immediately; original owner landing callback still schedules/restores pass and busy state. No null-target field deref in warmup body.,,,EXPLICIT_BODY_DISPOSITION,ALREADY_SAFE_THROW_DELEGATE
code/modules/mob/living/simple_mob/subtypes/animal/giant_spider/_giant_spider.dm,192,mob/living/A,1,ALREADY_SAFE,Original A unused; current oview victims used; clears LEAPING and ai_busy.,,,EXPLICIT_BODY_DISPOSITION,ALREADY_SAFE
code/modules/mob/living/simple_mob/subtypes/animal/passive/fish.dm,343,mob/living/M | steps,1,FIXED_THIS_BRANCH,Handler now guards missing captured arguments while preserving existing surviving-owner cleanup; see current source and follow-up report.,,Actual handler now koi_flee; !M stops fleeing vanished target before get_step_away. No cleanup state; builtin NULL crash is not claimed.,SOURCE_BODY_AND_DELEGATE_REVIEW,DELEGATE_BUILTIN
code/modules/mob/living/simple_mob/subtypes/animal/space/worm.dm,241,atom/obstacle,1,ALREADY_SAFE,AttemptToEat(null) fails both istype branches then eat_finished(FALSE) releases ai_busy.,,,EXPLICIT_BODY_DISPOSITION,ALREADY_SAFE
code/modules/mob/living/silicon/ai/ai.dm,667,mob/living/carbon/human/dummy/dummy,1,BUG_SCOPE_DRAW,dummy.regenerate_icons null deref; draw excluded.,,,EXPLICIT_BODY_DISPOSITION,BUG_SCOPE_DRAW
code/modules/mob/living/silicon/pai/pai.dm,660,mob/living/carbon/human/dummy/dummy,1,BUG_SCOPE_DRAW,dummy.regenerate_icons null deref; draw excluded.,,,EXPLICIT_BODY_DISPOSITION,BUG_SCOPE_DRAW
code/modules/mob/living/silicon/robot/cloak.dm,183,mob/living/L | instant,1,ALREADY_SAFE_DRAW,L optional-chain get_filter protects absent target; draw scope excluded.,,,EXPLICIT_BODY_DISPOSITION,ALREADY_SAFE_DRAW
code/modules/mob/living/silicon/robot/dogborg/dog_modules.dm,448,mob/living/T,1,FIXED_THIS_BRANCH,LEAPING clear retained; !T must short-circuit existing miss branch. Existing body handlers allowed by latest scope; included in cleanup-nine patch.,,,EXPLICIT_BODY_DISPOSITION,PROPOSED
code/modules/mob/living/carbon/alien/alien_attacks.dm,59,mob/M,1,FIXED_THIS_BRANCH,Handler now guards missing captured arguments while preserving existing surviving-owner cleanup; see current source and follow-up report.,,Actual handler now knocked_away_from; !M prevents obsolete target shove. Builtin NULL crash unproven.,SOURCE_BODY_AND_DELEGATE_REVIEW,DELEGATE_BUILTIN
code/modules/mob/living/carbon/human/examine.dm,605,mob/user,1,FIXED_THIS_BRANCH,Independent target null guard joins existing inert or owner-consumption path; source guarded proposal ready.,,,EXPLICIT_BODY_DISPOSITION,PROPOSED
code/modules/mob/living/carbon/human/life.dm,805,mob/living/M,1,ALREADY_SAFE,Captured M never used; only actual owner suit sound.,,,EXPLICIT_BODY_DISPOSITION,ALREADY_SAFE
code/game/objects/items/weapons/capture_crystal.dm,619,atom/thing | image/coolanimation,2,EXCLUDED_DRAW,Actual handler modifies appearance/overlay/filter/light or appearance UI; draw/update forms explicitly excluded.,,Actual handler modifies appearance/overlay/filter/light or appearance UI; draw/update forms explicitly excluded.,SOURCE_BODY_AND_DELEGATE_REVIEW,UNREVIEWED
code/modules/mob/living/carbon/human/species/station/station_special_abilities.dm,1286,mob/living/target | leap_sound,1,FIXED_THIS_BRANCH,"!target joins existing off-z abort, no owner cleanup preceding/following abort; cleanup-nine patch.",,,EXPLICIT_BODY_DISPOSITION,PROPOSED
code/modules/mob/living/carbon/human/species/station/station_special_abilities.dm,1297,mob/living/target,1,FIXED_THIS_BRANCH,LEAPING clear before Adjacent; guard target conjunct after owner cleanup. Existing body handlers allowed by latest scope; included in cleanup-nine patch.,,,EXPLICIT_BODY_DISPOSITION,PROPOSED
code/modules/mob/living/carbon/human/species/xenomorphs/alien_powers.dm,356,mob/living/T,1,FIXED_THIS_BRANCH,LEAPING clear retained; !T must short-circuit miss branch before Adjacent; body grab tail excluded. Existing body handlers allowed by latest scope; included in cleanup-nine patch.,,,EXPLICIT_BODY_DISPOSITION,PROPOSED
code/modules/mob/living/carbon/human/species/station/protean/protean_rig.dm,120,mob/living/carbon/human/P | spawned | obj/item/storage/backpack/B,1,FIXED_THIS_BRANCH,"Guard only spawned && !P, retaining manual spawnedFALSE/null actor domain and all ownership/equip sites.",,,EXPLICIT_BODY_DISPOSITION,PROPOSED
code/modules/mob/living/carbon/human/species/station/protean/protean_species.dm,183,mob/living/carbon/human/H,1,ALREADY_SAFE,QDELETED(H) includes null before H.nif.,,,EXPLICIT_BODY_DISPOSITION,ALREADY_SAFE
code/modules/mob/living/carbon/human/species/station/traits/states/radiation_effects.dm,329,atom/movable/parent_movable,1,BUG_SCOPE_DRAW,parent_movable.get_filter null deref; draw excluded.,,,EXPLICIT_BODY_DISPOSITION,BUG_SCOPE_DRAW
code/modules/mob/living/carbon/human/species/shadekin/state/powers/dark_maw.dm,159,mob/living/L,1,FIXED_THIS_BRANCH,Independent target null guard joins existing inert or owner-consumption path; source guarded proposal ready.,,,EXPLICIT_BODY_DISPOSITION,PROPOSED
code/modules/mob/living/carbon/human/species/shadekin/state/powers/phase_shift.dm,207,original_canmove | datum/shadekin/SK,1,FIXED_THIS_BRANCH,SK null deref occurs only after restoring canmove/alpha/body effects; do not return before those restoration effects. Existing body handlers allowed by latest scope; included in cleanup-nine patch.,,,EXPLICIT_BODY_DISPOSITION,PROPOSED
code/modules/mob/living/carbon/human/species/shadekin/state/powers/phase_shift.dm,314,original_canmove | datum/shadekin/SK,1,FIXED_THIS_BRANCH,"SK.doing_phase deref after owner phase restoration; guard SK assignment only, not restoration. Existing body handlers allowed by latest scope; included in cleanup-nine patch.",,,EXPLICIT_BODY_DISPOSITION,PROPOSED
code/modules/mob/living/carbon/human/species/shadekin/state/powers/dark_tunnel/dark_tunnel_structures.dm,231,obj/structure/dark_portal/target,1,ALREADY_SAFE,Only locked==target comparison; closes owner portal if relation cleared. No target dereference and no blanket guard.,,,EXPLICIT_BODY_DISPOSITION,ALREADY_SAFE
code/modules/mob/freelook/ai/update_triggers.dm,17,atom/old_loc,1,DELEGATE_SYSTEM_DRAW,Original old_loc comparison then claimed cameranet update; owner updating cleared first. No new guard before reset.,,,EXPLICIT_BODY_DISPOSITION,DELEGATE_SYSTEM_DRAW
code/modules/mob/freelook/ai/update_triggers.dm,30,atom/old_loc,1,DELEGATE_SYSTEM_DRAW,Owner updating reset first; nullable old_loc feeds cameranet visibility. Excluded draw/system implementation.,,,EXPLICIT_BODY_DISPOSITION,DELEGATE_SYSTEM_DRAW
code/modules/mob/freelook/mask/update_triggers.dm,15,atom/old_loc,1,DELEGATE_SYSTEM_DRAW,"Owner updating_cult_vision reset first; nullable old_loc feeds cultnet visibility, no blanket return.",,,EXPLICIT_BODY_DISPOSITION,DELEGATE_SYSTEM_DRAW
code/modules/medical/contagion/engineered/traits/blobspores.dm,101,datum/affliction/contagion/engineered/A | mob/living/M,1,SAFE_EXISTING_GATES,Both affliction and mob have explicit null/type gates before reads.,CLEAR both independent A/M explicit null gate before dereferences,Both affliction and mob have explicit null/type gates before reads.,SOURCE_BODY_AND_DELEGATE_REVIEW,UNREVIEWED
code/modules/medical/contagion/engineered/traits/hair.dm,55,mob/living/carbon/human/H | f_style | h_style,2,SAFE_EXISTING_GATES,Missing H gate before appearance mutation.,CLEAR H null gate before writes; styles scalars,Missing H gate before appearance mutation.,SOURCE_BODY_AND_DELEGATE_REVIEW,UNREVIEWED
code/modules/maint_recycler/code/maint_recycler.dm,302,mob/victim | burst = 3,1,SAFE_EXISTING_GUARD,"shoot_at explicitly returns when victim is null, before queuing its counted shots.",CLEAR victim null gate before rescheduling,shoot_at guards victim; shoot only delegates to projectile targeting with unproven builtin null semantics. eject/recycle users are nullable notifications. credit_user explicitly guards user/client/preferences; door reset remains mandatory.,SOURCE_BODY_AND_DELEGATE_REVIEW,UNREVIEWED
code/modules/maint_recycler/code/maint_recycler.dm,307,mob/victim,1,FIXED_THIS_BRANCH,Missing captured victim now returns before spawning a shot; no owner cleanup or reservation exists in this effect.,HOLD physical projectile nullable victim passed target delegate requires proof,shoot_at guards victim; shoot only delegates to projectile targeting with unproven builtin null semantics. eject/recycle users are nullable notifications. credit_user explicitly guards user/client/preferences; door reset remains mandatory.,SOURCE_BODY_AND_DELEGATE_REVIEW,UNREVIEWED
code/modules/maint_recycler/code/maint_recycler.dm,325,mob/user,1,SAFE_NULLABLE_NOTIFICATION_WITH_OWNER_CLEANUP,"Captured user only receives null-safe messages or credit_user, which guards user/client/preferences; existing item completion and door cleanup still run.",CLEAR user unused; current taken item explicitly guarded,shoot_at guards victim; shoot only delegates to projectile targeting with unproven builtin null semantics. eject/recycle users are nullable notifications. credit_user explicitly guards user/client/preferences; door reset remains mandatory.,SOURCE_BODY_AND_DELEGATE_REVIEW,UNREVIEWED
code/modules/maint_recycler/code/maint_recycler.dm,342,mob/user,1,SAFE_NULLABLE_NOTIFICATION_WITH_OWNER_CLEANUP,"Captured user only receives null-safe messages or credit_user, which guards user/client/preferences; existing item completion and door cleanup still run.",CLEAR user only nullsafe message or forwarded post_recycle,shoot_at guards victim; shoot only delegates to projectile targeting with unproven builtin null semantics. eject/recycle users are nullable notifications. credit_user explicitly guards user/client/preferences; door reset remains mandatory.,SOURCE_BODY_AND_DELEGATE_REVIEW,UNREVIEWED
code/modules/maint_recycler/code/maint_recycler.dm,351,mob/user,1,NO_CHANGE_ARGUMENT_SAFE_CLOSURE,credit_user immediately guards !user/!client/!prefs; open_door never uses user. Post_recycle must still consume item/resetdoor when actor gone. No actor head return.,HOLD nullable user credit_user/open_door delegates plus physical ownership completion,credit_user immediately guards !user/!client/!prefs; open_door never uses user. Post_recycle must still consume item/resetdoor when actor gone. No actor head return.,SOURCE_BODY_AND_DELEGATE_REVIEW,UNREVIEWED
code/modules/integrated_electronics/subtypes/reagents.dm,110,mob/living/L,1,FIXED_THIS_BRANCH,Previously landed handler guard protects the absent independent argument and preserves its existing cleanup; see current source and Task 4 fixes in the report.,BUG owner injector separate L; null can_inject deref; existingfailurepin gate extension draft,,SOURCE_BODY_REVIEW_AND_LANDED_FIX,UNREVIEWED
code/modules/hydroponics/spreading/spreading_growth.dm,149,obj/effect/plant/child | turf/target_turf,1,EXCLUDED_PERIODIC_DRAW,Child QDELETED guard; target turf only Move argument. Actual growth/update_icon work explicitly excluded.,CLEAR child QDELETED gate; targetturf world-lifetime normaldomain,Child QDELETED guard; target turf only Move argument. Actual growth/update_icon work explicitly excluded.,SOURCE_BODY_AND_DELEGATE_REVIEW,UNREVIEWED
code/modules/hydroponics/spreading/spreading_response.dm,84,mob/living/victim,1,FIXED_THIS_BRANCH,Previously landed handler guard protects the absent independent argument and preserves its existing cleanup; see current source and Task 4 fixes in the report.,BUG owner plant separate victim; null anchored deref; existinggate extension draft,,SOURCE_BODY_REVIEW_AND_LANDED_FIX,UNREVIEWED
code/modules/gamemaster/event2/events/engineering/airlock_failure.dm,95,obj/machinery/door/airlock/door,1,EXCLUDED_POWER,Shock callback is actual power work; door crush independently guarded by root.,BUG crush callback guard artifact ready; shock actual power callback HOLD,Shock callback is actual power work; door crush independently guarded by root.,SOURCE_BODY_AND_DELEGATE_REVIEW,UNREVIEWED
code/modules/food/food/drinks.dm,98,mob/living/eater | mob/feeder | volume_before,1,BUG_EXCLUDED_OWNERSHIP_TAIL,"On_Consume null-gates vore/contract checks, but empty drink trash branch can dereference absent feeder after eater fallback. Must still consume owner; ownership tail cannot be skipped or edited in this task.",HOLD eater/feeder On_Consume full virtual delegate closure required; food/physical scope,"On_Consume null-gates vore/contract checks, but empty drink trash branch can dereference absent feeder after eater fallback. Must still consume owner; ownership tail cannot be skipped or edited in this task.",SOURCE_BODY_AND_DELEGATE_REVIEW,UNREVIEWED
code/modules/food/food/snacks.dm,8653,mob/user | finished,1,SAFE_OWNER_BOUND,Actual user is after owner; owner deletion drops delivery. Remaining user uses chat/current owner-relative heat.,CLEAR user same timerowner,Actual user is after owner; owner deletion drops delivery. Remaining user uses chat/current owner-relative heat.,SOURCE_BODY_AND_DELEGATE_REVIEW,UNREVIEWED
code/modules/food/food/snacks.dm,8646,mob/user,1,SAFE_OWNER_BOUND,Actual user is after owner; owner deletion drops delivery. Remaining user uses chat/current owner-relative heat.,CLEAR user equality/message only; heat ownerrelative,Actual user is after owner; owner deletion drops delivery. Remaining user uses chat/current owner-relative heat.,SOURCE_BODY_AND_DELEGATE_REVIEW,UNREVIEWED
code/modules/emotes/definitions/visible_animated.dm,80,mob/user,1,SAFE_OWNER_BOUND_DRAW_EXCLUDED,Actual animation user is timer owner; turn helper QDELETED user gate. Actual animation/draw excluded.,CLEAR user same timerowner normaldomain,Actual animation user is timer owner; turn helper QDELETED user gate. Actual animation/draw excluded.,SOURCE_BODY_AND_DELEGATE_REVIEW,UNREVIEWED
code/modules/emotes/definitions/visible_animated.dm,70,mob/user | list/dirs | index,1,SAFE_OWNER_BOUND_DRAW_EXCLUDED,Actual animation user is timer owner; turn helper QDELETED user gate. Actual animation/draw excluded.,CLEAR user QDELETED gate and scalar dirs/index,Actual animation user is timer owner; turn helper QDELETED user gate. Actual animation/draw excluded.,SOURCE_BODY_AND_DELEGATE_REVIEW,UNREVIEWED
code/modules/detectivework/tools/scanner.dm,256,mob/user | atom/target,1,FIXED_THIS_BRANCH,Previously landed handler guard protects the absent independent argument and preserves its existing cleanup; see current source and Task 4 fixes in the report.,BUG separate target null; optionalchain draft,,SOURCE_BODY_REVIEW_AND_LANDED_FIX,UNREVIEWED
code/modules/combat_ai/behaviors/melee.dm,102,datum/ai_brain/brain | atom/target,1,SAFE_EXISTING_GATES,Brain/holder/target explicit null/type gates; active behavior cleanup preserved.,CLEAR brain/holder/target all explicit QDELETED and type gates,Brain/holder/target explicit null/type gates; active behavior cleanup preserved.,SOURCE_BODY_AND_DELEGATE_REVIEW,UNREVIEWED
code/modules/combat_ai/ports/slime_state.dm,175,mob/living/simple_mob/slime/holder,1,SAFE_EXISTING_GATES,QDELETED holder and current stat gate; actual holder is timer owner.,CLEAR holder same timerowner plus QDELETED gate,QDELETED holder and current stat gate; actual holder is timer owner.,SOURCE_BODY_AND_DELEGATE_REVIEW,UNREVIEWED
code/modules/clothing/suits/reactive_armour.dm,390,mob/living/carbon/human/owner,1,FIXED_THIS_BRANCH,Previously landed handler guard protects the absent independent argument and preserves its existing cleanup; see current source and Task 4 fixes in the report.,"BUG independent target nulled; simple cleanup guard draft ready, actual draw/update_icon untouched",,SOURCE_BODY_REVIEW_AND_LANDED_FIX,UNREVIEWED
code/modules/clothing/suits/reactive_armour.dm,394,mob/illusion,1,FIXED_THIS_BRANCH,Previously landed handler guard protects the absent independent argument and preserves its existing cleanup; see current source and Task 4 fixes in the report.,"BUG independent target nulled; simple cleanup guard draft ready, actual draw/update_icon untouched",,SOURCE_BODY_REVIEW_AND_LANDED_FIX,UNREVIEWED
code/modules/clothing/suits/reactive_armour.dm,409,mob/living/attacker | old_alpha,1,SAFE_OWNER_BOUND_DRAW_EXCLUDED,Attacker is actual timer owner; restoring alpha is excluded draw work.,CLEAR attacker same timerowner normaldomain; alpha scalar,Attacker is actual timer owner; restoring alpha is excluded draw work.,SOURCE_BODY_AND_DELEGATE_REVIEW,UNREVIEWED
code/modules/clothing/spacesuits/rig/rig.dm,1051,mob/M | atom/movable/screen/booting_R,1,SAFE_OWNER_BOUND_OPTIONAL_IMAGE,M is timer owner; booting image optional overlay/consume cleanup already tolerates NULL. No blanket return before cleanup.,CLEAR owner same M; deleted screen null consume handled,M is timer owner; booting image optional overlay/consume cleanup already tolerates NULL. No blanket return before cleanup.,SOURCE_BODY_AND_DELEGATE_REVIEW,UNREVIEWED
code/modules/client/preferences/apply_hooks/body_backup.dm,32,mob/living/carbon/human/target | datum/preferences/preferences | want_body_save | want_mind_save | resleeve_lock_pref,1,SAFE_EXISTING_GATES,Target/preferences QDELETED gates before saved body state work.,CLEAR both target/preferences explicit QDELETED gates,Target/preferences QDELETED gates before saved body state work.,SOURCE_BODY_AND_DELEGATE_REVIEW,UNREVIEWED
code/modules/body/organs/organ_external.dm,1662,mob/living/victim,1,SAFE_OWNER_BOUND_DRAW_EXCLUDED,Victim is actual timer owner; UpdateDamageIcon/updateicons excluded.,CLEAR victim same timerowner normaldomain; update_icon forms untouched,Victim is actual timer owner; UpdateDamageIcon/updateicons excluded.,SOURCE_BODY_AND_DELEGATE_REVIEW,UNREVIEWED
code/modules/body/organs/subtypes/diona.dm,12,turf/target,1,SAFE_OWNER_BOUND_PROMPT_EXCLUDED,Initial target turf is owner; deletion drops timer. Subsequent ghosttrap request is reserved prompt track.,CLEAR target same timerowner worldturf; physical spawn remains unchanged,Initial target turf is owner; deletion drops timer. Subsequent ghosttrap request is reserved prompt track.,SOURCE_BODY_AND_DELEGATE_REVIEW,UNREVIEWED
code/modules/body/organs/internal/special/heart_anomalock.dm,63,mob/organ_owner,2,EXCLUDED_DRAW_WITH_OWNER_CLEANUP,organ_owner?.cut_overlay guards missing actor; surviving lightning owner cleanup still runs. Actual appearance callback excluded.,CLEAR organ_owner optional overlay removal,organ_owner?.cut_overlay guards missing actor; surviving lightning owner cleanup still runs. Actual appearance callback excluded.,SOURCE_BODY_AND_DELEGATE_REVIEW,UNREVIEWED
code/modules/body/organs/internal/special/heart_anomalock.dm,88,mob/living/carbon/organ_owner,1,NO_CHANGE_ARGUMENT_SAFE_CLOSURE,balloon_alert uses viewer?.client then prefs optional guard; play_sfx uses current owner not captured organ_owner. Missing captured wearer cannot cause direct viewer deref.,HOLD balloon_alert nullable organ_owner delegate needs proof; body scope,balloon_alert uses viewer?.client then prefs optional guard; play_sfx uses current owner not captured organ_owner. Missing captured wearer cannot cause direct viewer deref.,SOURCE_BODY_AND_DELEGATE_REVIEW,UNREVIEWED
code/modules/blob2/blobs/base_blob.dm,145,turf/T | obj/structure/blob/origin | expand_reaction,1,EXCLUDED_DRAW_WITH_GATED_OVERRIDES,"Actual expansion draws/update_icon. Concrete on_expand overrides: base noop, fulminant no captured origin deref, shifting type-gates origin. No general virtual/reentrant proof claimed.",HOLD physical movement/overmind virtual expand delegate independent origin/T,"Actual expansion draws/update_icon. Concrete on_expand overrides: base noop, fulminant no captured origin deref, shifting type-gates origin. No general virtual/reentrant proof claimed.",SOURCE_BODY_AND_DELEGATE_REVIEW,UNREVIEWED
code/modules/blob2/overmind/types/ectoplasmic_horror.dm,94,mob/living/L | datum/beam/drain_beam,1,FIXED_THIS_BRANCH,Previously landed handler guard protects the absent independent argument and preserves its existing cleanup; see current source and Task 4 fixes in the report.,BUG independent participant refs; guarded effect blocks preserve beam cleanup artifact ready latest scope,,SOURCE_BODY_REVIEW_AND_LANDED_FIX,UNREVIEWED
code/modules/blob2/overmind/types/ectoplasmic_horror.dm,100,mob/living/carrier | mob/living/L | datum/beam/drain_beam,1,FIXED_THIS_BRANCH,Previously landed handler guard protects the absent independent argument and preserves its existing cleanup; see current source and Task 4 fixes in the report.,BUG independent participant refs; guarded effect blocks preserve beam cleanup artifact ready latest scope,,SOURCE_BODY_REVIEW_AND_LANDED_FIX,UNREVIEWED
code/modules/asset_cache/transports/asset_transport.dm,156,client/client | list/files | filerate = SLOW_ASSET_SEND_RATE | start = 1,2,SAFE_EXISTING_GATES,Client null/QDELETED/session guards precede send; files are resource/scalar payloads.,CLEAR explicit client null/QDELETED/session gate,Client null/QDELETED/session guards precede send; files are resource/scalar payloads.,SOURCE_BODY_AND_DELEGATE_REVIEW,UNREVIEWED
code/modules/admin/verbs/debug.dm,480,obj/machinery/power/supermatter/SM,1,ALREADY_SAFE_POWER,SM guarded by if(SM); power excluded.,,,EXPLICIT_BODY_DISPOSITION,ALREADY_SAFE_POWER
code/modules/admin/verbs/randomverbs.dm,873,mob/living/carbon/human/new_character,1,ALREADY_SAFE_DRAW,Initial !new_character guard; animation scope excluded.,,,EXPLICIT_BODY_DISPOSITION,ALREADY_SAFE_DRAW
code/modules/admin/verbs/secrets.dm,690,area/A,1,BUG_POWER,"A.power_light direct deref, power scope excluded.",,,EXPLICIT_BODY_DISPOSITION,BUG_POWER
code/modules/admin/verbs/smite.dm,267,mob/living/target | user | size_of_square | halfbox,1,OWNER_PROTECTED,"Actual sole after owner is the captured target itself; deleted owner skips callback. Direct null helper invocation is a different domain, not C4 independent-argument failure.",,,EXPLICIT_BODY_DISPOSITION,OWNER_PROTECTED
code/modules/admin/verbs/smite.dm,368,mob/target | atom/movable/screen/loader,1,ALREADY_SAFE_DRAW,Initial !target; loader used as nullable screen member removal only.,,,EXPLICIT_BODY_DISPOSITION,ALREADY_SAFE_DRAW
code/modules/admin/verbs/smite.dm,377,mob/living/simple_mob/shadekin/shadekin | mob/living/target | controller_ckey | step,1,ALREADY_SAFE,"QDELETED shadekin guard with optional target cleanup; every target branch guarded, retains chain termination.",,,EXPLICIT_BODY_DISPOSITION,ALREADY_SAFE
code/modules/admin/verbs/smite.dm,411,mob/living/target,1,OWNER_PROTECTED,"Actual sole after owner is the captured target itself; deleted owner skips callback. Direct null helper invocation is a different domain, not C4 independent-argument failure.",,,EXPLICIT_BODY_DISPOSITION,OWNER_PROTECTED
code/library/access/lock.dm,54,datum/holder,1,EXCLUDED_RESERVED_LIBRARY_SAFE_NULL,Reserved library API lock_wire_relocks has holder && !QDELETED guard before cap_key_set.,,Reserved library API lock_wire_relocks has holder && !QDELETED guard before cap_key_set.,SOURCE_BODY_AND_DELEGATE_REVIEW,EXEMPT_CLAIMED
code/library/machine/fabricator.dm,189,obj/machinery/M | run_var,2,EXCLUDED_MACHINE_PROCESS,"Reserved library fabricator process callback; task explicitly excludes machinery process paths, not a proposed ordinary guard.",,"Reserved library fabricator process callback; task explicitly excludes machinery process paths, not a proposed ordinary guard.",SOURCE_BODY_AND_DELEGATE_REVIEW,EXEMPT_CLAIMED
code/library/machine/popup_cover.dm,46,datum/holder | raised,1,EXCLUDED_RESERVED_LIBRARY_SAFE_NULL,Reserved popup_cover_settled checks !holder || QDELETED then optional C?.follow.,,Reserved popup_cover_settled checks !holder || QDELETED then optional C?.follow.,SOURCE_BODY_AND_DELEGATE_REVIEW,EXEMPT_CLAIMED
code/library/reagents/edible.dm,260,atom/holder | mob/living/eater | mob/living/feeder,1,EXCLUDED_RESERVED_LIBRARY_VIRTUAL_HOOK,"QDELETED holder and hascall guard precede On_Consume; independent eater/feeder safety belongs actual virtual hook implementations, not blanket library proof.",,"QDELETED holder and hascall guard precede On_Consume; independent eater/feeder safety belongs actual virtual hook implementations, not blanket library proof.",SOURCE_BODY_AND_DELEGATE_REVIEW,EXEMPT_CLAIMED
code/library/reagents/needle.dm,371,atom/holder | mob/user | mob/living/target | cycle | trans | contained | modes | user_loc | target_loc | held,1,EXCLUDED_RESERVED_LIBRARY_GUARDED_CLEANUP,Cycle checks holder/reagents and user/target before location/hand access; guarded finish handles missing user and only logs target when ismob. Reserved library callback implementation.,,Cycle checks holder/reagents and user/target before location/hand access; guarded finish handles missing user and only logs target when ismob. Reserved library callback implementation.,SOURCE_BODY_AND_DELEGATE_REVIEW,EXEMPT_CLAIMED
code/game/antagonist/antagonist_create.dm,121,mob/living/player,1,EXCLUDED_PROMPT_API,set_antag_name directly constructs open_request; prompt API track excluded.,,set_antag_name directly constructs open_request; prompt API track excluded.,SOURCE_BODY_AND_DELEGATE_REVIEW,UNREVIEWED
code/game/antagonist/antagonist_update.dm,18,datum/mind/player,1,EXCLUDED_DRAW,Actual handler modifies appearance/overlay/filter/light or appearance UI; draw/update forms explicitly excluded.,,Actual handler modifies appearance/overlay/filter/light or appearance UI; draw/update forms explicitly excluded.,SOURCE_BODY_AND_DELEGATE_REVIEW,UNREVIEWED
code/game/machinery/cloning.dm,177,datum/transhuman/body_record/BR | datum/mind/clonemind,1,SAFE_EXISTING,"Optional body record construct, absent-body resets attempting; transfer_mind checks absent mind returnsFALSE; no after payload member read unguarded.",,"Optional body record construct, absent-body resets attempting; transfer_mind checks absent mind returnsFALSE; no after payload member read unguarded.",SOURCE_BODY_AND_DELEGATE_REVIEW,UNREVIEWED
code/game/machinery/contraband_scanner.dm,61,area/A,1,EXCLUDED_POWER_CALLBACK,"auto_cancel_lockdown dereferences A.arfgs_deactivate when power_fields. Target area can be null independently of scanner owner; power behavior excluded, owner handoff only.",,,EXPLICIT_BODY_DISPOSITION,HOLD_POWER_HANDLER_NULL_AREA
code/game/machinery/food_replicator.dm,216,obj/item/reagent_containers/foodItem,1,SAFE_EXISTING,Finish resets printing/power first; foodItem guarded before forceMove; actor not required.,,Finish resets printing/power first; foodItem guarded before forceMove; actor not required.,SOURCE_BODY_AND_DELEGATE_REVIEW,UNREVIEWED
code/game/machinery/gear_dispenser.dm,274,datum/gear_disp/S | mob/living/carbon/human/user | greet,1,SAFE_EXISTING,Base overload guards S&&T before spawn/name; user guarded; distinct fancy override separately patched.,,Base overload guards S&&T before spawn/name; user guarded; distinct fancy override separately patched.,SOURCE_BODY_AND_DELEGATE_REVIEW,UNREVIEWED
code/game/machinery/gear_dispenser.dm,379,datum/gear_disp/S | mob/living/carbon/human/user | greet,1,FIXED_THIS_BRANCH,Previously landed handler guard protects the absent independent argument and preserves its existing cleanup; see current source and Task 4 fixes in the report.,,Body inspected; retained pending exact transitive/cleanup and scope proof; not certified safe,SOURCE_BODY_REVIEW_AND_LANDED_FIX,UNREVIEWED
code/game/machinery/overview.dm,310,mob/user,1,EXCLUDED_UI_FLOW,Actual handler advances UI/multistage communication/admin dialog/continuation pipeline; full actor closure exceeds permitted handler guard scope.,,Actual handler advances UI/multistage communication/admin dialog/continuation pipeline; full actor closure exceeds permitted handler guard scope.,SOURCE_BODY_AND_DELEGATE_REVIEW,UNREVIEWED
code/game/machinery/pointdefense.dm,184,obj/effect/meteor/M,1,SAFE_EXISTING,Engaging/targeting resets before istype meteor guard; missing meteor safely ends shot.,,Engaging/targeting resets before istype meteor guard; missing meteor safely ends shot.,SOURCE_BODY_AND_DELEGATE_REVIEW,UNREVIEWED
code/game/machinery/portable_turret.dm,397,atom/movable/flick_holder,1,EXCLUDED_DRAW,Actual handler modifies appearance/overlay/filter/light or appearance UI; draw/update forms explicitly excluded.,,Actual handler modifies appearance/overlay/filter/light or appearance UI; draw/update forms explicitly excluded.,SOURCE_BODY_AND_DELEGATE_REVIEW,UNREVIEWED
code/game/machinery/protean_reconstitutor.dm,258,mob/living/carbon/human/protean/P | list/organs | index,2,SAFE_EXISTING_ARGUMENT_PATH,Missing P immediately clears processing and returns; organs argument contains scalar organ keys. Other salvaged fields belong machine work distinct from captured arguments.,,Missing P immediately clears processing and returns; organs argument contains scalar organ keys. Other salvaged fields belong machine work distinct from captured arguments.,SOURCE_BODY_AND_DELEGATE_REVIEW,UNREVIEWED
code/game/machinery/protean_reconstitutor.dm,341,mob/living/carbon/human/protean/P,1,EXCLUDED_MACHINE_WORK,"Final revive/cache restore completes protected machine work pipeline, not blanket body protection.",,"Final revive/cache restore completes protected machine work pipeline, not blanket body protection.",SOURCE_BODY_AND_DELEGATE_REVIEW,UNREVIEWED
code/game/machinery/robot_fabricator.dm,42,mob/user | obj/item/stack/supplied_stack,1,SAFE_EXISTING,QDELETED stack checked before amount; finish always resets inserting/overlay with optional actor message.,,QDELETED stack checked before amount; finish always resets inserting/overlay with optional actor message.,SOURCE_BODY_AND_DELEGATE_REVIEW,UNREVIEWED
code/game/machinery/transportpod.dm,61,turf/L,1,FIXED_THIS_BRANCH,Handler now guards missing captured arguments while preserving existing surviving-owner cleanup; see current source and follow-up report.,,Root applied handler-only missing-payload guard; existing cleanup/ownership/timer tails remain; focused boundary drafts c4-eight-cleanup-boundaries.queued.dm.,SOURCE_BODY_AND_DELEGATE_REVIEW,UNREVIEWED
code/game/machinery/wishgranter.dm,76,mob/living/carbon/human/user,1,SAFE_EXISTING,gib_wisher checks user before gib; no missing argument dereference.,,gib_wisher checks user before gib; no missing argument dereference.,SOURCE_BODY_AND_DELEGATE_REVIEW,UNREVIEWED
code/game/turfs/simulated/walls.dm,323,obj/effect/overlay/O,1,EXCLUDED_DRAW,Actual handler modifies appearance/overlay/filter/light or appearance UI; draw/update forms explicitly excluded.,,Actual handler modifies appearance/overlay/filter/light or appearance UI; draw/update forms explicitly excluded.,SOURCE_BODY_AND_DELEGATE_REVIEW,UNREVIEWED
code/game/objects/effects/effect_system.dm,380,obj/effect/effect/smoke/smoke,1,SAFE_EXISTING,consume(null) explicit FALSE; expiry preserves unconditional system count decrement.,,consume(null) explicit FALSE; expiry preserves unconditional system count decrement.,SOURCE_BODY_AND_DELEGATE_REVIEW,UNREVIEWED
code/game/objects/effects/effect_system.dm,494,obj/effect/effect/steam/I,1,SAFE_EXISTING,consume(null) explicit FALSE; expiry preserves unconditional system count decrement.,,consume(null) explicit FALSE; expiry preserves unconditional system count decrement.,SOURCE_BODY_AND_DELEGATE_REVIEW,UNREVIEWED
code/game/objects/effects/effect_system.dm,656,obj/effect/effect/confetti/confetti,1,SAFE_EXISTING,consume(null) explicit FALSE; expiry preserves unconditional system count decrement.,,consume(null) explicit FALSE; expiry preserves unconditional system count decrement.,SOURCE_BODY_AND_DELEGATE_REVIEW,UNREVIEWED
code/game/objects/effects/spiders.dm,247,obj/machinery/atmospherics/unary/vent_pump/entry | obj/machinery/atmospherics/unary/vent_pump/exit_vent,1,EXCLUDED_OWNERSHIP_ABORT_REQUIRED,Missing exit at enter requires new rel_clear(entry_vent) abort site; both missing vents need relocation+ownership clear. User forbids added ownership helper/sites; cannot simply strand spider.,,Missing exit at enter requires new rel_clear(entry_vent) abort site; both missing vents need relocation+ownership clear. User forbids added ownership helper/sites; cannot simply strand spider.,SOURCE_BODY_AND_DELEGATE_REVIEW,UNREVIEWED
code/game/objects/effects/spiders.dm,252,obj/machinery/atmospherics/unary/vent_pump/entry | obj/machinery/atmospherics/unary/vent_pump/exit_vent | travel_time,1,EXCLUDED_OWNERSHIP_ABORT_REQUIRED,Missing exit at enter requires new rel_clear(entry_vent) abort site; both missing vents need relocation+ownership clear. User forbids added ownership helper/sites; cannot simply strand spider.,,Missing exit at enter requires new rel_clear(entry_vent) abort site; both missing vents need relocation+ownership clear. User forbids added ownership helper/sites; cannot simply strand spider.,SOURCE_BODY_AND_DELEGATE_REVIEW,UNREVIEWED
code/game/objects/effects/spiders.dm,263,obj/machinery/atmospherics/unary/vent_pump/entry | obj/machinery/atmospherics/unary/vent_pump/exit_vent,1,EXCLUDED_OWNERSHIP_ABORT_REQUIRED,Missing exit at enter requires new rel_clear(entry_vent) abort site; both missing vents need relocation+ownership clear. User forbids added ownership helper/sites; cannot simply strand spider.,,Missing exit at enter requires new rel_clear(entry_vent) abort site; both missing vents need relocation+ownership clear. User forbids added ownership helper/sites; cannot simply strand spider.,SOURCE_BODY_AND_DELEGATE_REVIEW,UNREVIEWED
code/game/objects/effects/step_triggers.dm,57,atom/movable/AM | curtiles,1,FIXED_THIS_BRANCH,Previously landed handler guard protects the absent independent argument and preserves its existing cleanup; see current source and Task 4 fixes in the report.,,Body inspected; retained pending exact transitive/cleanup and scope proof; not certified safe,SOURCE_BODY_REVIEW_AND_LANDED_FIX,UNREVIEWED
code/game/objects/items/antag_spawners.dm,83,mob/living/carbon/human/H,1,FIXED_THIS_BRANCH,Handler now guards missing captured arguments while preserving existing surviving-owner cleanup; see current source and follow-up report.,,Root applied handler-only missing-payload guard; existing cleanup/ownership/timer tails remain; focused boundary drafts c4-eight-cleanup-boundaries.queued.dm.,SOURCE_BODY_AND_DELEGATE_REVIEW,UNREVIEWED
code/game/objects/items/antag_spawners.dm,134,mob/living/silicon/robot/R,1,FIXED_THIS_BRANCH,Handler now guards missing captured arguments while preserving existing surviving-owner cleanup; see current source and follow-up report.,,Root applied handler-only missing-payload guard; existing cleanup/ownership/timer tails remain; focused boundary drafts c4-eight-cleanup-boundaries.queued.dm.,SOURCE_BODY_AND_DELEGATE_REVIEW,UNREVIEWED
code/game/objects/items/leash.dm,286,mob/user,1,SAFE_EXISTING,Captured actor unused; current master relookup and unconditional clear_leash cleanup.,,Captured actor unused; current master relookup and unconditional clear_leash cleanup.,SOURCE_BODY_AND_DELEGATE_REVIEW,UNREVIEWED
code/game/objects/items/sahoc.dm,37,atom/A,2,SAFE_EXISTING,do_size_effect typed living cast fails before resize when atom missing.,,do_size_effect typed living cast fails before resize when atom missing.,SOURCE_BODY_AND_DELEGATE_REVIEW,UNREVIEWED
code/game/objects/items/sahoc.dm,104,mob/living/capsuleowner | item,1,FIXED_THIS_BRANCH,Handler now guards missing captured arguments while preserving existing surviving-owner cleanup; see current source and follow-up report.,,"Concrete handler guard draft supplied; preserve capsule single random/reset tail, delayed image spent before actor/core guard, and pending mecha projectile spent on missing pilot/chassis. See final closure audit.",SOURCE_BODY_AND_DELEGATE_REVIEW,UNREVIEWED
code/game/objects/structures/cliff.dm,239,mob/living/L | turf/T | safe_fall | harm,1,FIXED_THIS_BRANCH,Handler now guards missing captured arguments while preserving existing surviving-owner cleanup; see current source and follow-up report.,,"Concrete one-shot actor guard draft supplied; cliff no owner cleanup, resurrection preserves existing failure+instability tail.",SOURCE_BODY_AND_DELEGATE_REVIEW,UNREVIEWED
code/game/objects/structures/cliff.dm,194,mob/living/L,1,SAFE_EXISTING_TYPED_GUARD,fall_off_cliff begins if(!istype(L)) return FALSE before target-dependent effects.,,,EXPLICIT_BODY_DISPOSITION,SAFE_EXISTING_TYPED_GUARD
code/game/objects/structures/droppod.dm,52,auto_open | turf/T,1,EXCLUDED_DRAW,Actual callback directly performs animations/filter/light/underlay/icon setup; fixing null case requires protected draw-handler completion policy.,,Actual callback directly performs animations/filter/light/underlay/icon setup; fixing null case requires protected draw-handler completion policy.,SOURCE_BODY_AND_DELEGATE_REVIEW,UNREVIEWED
code/game/objects/structures/droppod.dm,67,auto_open | turf/T,1,EXCLUDED_DRAW,Actual callback directly performs animations/filter/light/underlay/icon setup; fixing null case requires protected draw-handler completion policy.,,Actual callback directly performs animations/filter/light/underlay/icon setup; fixing null case requires protected draw-handler completion policy.,SOURCE_BODY_AND_DELEGATE_REVIEW,UNREVIEWED
code/game/objects/structures/droppod.dm,74,auto_open | turf/T,1,EXCLUDED_DRAW,Actual callback directly performs animations/filter/light/underlay/icon setup; fixing null case requires protected draw-handler completion policy.,,Actual callback directly performs animations/filter/light/underlay/icon setup; fixing null case requires protected draw-handler completion policy.,SOURCE_BODY_AND_DELEGATE_REVIEW,UNREVIEWED
code/game/objects/structures/transit_tubes.dm,125,obj/structure/transit_tube_pod/pod,1,SAFE_EXISTING,Handler uses only station animation and forwards optional pod to completion; no pod dereference.,,Handler uses only station animation and forwards optional pod to completion; no pod dereference.,SOURCE_BODY_AND_DELEGATE_REVIEW,UNREVIEWED
code/game/objects/structures/transit_tubes.dm,131,obj/structure/transit_tube_pod/pod,1,FIXED_THIS_BRANCH,Handler now guards missing captured arguments while preserving existing surviving-owner cleanup; see current source and follow-up report.,,Completion guards missing pod while preserving pod_moving reset; arrival keeps automatic relaunch current lookup.,SOURCE_BODY_AND_DELEGATE_REVIEW,UNREVIEWED
code/game/objects/structures/transit_tubes.dm,163,obj/structure/transit_tube_pod/pod,1,SAFE_EXISTING,Handler uses only station animation and forwards optional pod to completion; no pod dereference.,,Handler uses only station animation and forwards optional pod to completion; no pod dereference.,SOURCE_BODY_AND_DELEGATE_REVIEW,UNREVIEWED
code/game/objects/structures/transit_tubes.dm,167,obj/structure/transit_tube_pod/pod,1,FIXED_THIS_BRANCH,Handler now guards missing captured arguments while preserving existing surviving-owner cleanup; see current source and follow-up report.,,Completion guards missing pod while preserving pod_moving reset; arrival keeps automatic relaunch current lookup.,SOURCE_BODY_AND_DELEGATE_REVIEW,UNREVIEWED
code/game/objects/structures/watercloset.dm,353,atom/movable/flushed | list/pick_list,1,SAFE_EXISTING,Only list removal/length/scheduling; no flushed member read; real caller supplies list.,,Only list removal/length/scheduling; no flushed member read; real caller supplies list.,SOURCE_BODY_AND_DELEGATE_REVIEW,UNREVIEWED
code/game/objects/structures/watercloset.dm,365,atom/movable/flushed | flush_completed,2,FIXED_THIS_BRANCH,Handler now guards missing captured arguments while preserving existing surviving-owner cleanup; see current source and follow-up report.,,Guard only flushed member/transfer; preserve send/refill tail.,SOURCE_BODY_AND_DELEGATE_REVIEW,UNREVIEWED
code/game/objects/structures/watercloset.dm,348,atom/movable/flushed | list/pick_list,1,EXCLUDED_DRAW,Actual begin_flush SpinAnimation handler; draw edits explicitly excluded.,,Actual begin_flush SpinAnimation handler; draw edits explicitly excluded.,SOURCE_BODY_AND_DELEGATE_REVIEW,UNREVIEWED
code/game/objects/structures/props/machines.dm,704,obj/effect/overlay/ovrl | icon_state | flicked | get_out_time,2,EXCLUDED_DRAW,Actual handler modifies appearance/overlay/filter/light or appearance UI; draw/update forms explicitly excluded.,,Actual handler modifies appearance/overlay/filter/light or appearance UI; draw/update forms explicitly excluded.,SOURCE_BODY_AND_DELEGATE_REVIEW,UNREVIEWED
code/game/objects/structures/stool_bed_chair_nest/alien_nests.dm,36,mob/user | mob/living/buckled_mob,1,SAFE_CALLER_ALIAS_PROOF,Only timer producer in branch user==buckled_mob; both captured references alias. Deleted mob fails user?.buckled_to before any target read.,,Only timer producer in branch user==buckled_mob; both captured references alias. Deleted mob fails user?.buckled_to before any target read.,SOURCE_BODY_AND_DELEGATE_REVIEW,UNREVIEWED
code/game/objects/items/devices/aicard.dm,184,mob/living/silicon/ai/our_ai | power_lost,1,SAFE_EXISTING,wipe_ai_tick guards missing/dead AI and clears flush; failed repeat also clears flush.,,wipe_ai_tick guards missing/dead AI and clears flush; failed repeat also clears flush.,SOURCE_BODY_AND_DELEGATE_REVIEW,UNREVIEWED
code/game/objects/items/devices/flashlight.dm,291,"amount = rand(10, 20) | flicker_color | original_color | original_on | datum/overlay_lighting/OL | ticker",1,EXCLUDED_DRAW,Actual handler modifies appearance/overlay/filter/light or appearance UI; draw/update forms explicitly excluded.,,Actual handler modifies appearance/overlay/filter/light or appearance UI; draw/update forms explicitly excluded.,SOURCE_BODY_AND_DELEGATE_REVIEW,UNREVIEWED
code/game/objects/items/devices/geiger.dm,150,atom/target | mob/user,1,SAFE_EXISTING,Generated act_geiger_scan->act_wanted null/QDELETED holder returnsACT_PASS; act_cancel handlesACT_PASS; typed living guard and icon2html null recipient return.,,Generated act_geiger_scan->act_wanted null/QDELETED holder returnsACT_PASS; act_cancel handlesACT_PASS; typed living guard and icon2html null recipient return.,SOURCE_BODY_AND_DELEGATE_REVIEW,UNREVIEWED
code/game/objects/items/devices/traitordevices.dm,60,mob/living/carbon/human/M,1,FIXED_THIS_BRANCH,Missing M skips target-only batterer effects; deterministic damaging-branch timer regression verifies the guard.,,Missing M skips target-only batterer effects; deterministic damaging-branch timer regression verifies the guard.,SOURCE_BODY_REVIEW_AND_LANDED_FIX,UNREVIEWED
code/game/objects/items/devices/vacpack.dm,294,atom/movable/target | mob/user | turf/target_turf,1,FIXED_THIS_BRANCH,Handler now guards missing captured arguments while preserving existing surviving-owner cleanup; see current source and follow-up report.,,Root applied handler-only missing-payload guard; existing cleanup/ownership/timer tails remain; focused boundary drafts c4-eight-cleanup-boundaries.queued.dm.,SOURCE_BODY_AND_DELEGATE_REVIEW,UNREVIEWED
code/game/objects/items/devices/vacpack.dm,309,atom/movable/target | mob/user | auto_setting | turf/target_turf,3,FIXED_THIS_BRANCH,Handler now guards missing captured arguments while preserving existing surviving-owner cleanup; see current source and follow-up report.,,Root applied handler-only missing-payload guard; existing cleanup/ownership/timer tails remain; focused boundary drafts c4-eight-cleanup-boundaries.queued.dm.,SOURCE_BODY_AND_DELEGATE_REVIEW,UNREVIEWED
code/game/objects/items/toys/mech_toys.dm,206,mob/living/carbon/user,1,SAFE_EXISTING,withdraw_offer clears wants_to_battle before optional user message.,,withdraw_offer clears wants_to_battle before optional user message.,SOURCE_BODY_AND_DELEGATE_REVIEW,UNREVIEWED
code/game/objects/items/toys/mech_toys.dm,252,obj/item/toy/mecha/attacker | mob/living/carbon/attacker_controller | mob/living/carbon/opponent | battle_length,2,FIXED_THIS_BRANCH,Handler now guards missing captured arguments while preserving existing surviving-owner cleanup; see current source and follow-up report.,,Missing attacker health read in round/exchange; guarded end must reset survivor without invented win/loss.,SOURCE_BODY_AND_DELEGATE_REVIEW,UNREVIEWED
code/game/objects/items/toys/mech_toys.dm,259,obj/item/toy/mecha/attacker | mob/living/carbon/attacker_controller | mob/living/carbon/opponent | battle_length,1,FIXED_THIS_BRANCH,Handler now guards missing captured arguments while preserving existing surviving-owner cleanup; see current source and follow-up report.,,Missing attacker health read in round/exchange; guarded end must reset survivor without invented win/loss.,SOURCE_BODY_AND_DELEGATE_REVIEW,UNREVIEWED
code/modules/mob/mob_helpers.dm,354,mob/M | duration | strength=1,1,ALREADY_SAFE_DRAW,Initial !M || !M.client guard; shake draw scope excluded.,,,EXPLICIT_BODY_DISPOSITION,ALREADY_SAFE_DRAW
code/game/objects/items/weapons/autopsy.dm,165,mob/usr_mob | scan_data,1,FIXED_THIS_BRANCH,Missing printing user is checked before its location or new paper is accessed; no owner cleanup exists in this handler.,,Missing printing user is checked before its location or new paper is accessed; no owner cleanup exists in this handler.,SOURCE_BODY_REVIEW_AND_LANDED_FIX,UNREVIEWED
code/game/objects/items/weapons/capture_crystal.dm,495,mob/living/user | target,2,EXCLUDED_DRAW,Actual handler modifies appearance/overlay/filter/light or appearance UI; draw/update forms explicitly excluded.,,Actual handler modifies appearance/overlay/filter/light or appearance UI; draw/update forms explicitly excluded.,SOURCE_BODY_AND_DELEGATE_REVIEW,UNREVIEWED
code/game/objects/items/weapons/capture_crystal.dm,592,mob/living/user | atom/target,1,EXCLUDED_DRAW,Actual handler modifies appearance/overlay/filter/light or appearance UI; draw/update forms explicitly excluded.,,Actual handler modifies appearance/overlay/filter/light or appearance UI; draw/update forms explicitly excluded.,SOURCE_BODY_AND_DELEGATE_REVIEW,UNREVIEWED
code/game/objects/items/weapons/extinguisher.dm,93,mob/user | movementdirection | propelled,1,FIXED_THIS_BRANCH,Handler now guards missing captured arguments while preserving existing surviving-owner cleanup; see current source and follow-up report.,,Missing user checked AFTER current chair propelled countdown write; subsequent recoil steps still expire countdown.,SOURCE_BODY_AND_DELEGATE_REVIEW,HOLD_BUILTIN_MOVEMENT_NULL
code/game/objects/items/weapons/RPD.dm,344,obj/P | outline,1,EXCLUDED_DRAW,Actual handler modifies appearance/overlay/filter/light or appearance UI; draw/update forms explicitly excluded.,,Actual handler modifies appearance/overlay/filter/light or appearance UI; draw/update forms explicitly excluded.,SOURCE_BODY_AND_DELEGATE_REVIEW,UNREVIEWED
code/game/objects/items/weapons/RPD.dm,353,obj/P,1,EXCLUDED_DRAW,Actual handler modifies appearance/overlay/filter/light or appearance UI; draw/update forms explicitly excluded.,,Actual handler modifies appearance/overlay/filter/light or appearance UI; draw/update forms explicitly excluded.,SOURCE_BODY_AND_DELEGATE_REVIEW,UNREVIEWED
code/game/objects/items/weapons/grenades/grenade.dm,111,datum/effect/effect/system/spraying | duration | start_data,1,EXCLUDED_FINITE_REPEAT,effect_spraying missing effect start dereference; repeat must preserve final spent(src). Item periodic/ownership finalization track excluded; do not early-return and leak grenade.,,effect_spraying missing effect start dereference; repeat must preserve final spent(src). Item periodic/ownership finalization track excluded; do not early-return and leak grenade.,SOURCE_BODY_AND_DELEGATE_REVIEW,UNREVIEWED
code/game/objects/items/weapons/implants/implantcase.dm,322,obj/item/reagent_containers/syringe/I | mob/user,1,FIXED_THIS_BRANCH,Previously landed handler guard protects the absent independent argument and preserves its existing cleanup; see current source and Task 4 fixes in the report.,,Body inspected; retained pending exact transitive/cleanup and scope proof; not certified safe,SOURCE_BODY_REVIEW_AND_LANDED_FIX,UNREVIEWED
code/game/objects/items/weapons/storage/secure.dm,156,mob/user | feedback,1,SAFE_EXISTING,Always clears sparking/unlocks then optional to_chat actor; no actor member read.,,Always clears sparking/unlocks then optional to_chat actor; no actor member read.,SOURCE_BODY_AND_DELEGATE_REVIEW,UNREVIEWED
code/game/objects/items/devices/communicator/phone.dm,51,mob/user | obj/item/communicator/comm | stage,4,EXCLUDED_UI_FLOW,Actual handler advances UI/multistage communication/admin dialog/continuation pipeline; full actor closure exceeds permitted handler guard scope.,,Actual handler advances UI/multistage communication/admin dialog/continuation pipeline; full actor closure exceeds permitted handler guard scope.,SOURCE_BODY_AND_DELEGATE_REVIEW,UNREVIEWED
code/game/objects/items/devices/communicator/phone.dm,105,mob/user | mob/living/voice/new_voice | atom/movable/screen/blackness | candidate_name | stage,4,EXCLUDED_UI_FLOW,Actual handler advances UI/multistage communication/admin dialog/continuation pipeline; full actor closure exceeds permitted handler guard scope.,,Actual handler advances UI/multistage communication/admin dialog/continuation pipeline; full actor closure exceeds permitted handler guard scope.,SOURCE_BODY_AND_DELEGATE_REVIEW,UNREVIEWED
code/game/objects/items/devices/communicator/phone.dm,381,mob/user | obj/item/communicator/comm,1,EXCLUDED_UI_FLOW,Actual handler advances UI/multistage communication/admin dialog/continuation pipeline; full actor closure exceeds permitted handler guard scope.,,Actual handler advances UI/multistage communication/admin dialog/continuation pipeline; full actor closure exceeds permitted handler guard scope.,SOURCE_BODY_AND_DELEGATE_REVIEW,UNREVIEWED
code/datums/sparse_vars/movable_misc.dm,114,atom/movable/am | v,1,SAFE_OWNER_ALIGNED,Sole electropack timer has owner=M and captured M. Timer owner gate prevents null am at callback; v is FALSE scalar.,,Sole electropack timer has owner=M and captured M. Timer owner gate prevents null am at callback; v is FALSE scalar.,SOURCE_BODY_AND_DELEGATE_REVIEW,OWNER_PROTECTED
code/game/objects/effects/anomalies/anomalies_dust.dm,70,mob/living/coughing,1,FIXED_THIS_BRANCH,Missing independent coughing mob skips only target cough; the anomaly owner survives the actual timer delivery.,,Missing independent coughing mob skips only target cough; the anomaly owner survives the actual timer delivery.,SOURCE_BODY_REVIEW_AND_LANDED_FIX,UNREVIEWED
code/modules/power/tesla/energy_ball.dm,173,atom/source | zap_range = 3 | power | explosive = FALSE | stun_mobs = TRUE | current_jumps,2,SAFE_EXISTING_GUARD_OWNER_ALIGNED_POWER_PROPAGATION,"Starts !source before source.dir. Both delayed anomaly callers own and capture same source. Existing recursive power propagation/tesla_act effects explicitly excluded, not inferred unsafe because file power.",,"Starts !source before source.dir. Both delayed anomaly callers own and capture same source. Existing recursive power propagation/tesla_act effects explicitly excluded, not inferred unsafe because file power.",SOURCE_BODY_AND_DELEGATE_REVIEW,EXEMPT_CLAIMED
code/game/objects/effects/chem/chemsmoke.dm,199,atom/A | frames = 16,1,EXCLUDED_DRAW,Actual handler modifies appearance/overlay/filter/light or appearance UI; draw/update forms explicitly excluded.,,Actual handler modifies appearance/overlay/filter/light or appearance UI; draw/update forms explicitly excluded.,SOURCE_BODY_AND_DELEGATE_REVIEW,UNREVIEWED
code/game/objects/effects/prop/columnblast.dm,26,turf/Target,1,SAFE_EXISTING,Base eruption only flicks owner; concrete Target consumers guard Target before use.,,Base eruption only flicks owner; concrete Target consumers guard Target before use.,SOURCE_BODY_AND_DELEGATE_REVIEW,UNREVIEWED
code/game/mecha/equipment/tools/catapult.dm,17,atom/movable/A | atom/target | left,1,FIXED_THIS_BRANCH,Handler now guards missing captured arguments while preserving existing surviving-owner cleanup; see current source and follow-up report.,,Missing pushed atom or target stops before step/rearm; no owner cleanup exists,SOURCE_BODY_AND_DELEGATE_REVIEW,UNREVIEWED
code/game/mecha/equipment/tools/passenger.dm,76,mob/living/carbon/occupant,1,EXCLUDED_MACHINE_PIPELINE_CANCELLATION_POLICY,"Null captured occupant equals empty current slot and unlocks empty hatch; no direct actor dereference, passenger_disembark optional chat then go_out. Requires intentional cancellation policy, not runtime guard proof.",,"Null captured occupant equals empty current slot and unlocks empty hatch; no direct actor dereference, passenger_disembark optional chat then go_out. Requires intentional cancellation policy, not runtime guard proof.",SOURCE_BODY_AND_DELEGATE_REVIEW,UNREVIEWED
code/game/mecha/equipment/tools/sleeper.dm,313,mob/living/carbon/human/occupant,1,SAFE_EXISTING,Current occupant equality then go_out delegates existing missing occupant guard; empty null equality causes harmless no-op.,,Current occupant equality then go_out delegates existing missing occupant guard; empty null equality causes harmless no-op.,SOURCE_BODY_AND_DELEGATE_REVIEW,UNREVIEWED
code/game/mecha/equipment/tools/syringe_gun.dm,531,turf/trg | steps_left,1,EXCLUDED_DRAW,Actual callback directly performs animations/filter/light/underlay/icon setup; fixing null case requires protected draw-handler completion policy.,,Actual callback directly performs animations/filter/light/underlay/icon setup; fixing null case requires protected draw-handler completion policy.,SOURCE_BODY_AND_DELEGATE_REVIEW,UNREVIEWED
code/game/mecha/equipment/weapons/weapons.dm,24,obj/item/projectile/P | atom/target | params,1,FIXED_THIS_BRANCH,Handler now guards missing captured arguments while preserving existing surviving-owner cleanup; see current source and follow-up report.,,"Concrete handler guard draft supplied; preserve capsule single random/reset tail, delayed image spent before actor/core guard, and pending mecha projectile spent on missing pilot/chassis. See final closure audit.",SOURCE_BODY_AND_DELEGATE_REVIEW,UNREVIEWED
code/game/machinery/computer/arcade.dm,201,mob/user | enemy_damage | mp_cost | heal,3,EXCLUDED_REQUIRED_NONHANDLER_DELEGATE,battle_resolve must preserve game changes+arcade_action; actual delegate user.gib loss faults. Fix requires non-timer delegate edit forbidden handler-only scope; no actor substitution/head-return.,,battle_resolve must preserve game changes+arcade_action; actual delegate user.gib loss faults. Fix requires non-timer delegate edit forbidden handler-only scope; no actor substitution/head-return.,SOURCE_BODY_AND_DELEGATE_REVIEW,UNREVIEWED
code/game/machinery/computer/arcade.dm,402,mob/living/L | hits,2,SAFE_EXISTING,"Typed L guard before injury, optional to_chat; no direct actor member read.",,"Typed L guard before injury, optional to_chat; no direct actor member read.",SOURCE_BODY_AND_DELEGATE_REVIEW,UNREVIEWED
code/game/machinery/computer/cloning.dm,533,mob/living/carbon/human/scanner_occupant,1,SAFE_EXISTING_ARGUMENT_PATH,"delayed_scan forwards optional subject into scan_mob whose subject-null check precedes subject fields; loading clears afterwards. Independent missing current scanner hardware can fault before subject gate, separate owner-field issue.",,"delayed_scan forwards optional subject into scan_mob whose subject-null check precedes subject fields; loading clears afterwards. Independent missing current scanner hardware can fault before subject gate, separate owner-field issue.",SOURCE_BODY_AND_DELEGATE_REVIEW,UNREVIEWED
code/game/machinery/computer/message.dm,455,mob/user,1,SAFE_EXISTING,brute_force_done checks linked_server&&user before BruteForce.,,brute_force_done checks linked_server&&user before BruteForce.,SOURCE_BODY_AND_DELEGATE_REVIEW,UNREVIEWED
code/game/machinery/computer/specops_shuttle.dm,147,list/message_tracker | obj/item/radio/intercom/announcer | done_proc | mob/user,1,EXCLUDED_UI_FLOW,Actual handler advances UI/multistage communication/admin dialog/continuation pipeline; full actor closure exceeds permitted handler guard scope.,,Actual handler advances UI/multistage communication/admin dialog/continuation pipeline; full actor closure exceeds permitted handler guard scope.,SOURCE_BODY_AND_DELEGATE_REVIEW,UNREVIEWED
code/game/machinery/suit_storage/suit_cycler.dm,544,mob/user,1,EXCLUDED_MACHINE_WORK,Repair/paint completion pipeline excluded; finished_job does not use actor and must still reset machine.,,Repair/paint completion pipeline excluded; finished_job does not use actor and must still reset machine.,SOURCE_BODY_AND_DELEGATE_REVIEW,UNREVIEWED
code/game/machinery/suit_storage/suit_cycler.dm,548,mob/user,1,EXCLUDED_MACHINE_WORK,Repair/paint completion pipeline excluded; finished_job does not use actor and must still reset machine.,,Repair/paint completion pipeline excluded; finished_job does not use actor and must still reset machine.,SOURCE_BODY_AND_DELEGATE_REVIEW,UNREVIEWED
code/game/machinery/telecomms/broadcaster.dm,55,datum/signal/signal,1,EXCLUDED_PIPELINE,Delayed signal forwarding/broadcast pipeline directly owns signal handling; explicit pipeline exclusion.,,Delayed signal forwarding/broadcast pipeline directly owns signal handling; explicit pipeline exclusion.,SOURCE_BODY_AND_DELEGATE_REVIEW,UNREVIEWED
code/game/machinery/telecomms/broadcaster.dm,172,datum/signal/signal,2,EXCLUDED_PIPELINE,Delayed signal forwarding/broadcast pipeline directly owns signal handling; explicit pipeline exclusion.,,Delayed signal forwarding/broadcast pipeline directly owns signal handling; explicit pipeline exclusion.,SOURCE_BODY_AND_DELEGATE_REVIEW,UNREVIEWED
code/game/machinery/telecomms/broadcaster.dm,226,datum/signal/signal,1,EXCLUDED_PIPELINE,Delayed signal forwarding/broadcast pipeline directly owns signal handling; explicit pipeline exclusion.,,Delayed signal forwarding/broadcast pipeline directly owns signal handling; explicit pipeline exclusion.,SOURCE_BODY_AND_DELEGATE_REVIEW,UNREVIEWED
code/game/gamemodes/cult/runes.dm,126,mob/attacker | mob/living/carbon/target | list/waiting_for_input | initial_message,1,EXCLUDED_PROMPT_OWNERSHIP_CHAIN,Conversion request replay + converting relation removal; missing-target abort requires forbidden ownership site or prompt-chain alteration.,,Conversion request replay + converting relation removal; missing-target abort requires forbidden ownership site or prompt-chain alteration.,SOURCE_BODY_AND_DELEGATE_REVIEW,UNREVIEWED
code/game/gamemodes/cult/runes.dm,290,mob/living/user,2,SAFE_OWNER_ALIAS_PROOF,All timer producers owner=user/L and captured same user/L; deletion tears down rec timer before argument can independently disappear. Existing callback reads only same actor and current own organ lists.,,All timer producers owner=user/L and captured same user/L; deletion tears down rec timer before argument can independently disappear. Existing callback reads only same actor and current own organ lists.,SOURCE_BODY_AND_DELEGATE_REVIEW,UNREVIEWED
code/game/gamemodes/cult/runes.dm,298,mob/living/user | drain,2,SAFE_OWNER_ALIAS_PROOF,All timer producers owner=user/L and captured same user/L; deletion tears down rec timer before argument can independently disappear. Existing callback reads only same actor and current own organ lists.,,All timer producers owner=user/L and captured same user/L; deletion tears down rec timer before argument can independently disappear. Existing callback reads only same actor and current own organ lists.,SOURCE_BODY_AND_DELEGATE_REVIEW,UNREVIEWED
code/game/gamemodes/cult/runes.dm,399,mob/living/user | mob/living/carbon/human/corpse_to_raise | mob/living/carbon/human/body_to_sacrifice,1,FIXED_THIS_BRANCH,Handler now guards missing captured arguments while preserving existing surviving-owner cleanup; see current source and follow-up report.,,"Guard caster/corpse/sacrifice before revival, no reserved owner state; normal log/effect tail unchanged.",SOURCE_BODY_AND_DELEGATE_REVIEW,UNREVIEWED
code/game/gamemodes/cult/runes.dm,467,mob/living/carbon/human/L,1,SAFE_OWNER_ALIAS_PROOF,All timer producers owner=user/L and captured same user/L; deletion tears down rec timer before argument can independently disappear. Existing callback reads only same actor and current own organ lists.,,All timer producers owner=user/L and captured same user/L; deletion tears down rec timer before argument can independently disappear. Existing callback reads only same actor and current own organ lists.,SOURCE_BODY_AND_DELEGATE_REVIEW,UNREVIEWED
code/game/gamemodes/cult/runes.dm,653,mob/living/user,2,SAFE_EXISTING,Optional user.stat wait; missing caster still restores global runedec exactly.,,Optional user.stat wait; missing caster still restores global runedec exactly.,SOURCE_BODY_AND_DELEGATE_REVIEW,UNREVIEWED
code/game/gamemodes/events/wormholes.dm,76,turf/enter as turf | atom/exit | min_duration = 30 SECONDS | max_duration = 60 SECONDS,1,EXCLUDED_DRAW,Actual callback directly performs animations/filter/light/underlay/icon setup; fixing null case requires protected draw-handler completion policy.,,Actual callback directly performs animations/filter/light/underlay/icon setup; fixing null case requires protected draw-handler completion policy.,SOURCE_BODY_AND_DELEGATE_REVIEW,UNREVIEWED
code/game/gamemodes/technomancer/devices/tesla_armor.dm,82,mob/user,1,SAFE_EXISTING,"recharge_ready sets owner readiness and calls owner update_icon; captured user only optional message, no dereference.",,"recharge_ready sets owner readiness and calls owner update_icon; captured user only optional message, no dereference.",SOURCE_BODY_AND_DELEGATE_REVIEW,UNREVIEWED
code/game/gamemodes/technomancer/spells/apportation.dm,56,mob/living/user | mob/living/L,1,FIXED_THIS_BRANCH,Handler now guards missing captured arguments while preserving existing surviving-owner cleanup; see current source and follow-up report.,,Root applied handler-only missing-payload guard; existing cleanup/ownership/timer tails remain; focused boundary drafts c4-eight-cleanup-boundaries.queued.dm.,SOURCE_BODY_AND_DELEGATE_REVIEW,UNREVIEWED
code/game/gamemodes/technomancer/spells/energy_siphon.dm,158,mob/user | atom/source | left = 7,1,EXCLUDED_ITEM_REPEAT,Seven-bolt rearming item periodic and power conversion track explicitly reserved; no generic handler migration.,,Seven-bolt rearming item periodic and power conversion track explicitly reserved; no generic handler migration.,SOURCE_BODY_AND_DELEGATE_REVIEW,UNREVIEWED
code/game/gamemodes/technomancer/spells/mark_recall.dm,114,mob/living/user | datum/technomancer_marker/marker | time_left | light_intensity,1,EXCLUDED_DRAW,Actual callback directly performs animations/filter/light/underlay/icon setup; fixing null case requires protected draw-handler completion policy.,,Actual callback directly performs animations/filter/light/underlay/icon setup; fixing null case requires protected draw-handler completion policy.,SOURCE_BODY_AND_DELEGATE_REVIEW,UNREVIEWED
code/game/gamemodes/technomancer/spells/passwall.dm,62,mob/living/user | atom/hit_atom | turf/our_turf | turf/found_turf | total_cost,1,FIXED_THIS_BRANCH,Handler now guards missing captured arguments while preserving existing surviving-owner cleanup; see current source and follow-up report.,,Root applied handler-only missing-payload guard; existing cleanup/ownership/timer tails remain; focused boundary drafts c4-eight-cleanup-boundaries.queued.dm.,SOURCE_BODY_AND_DELEGATE_REVIEW,UNREVIEWED
code/game/gamemodes/technomancer/spells/resurrect.dm,52,mob/living/carbon/human/H | mob/living/user,1,FIXED_THIS_BRANCH,Handler now guards missing captured arguments while preserving existing surviving-owner cleanup; see current source and follow-up report.,,"Concrete one-shot actor guard draft supplied; cliff no owner cleanup, resurrection preserves existing failure+instability tail.",SOURCE_BODY_AND_DELEGATE_REVIEW,UNREVIEWED
code/game/gamemodes/technomancer/spells/projectile/projectile.dm,46,atom/hit_atom | mob/living/user | image/target_image,1,FIXED_THIS_BRANCH,Handler now guards missing captured arguments while preserving existing surviving-owner cleanup; see current source and follow-up report.,,"Concrete handler guard draft supplied; preserve capsule single random/reset tail, delayed image spent before actor/core guard, and pending mecha projectile spent on missing pilot/chassis. See final closure audit.",SOURCE_BODY_AND_DELEGATE_REVIEW,UNREVIEWED
code/game/gamemodes/technomancer/spells/summon/summon.dm,22,obj/effect/E | turf/T | mob/living/user,1,EXCLUDED_DRAW,Actual callback directly performs animations/filter/light/underlay/icon setup; fixing null case requires protected draw-handler completion policy.,,Actual callback directly performs animations/filter/light/underlay/icon setup; fixing null case requires protected draw-handler completion policy.,SOURCE_BODY_AND_DELEGATE_REVIEW,UNREVIEWED
code/game/gamemodes/malfunction/newmalf_ability_trees/HARDWARE.dm,42,mob/living/silicon/ai/user | timer,2,EXCLUDED_POWER_SYSTEM,APC/radio/AI hacking completion subsystem; source review finds missing-user final write but power pipeline/system scope excluded.,,APC/radio/AI hacking completion subsystem; source review finds missing-user final write but power pipeline/system scope excluded.,SOURCE_BODY_AND_DELEGATE_REVIEW,UNREVIEWED
code/game/gamemodes/malfunction/newmalf_ability_trees/HARDWARE.dm,107,mob/living/silicon/ai/user | obj/item/radio/radio | timer,2,EXCLUDED_POWER_SYSTEM,APC/radio/AI hacking completion subsystem; source review finds missing-user final write but power pipeline/system scope excluded.,,APC/radio/AI hacking completion subsystem; source review finds missing-user final write but power pipeline/system scope excluded.,SOURCE_BODY_AND_DELEGATE_REVIEW,UNREVIEWED
code/game/gamemodes/malfunction/newmalf_ability_trees/tree_interdiction.dm,124,mob/living/silicon/ai/user | mob/living/silicon/robot/target,1,EXCLUDED_POWER_SYSTEM,APC/radio/AI hacking completion subsystem; source review finds missing-user final write but power pipeline/system scope excluded.,,APC/radio/AI hacking completion subsystem; source review finds missing-user final write but power pipeline/system scope excluded.,SOURCE_BODY_AND_DELEGATE_REVIEW,UNREVIEWED
code/game/gamemodes/malfunction/newmalf_ability_trees/tree_networking.dm,74,mob/living/silicon/ai/user | apc_ref,1,EXCLUDED_POWER_SYSTEM,APC/radio/AI hacking completion subsystem; source review finds missing-user final write but power pipeline/system scope excluded.,,APC/radio/AI hacking completion subsystem; source review finds missing-user final write but power pipeline/system scope excluded.,SOURCE_BODY_AND_DELEGATE_REVIEW,UNREVIEWED
code/game/gamemodes/malfunction/newmalf_ability_trees/tree_networking.dm,193,mob/living/silicon/ai/user | list/remaining_apcs,2,EXCLUDED_POWER_SYSTEM,APC/radio/AI hacking completion subsystem; source review finds missing-user final write but power pipeline/system scope excluded.,,APC/radio/AI hacking completion subsystem; source review finds missing-user final write but power pipeline/system scope excluded.,SOURCE_BODY_AND_DELEGATE_REVIEW,UNREVIEWED
code/game/gamemodes/malfunction/newmalf_ability_trees/tree_networking.dm,209,mob/living/silicon/ai/user,1,EXCLUDED_POWER_SYSTEM,APC/radio/AI hacking completion subsystem; source review finds missing-user final write but power pipeline/system scope excluded.,,APC/radio/AI hacking completion subsystem; source review finds missing-user final write but power pipeline/system scope excluded.,SOURCE_BODY_AND_DELEGATE_REVIEW,UNREVIEWED
code/game/gamemodes/changeling/state/powers/electric_lockpick.dm,49,obj/machinery/door/door | mob/living/user,1,FIXED_THIS_BRANCH,Previously landed handler guard protects the absent independent argument and preserves its existing cleanup; see current source and Task 4 fixes in the report.,,Body inspected; retained pending exact transitive/cleanup and scope proof; not certified safe,SOURCE_BODY_REVIEW_AND_LANDED_FIX,UNREVIEWED
code/game/gamemodes/changeling/state/powers/lesser_form.dm,97,atom/movable/overlay/animation | datum/dna/chosen_dna | list/implants,1,EXCLUDED_DRAW_TRANSFORM,"Actual completion disposes animation and rebuilds mob species/DNA/implants; missing DNA guard must precede irreversible transform while preserving animation cleanup, protected draw/transformation handler scope.",,"Actual completion disposes animation and rebuilds mob species/DNA/implants; missing DNA guard must precede irreversible transform while preserving animation cleanup, protected draw/transformation handler scope.",SOURCE_BODY_AND_DELEGATE_REVIEW,UNREVIEWED
code/game/antagonist/station/highlander.dm,68,was_delayed = FALSE | mob/user,1,EXCLUDED_UI_FLOW,Actual handler advances UI/multistage communication/admin dialog/continuation pipeline; full actor closure exceeds permitted handler guard scope.,,Actual handler advances UI/multistage communication/admin dialog/continuation pipeline; full actor closure exceeds permitted handler guard scope.,SOURCE_BODY_AND_DELEGATE_REVIEW,UNREVIEWED
code/engine/actions/after_init.dm,59,datum/holder | datum/centry/C | mapload,1,EXCLUDED_RESERVED_ACTION_ENGINE,Protected engine actions after-init execution; no handler edits authorized.,,Protected engine actions after-init execution; no handler edits authorized.,SOURCE_BODY_AND_DELEGATE_REVIEW,EXEMPT_CLAIMED
code/engine/actions/every.dm,70,datum/activation/A | datum/entry/E,1,EXCLUDED_RESERVED_ACTION_ENGINE,Protected engine actions periodic continuation; no handler edits authorized.,,Protected engine actions periodic continuation; no handler edits authorized.,SOURCE_BODY_AND_DELEGATE_REVIEW,EXEMPT_CLAIMED
code/engine/actions/every.dm,192,datum/holder | datum/centry/C | index,1,EXCLUDED_RESERVED_ACTION_ENGINE,Protected engine actions periodic continuation; no handler edits authorized.,,Protected engine actions periodic continuation; no handler edits authorized.,SOURCE_BODY_AND_DELEGATE_REVIEW,EXEMPT_CLAIMED
code/engine/declare/activation.dm,273,datum/activation/A,1,EXCLUDED_RESERVED_ACTIVATION_ENGINE,Protected engine activation expiry; existing null/dead activation guard precedes processing.,,Protected engine activation expiry; existing null/dead activation guard precedes processing.,SOURCE_BODY_AND_DELEGATE_REVIEW,EXEMPT_CLAIMED
code/engine/kernel/tasks.dm,440,datum/task/T,1,EXCLUDED_RESERVED_TASK_ENGINE,Protected engine task API; no omission disguised as nullable-body hold.,,Protected engine task API; no omission disguised as nullable-body hold.,SOURCE_BODY_AND_DELEGATE_REVIEW,EXEMPT_CLAIMED
code/engine/parts/run.dm,1147,datum/holder | datum/entry/part/delayed/D | held_name | target_name | actor_name | mob/actor,1,EXCLUDED_RESERVED_PARTS_ENGINE,Protected engine op/parts continuation API; no edits authorized.,,Protected engine op/parts continuation API; no edits authorized.,SOURCE_BODY_AND_DELEGATE_REVIEW,EXEMPT_CLAIMED
code/engine/stats/store.dm,359,datum/E | clock,1,EXCLUDED_RESERVED_STATS_ENGINE,Protected engine stats store callback; no edits authorized.,,Protected engine stats store callback; no edits authorized.,SOURCE_BODY_AND_DELEGATE_REVIEW,EXEMPT_CLAIMED
code/domains/atmos/area_air_device.dm,138,obj/machinery/holder,1,SAFE_OWNER_ALIGNED_ATMOS_REPORT,Sole area_air_status_soon timer owns and captures same holder. Owner-drop precedes cap/data reads; body then QDELETED/def/data guards. No atmos pipeline edit.,,Sole area_air_status_soon timer owns and captures same holder. Owner-drop precedes cap/data reads; body then QDELETED/def/data guards. No atmos pipeline edit.,SOURCE_BODY_AND_DELEGATE_REVIEW,EXCLUDED_ATMOS_OWNER_ALIGNED
code/datums/behaviours/bluespace_connection.dm,69,atom/exit_point | list/moving,1,SAFE_CAPTURE_NULL_TYPED_ITERATION,"exit_point QDELETED gate; nested timer captures resolve deleted moving entries to NULL (om_resolve_value), and BOTH typed movable foreach loops skip NULL. do_teleport itself is NOT NULL-safe: this is caller filtering proof only, not arbitrary reentrant virtual-hook guarantee.",,"exit_point QDELETED gate; nested timer captures resolve deleted moving entries to NULL (om_resolve_value), and BOTH typed movable foreach loops skip NULL. do_teleport itself is NOT NULL-safe: this is caller filtering proof only, not arbitrary reentrant virtual-hook guarantee.",SOURCE_BODY_AND_DELEGATE_REVIEW,ALREADY_GUARDED_WITH_LIST_GAP
code/_helpers/filters.dm,351,atom/in_atom | remove_duration = 0,1,EXCLUDED_DRAW_SAFE_GUARD,Actual filter animation cleanup checks QDELETED(in_atom) before filter access; update/draw scope explicitly excluded.,,Actual filter animation cleanup checks QDELETED(in_atom) before filter access; update/draw scope explicitly excluded.,SOURCE_BODY_AND_DELEGATE_REVIEW,SAFE_EXISTING_ARGUMENT_PATH
code/datums/capabilities/look.dm,524,atom/A | state | token | as_state,1,EXCLUDED_DRAW_SAFE_GUARD,Actual look_flash_end has QDELETED atom and state/token guards; draw capability handler excluded.,,Actual look_flash_end has QDELETED atom and state/token guards; draw capability handler excluded.,SOURCE_BODY_AND_DELEGATE_REVIEW,EXCLUDED_DRAW_SAFE_GUARD
code/datums/capabilities/refresh.dm,51,datum/D,2,EXCLUDED_PERIODIC_FRAMEWORK_SAFE_GUARD,QDELETED(D) or missing interval gate; periodic scheduler framework excluded.,,QDELETED(D) or missing interval gate; periodic scheduler framework excluded.,SOURCE_BODY_AND_DELEGATE_REVIEW,EXCLUDED_PERIODIC_FRAMEWORK
code/datums/capabilities/timed.dm,70,datum/D | var_name | token,1,EXCLUDED_TIMER_STORE_SAFE_GUARD,QDELETED(D) then pending/token gates before vars/write; reserved timed state store.,,QDELETED(D) then pending/token gates before vars/write; reserved timed state store.,SOURCE_BODY_AND_DELEGATE_REVIEW,EXCLUDED_TIMER_STORE_SAFE_GUARD
code/datums/reactions/state.dm,310,datum/target | what | source,1,EXCLUDED_GRANT_FRAMEWORK_SAFE_DIRECT_PATH,target && !QDELETED before legacy_revoke; nullable source not dereferenced there. Generic grant/revoke framework/ownership contract not editable task4 leaf.,,target && !QDELETED before legacy_revoke; nullable source not dereferenced there. Generic grant/revoke framework/ownership contract not editable task4 leaf.,SOURCE_BODY_AND_DELEGATE_REVIEW,ALREADY_SAFE_FRAMEWORK
code/datums/sys/expiry.dm,45,datum/D | var_name,1,SAFE_OWNER_ALIGNED_LIFECYCLE_DISPATCH,Timer owner/captured D identical; QDELETED plus optional declaration hook gate. Current scalar expiry read precedes virtual expiry hook; not a proof of every hook implementation.,,Timer owner/captured D identical; QDELETED plus optional declaration hook gate. Current scalar expiry read precedes virtual expiry hook; not a proof of every hook implementation.,SOURCE_BODY_AND_DELEGATE_REVIEW,ALREADY_SAFE_FRAMEWORK
code/datums/sys/periodic.dm,241,datum/E | proc_name,1,EXCLUDED_PERIODIC_FRAMEWORK_SAFE_GUARD,"QDELETED E, declaration/holds checks before virtual repeat; repeats and framework scheduler excluded.",,"QDELETED E, declaration/holds checks before virtual repeat; repeats and framework scheduler excluded.",SOURCE_BODY_AND_DELEGATE_REVIEW,ALREADY_SAFE_FRAMEWORK
code/datums/capabilities/library/smokable.dm,130,obj/item/I,2,EXCLUDED_ITEM_PERIODIC_SAFE_GUARD,QDELETED I and lit-cap gate before reagent work; item periodic handler explicitly excluded.,,QDELETED I and lit-cap gate before reagent work; item periodic handler explicitly excluded.,SOURCE_BODY_AND_DELEGATE_REVIEW,EXCLUDED_ITEM_PERIODIC_SAFE_GUARD
code/controllers/kernel/system.dm,333,datum/E | delta,1,EXCLUDED_MACHINE_PERIODIC_KERNEL,Periodic pipeline resume explicitly excluded kernel/process path; QDELETED and periodic_pipe guard existing.,,Periodic pipeline resume explicitly excluded kernel/process path; QDELETED and periodic_pipe guard existing.,SOURCE_BODY_AND_DELEGATE_REVIEW,EXCLUDED_FRAMEWORK
code/controllers/subsystems/job.dm,1076,client/target_client,3,SAFE_APPLIED_GUARD,Current !target_client || !ishuman(target_client.mob) gate protects independent client; then current human passed to backup API. No connected-client runtime claim.,,Current !target_client || !ishuman(target_client.mob) gate protects independent client; then current human passed to backup API. No connected-client runtime claim.,SOURCE_BODY_AND_DELEGATE_REVIEW,BUG_ALLOWED_HANDLER
code/controllers/subsystems/tgui.dm,345,client/client,2,EXCLUDED_UI_FRAMEWORK_SAFE_GUARD,Current !client || QDELETED guard then each absent window handled before members; actual browser prewarm framework excluded source edit.,,Current !client || QDELETED guard then each absent window handled before members; actual browser prewarm framework excluded source edit.,SOURCE_BODY_AND_DELEGATE_REVIEW,SAFE_EXISTING_GUARD
